selector,interface,coords,main_protein_location,occupancy,tempFactor,4yhx_A,2qoj,2ex5,1m5x,2fld_A,2fld_B,6bce_A,6bci,6bcn,4lox,5e5o,5e5s,5a74_A,5a74_B,5a77_B,5a78_A,3qqy,6bd0,6bda_A,6bdb,1g9y_B,1g9z_A,1g9z_B,1mow_A,1n3e_A,1n3e_G,1n3f_A,1t9i,1t9j_A,1u0c_A,1u0c_B,2i3p_A,2i3p_B,2i3q_A,2i3q_B,2vbj_A,2vbj_B,2vbl_B,2vbn_B,2vbo_A,4aab_A,4aab_B,4aaf_B,4aqu_A,4aqu_B,4aqx_A,4aqx_B,6fb0_A,6fb0_B,6fb5_A,6fb5_B,6fb8_A,sum_with_chain,sum,cons,cons_exp,sum_prot_ac
Protein_AC, , , , , ,0,1,2,3,3,3,4,4,4,5,5,5,6,6,6,6,7,7,7,7,8,8,8,8,8,8,8,8,8,8,8,8,8,8,8,8,8,8,8,8,8,8,8,8,8,8,8,8,8,8,8,8, , , , , 
Protein_AC, , , , , ,🦄,🐝,🦊,💚,💚,💚,💙,💙,💙,💛,💛,💛,💜,💜,💜,💜,🦋,🦋,🦋,🦋,🐕,🐕,🐕,🐕,🐕,🐕,🐕,🐕 ↑↑↑ ,🐕,🐕,🐕,🐕,🐕,🐕,🐕,🐕,🐕,🐕,🐕,🐕,🐕,🐕,🐕,🐕,🐕,🐕,🐕,🐕,🐕,🐕,🐕,🐕, , , , , 
Protein_AC, , , , , ,C7SQG1,P03880,P32761,C0JWR6,C0JWR6,C0JWR6,C7SWF3,C7SWF3,C7SWF3,F7WD42,F7WD42,F7WD42,P56347,P56347,P56347,P56347,Q4VWW5,Q4VWW5,Q4VWW5,Q4VWW5,P05725,P05725,P05725,P05725,P05725,P05725,P05725,P05725,P05725,P05725,P05725,P05725,P05725,P05725,P05725,P05725,P05725,P05725,P05725,P05725,P05725,P05725,P05725,P05725,P05725,P05725,P05725,P05725,P05725,P05725,P05725,P05725, , , , , 
/1t9i//D/HOH`1651/O,///D/HOH`1651/,"-4.053,34.623,45.72",1651,1,40.7,‎ ,‎ ,‎ ,‎ ,‎ ,‎ ,‎ ,‎ ,‎ ,‎ ,‎ ,‎ ,‎ ,‎ ,‎ ,‎ ,‎ ,‎ ,‎ ,‎ ,‎ ,153,931,2150,‎ ,‎ ,‎ ,1651,‎ ,‎ ,‎ ,66,44,‎ ,‎ ,‎ ,‎ ,2015,‎ ,‎ ,‎ ,‎ ,‎ ,‎ ,‎ ,‎ ,‎ ,‎ ,‎ ,‎ ,‎ ,‎ ,7,5,0.1282051282051282,5 / 39,1
/1t9i//D/HOH`1627/O,///D/HOH`1627/,"-2.149,35.877,40.263",1627,1,40.7,‎ ,‎ ,‎ ,‎ ,‎ ,‎ ,‎ ,‎ ,‎ ,‎ ,‎ ,‎ ,‎ ,‎ ,‎ ,‎ ,‎ ,‎ ,‎ ,‎ ,‎ ,‎ ,‎ ,2080,1103,1195,1080,1627,‎ ,‎ ,‎ ,‎ ,‎ ,‎ ,73,1009,1016,‎ ,‎ ,‎ ,‎ ,‎ ,‎ ,2040,2021,2037,2025,‎ ,‎ ,‎ ,‎ ,‎ ,12,8,0.20512820512820512,8 / 39,1
/1t9i//D/HOH`1568/O,///D/HOH`1568/,"-0.717,29.586,40.456",1568,1,24.92,561,‎ ,‎ ,‎ ,‎ ,‎ ,107,‎ ,‎ ,‎ ,‎ ,‎ ,‎ ,‎ ,‎ ,‎ ,‎ ,‎ ,‎ ,‎ ,84,223,543,2110,‎ ,‎ ,‎ ,1568,1124,‎ ,‎ ,105,122,‎ ,‎ ,‎ ,‎ ,‎ ,‎ ,2008,‎ ,‎ ,‎ ,‎ ,‎ ,‎ ,‎ ,‎ ,‎ ,‎ ,‎ ,‎ ,11,9,0.23076923076923078,9 / 39,3
/1t9i//D/HOH`1356/O,///D/HOH`1356/,"14.995,45.479,17.003",1356,1,30.0,‎ ,‎ ,‎ ,‎ ,‎ ,‎ ,‎ ,‎ ,‎ ,‎ ,‎ ,‎ ,‎ ,‎ ,‎ ,‎ ,‎ ,‎ ,‎ ,‎ ,117,337,929,‎ ,‎ ,‎ ,‎ ,1356,‎ ,‎ ,‎ ,‎ ,‎ ,‎ ,‎ ,1030,‎ ,2050,2036,2028,‎ ,‎ ,‎ ,‎ ,‎ ,‎ ,‎ ,‎ ,‎ ,714,‎ ,‎ ,9,8,0.20512820512820512,8 / 39,1
/1t9i//D/HOH`1215/O,///D/HOH`1215/,"0.139,39.813,45.567",1215,1,35.25,‎ ,‎ ,‎ ,‎ ,‎ ,‎ ,‎ ,‎ ,‎ ,‎ ,‎ ,‎ ,‎ ,‎ ,‎ ,‎ ,‎ ,‎ ,127,‎ ,167,267,923,‎ ,‎ ,‎ ,1112,1215,1168,‎ ,‎ ,218,‎ ,‎ ,88,1012,‎ ,‎ ,‎ ,‎ ,‎ ,‎ ,‎ ,‎ ,‎ ,‎ ,‎ ,‎ ,‎ ,‎ ,‎ ,613,11,10,0.2564102564102564,10 / 39,2
/1t9i//D/HOH`1147/O,///D/HOH`1147/,"12.611,37.1,19.081",1147,1,25.0,‎ ,‎ ,‎ ,‎ ,‎ ,‎ ,‎ ,‎ ,‎ ,‎ ,‎ ,‎ ,‎ ,‎ ,‎ ,‎ ,‎ ,‎ ,‎ ,‎ ,‎ ,‎ ,‎ ,‎ ,‎ ,‎ ,1437,1147,1065,‎ ,‎ ,‎ ,‎ ,‎ ,‎ ,1029,1046,2049,2032,2025,‎ ,‎ ,‎ ,‎ ,‎ ,‎ ,‎ ,‎ ,‎ ,‎ ,‎ ,‎ ,8,7,0.1794871794871795,7 / 39,1
/1t9i//D/HOH`1122/O,///D/HOH`1122/,"2.07,25.34,39.618",1122,1,21.9,‎ ,‎ ,‎ ,‎ ,‎ ,‎ ,‎ ,‎ ,‎ ,‎ ,‎ ,‎ ,‎ ,‎ ,‎ ,‎ ,‎ ,‎ ,‎ ,‎ ,812,161,914,2012,‎ ,‎ ,1304,1122,1093,630,25,176,58,‎ ,11,‎ ,‎ ,‎ ,‎ ,‎ ,2023,‎ ,2018,2020,2011,2018,2014,‎ ,‎ ,‎ ,‎ ,‎ ,18,13,0.3333333333333333,13 / 39,1
/1t9i//D/HOH`1105/O,///D/HOH`1105/,"1.91,35.169,41.178",1105,1,22.64,‎ ,‎ ,‎ ,‎ ,‎ ,‎ ,‎ ,‎ ,‎ ,‎ ,‎ ,‎ ,‎ ,‎ ,‎ ,‎ ,‎ ,‎ ,‎ ,‎ ,823,35,361,2064,1174,‎ ,1505,1105,1060,612,‎ ,57,85,62,49,1041,1061,2080,2009,‎ ,2030,‎ ,2025,2033,2017,2032,2022,‎ ,‎ ,‎ ,‎ ,604,24,18,0.46153846153846156,18 / 39,1
/1t9i//D/HOH`1058/O,///D/HOH`1058/,"-6.919,28.437,41.282",1058,1,21.21,‎ ,‎ ,‎ ,‎ ,‎ ,‎ ,‎ ,‎ ,‎ ,‎ ,‎ ,‎ ,‎ ,‎ ,‎ ,‎ ,‎ ,‎ ,103,‎ ,55,80,908,‎ ,‎ ,‎ ,1225,1058,1058,‎ ,‎ ,151,47,‎ ,38,1006,1068,2085,2007,2072,2033,‎ ,2030,‎ ,2022,2038,2027,‎ ,‎ ,‎ ,‎ ,‎ ,20,16,0.41025641025641024,16 / 39,2
/1t9i//D/HOH`1054/O,///D/HOH`1054/,"10.384,57.584,21.695",1054,1,14.02,‎ ,‎ ,‎ ,‎ ,‎ ,‎ ,‎ ,‎ ,‎ ,‎ ,‎ ,‎ ,‎ ,‎ ,‎ ,‎ ,‎ ,‎ ,‎ ,‎ ,‎ ,‎ ,‎ ,2297,‎ ,‎ ,‎ ,1054,‎ ,‎ ,‎ ,‎ ,138,‎ ,‎ ,‎ ,‎ ,‎ ,‎ ,‎ ,‎ ,‎ ,‎ ,‎ ,‎ ,‎ ,‎ ,‎ ,‎ ,‎ ,‎ ,‎ ,3,3,0.07692307692307693,3 / 39,1
/1t9i//D/HOH`1036/O,///D/HOH`1036/,"5.992,29.821,39.909",1036,1,17.4,‎ ,‎ ,‎ ,‎ ,‎ ,‎ ,‎ ,‎ ,‎ ,‎ ,‎ ,‎ ,‎ ,‎ ,‎ ,‎ ,‎ ,‎ ,‎ ,‎ ,815,27,359,2025,1046,1015,1201,1036,1179,‎ ,‎ ,‎ ,117,45,‎ ,‎ ,‎ ,‎ ,‎ ,‎ ,2016,2010,2014,2015,2008,2013,2011,‎ ,‎ ,‎ ,‎ ,‎ ,18,13,0.3333333333333333,13 / 39,1
/1t9i//D/HOH`1035/O,///D/HOH`1035/,"4.23,47.059,23.096",1035,1,14.19,‎ ,‎ ,‎ ,‎ ,‎ ,‎ ,‎ ,‎ ,‎ ,‎ ,‎ ,‎ ,‎ ,‎ ,‎ ,‎ ,‎ ,‎ ,‎ ,‎ ,‎ ,‎ ,‎ ,‎ ,‎ ,‎ ,‎ ,1035,‎ ,‎ ,‎ ,5,5,‎ ,‎ ,1055,1055,‎ ,‎ ,2035,‎ ,‎ ,‎ ,2003,2003,‎ ,‎ ,302,302,301,301,501,13,8,0.20512820512820512,8 / 39,1
/1t9i//D/HOH`1028/O,///D/HOH`1028/,"11.787,42.663,16.374",1028,1,16.04,‎ ,‎ ,‎ ,‎ ,‎ ,‎ ,‎ ,‎ ,‎ ,‎ ,‎ ,‎ ,‎ ,‎ ,‎ ,‎ ,‎ ,‎ ,‎ ,‎ ,96,173,904,‎ ,‎ ,‎ ,1109,1028,1021,26,‎ ,21,41,‎ ,‎ ,1032,1047,2047,2033,2029,‎ ,‎ ,‎ ,2020,‎ ,‎ ,2036,‎ ,‎ ,707,316,608,19,15,0.38461538461538464,15 / 39,1
/1t9i//C/HOH`1615/O,///C/HOH`1615/,"13.889,28.68,37.385",1615,1,40.7,‎ ,‎ ,‎ ,‎ ,‎ ,‎ ,‎ ,‎ ,‎ ,‎ ,‎ ,‎ ,‎ ,‎ ,‎ ,‎ ,‎ ,‎ ,‎ ,‎ ,‎ ,‎ ,‎ ,‎ ,‎ ,‎ ,1348,1615,‎ ,‎ ,‎ ,‎ ,‎ ,‎ ,‎ ,‎ ,‎ ,‎ ,‎ ,‎ ,‎ ,‎ ,‎ ,‎ ,‎ ,‎ ,‎ ,‎ ,‎ ,‎ ,‎ ,‎ ,2,2,0.05128205128205128,2 / 39,1
/1t9i//C/HOH`1613/O,///C/HOH`1613/,"13.334,51.014,30.734",1613,1,40.7,‎ ,‎ ,‎ ,‎ ,12,‎ ,‎ ,‎ ,‎ ,‎ ,‎ ,‎ ,‎ ,‎ ,‎ ,‎ ,‎ ,‎ ,‎ ,‎ ,872,929,337,‎ ,‎ ,‎ ,1373,1613,‎ ,‎ ,‎ ,‎ ,‎ ,‎ ,‎ ,1047,1030,‎ ,2025,2028,‎ ,‎ ,‎ ,‎ ,‎ ,‎ ,‎ ,‎ ,‎ ,‎ ,714,‎ ,11,9,0.23076923076923078,9 / 39,2
/1t9i//C/HOH`1293/O,///C/HOH`1293/,"11.51,56.608,30.765",1293,1,43.32,‎ ,‎ ,‎ ,‎ ,‎ ,‎ ,‎ ,‎ ,‎ ,‎ ,‎ ,‎ ,‎ ,‎ ,‎ ,‎ ,‎ ,‎ ,‎ ,‎ ,866,986,588,‎ ,‎ ,‎ ,‎ ,1293,‎ ,‎ ,‎ ,‎ ,‎ ,‎ ,‎ ,‎ ,‎ ,2032,2023,2030,‎ ,‎ ,‎ ,‎ ,‎ ,‎ ,‎ ,‎ ,‎ ,727,‎ ,‎ ,8,7,0.1794871794871795,7 / 39,1
/1t9i//C/HOH`1160/O,///C/HOH`1160/,"9.443,25.488,47.12",1160,1,28.22,‎ ,‎ ,‎ ,‎ ,‎ ,‎ ,‎ ,‎ ,‎ ,‎ ,‎ ,‎ ,‎ ,‎ ,‎ ,‎ ,‎ ,‎ ,‎ ,‎ ,836,254,135,2160,‎ ,‎ ,‎ ,1160,1115,‎ ,‎ ,184,136,167,‎ ,‎ ,‎ ,‎ ,‎ ,‎ ,‎ ,‎ ,2001,2017,‎ ,2014,‎ ,‎ ,‎ ,‎ ,709,‎ ,13,11,0.28205128205128205,11 / 39,1
/1t9i//C/HOH`1078/O,///C/HOH`1078/,"15.317,35.822,31.6",1078,1,16.8,‎ ,‎ ,‎ ,‎ ,‎ ,‎ ,139,‎ ,‎ ,‎ ,‎ ,‎ ,‎ ,‎ ,‎ ,‎ ,‎ ,‎ ,224,‎ ,814,‎ ,358,2296,‎ ,1198,1090,1078,1112,‎ ,‎ ,210,37,‎ ,32,1060,1044,2134,2007,2122,‎ ,‎ ,‎ ,2049,‎ ,2054,2041,‎ ,‎ ,726,711,‎ ,22,18,0.46153846153846156,18 / 39,3
/1t9i//C/HOH`1027/O,///C/HOH`1027/,"9.29,52.788,30.946",1027,1,17.01,‎ ,‎ ,‎ ,‎ ,‎ ,47,‎ ,‎ ,‎ ,‎ ,‎ ,‎ ,‎ ,‎ ,‎ ,‎ ,‎ ,‎ ,214,‎ ,804,904,173,‎ ,‎ ,‎ ,1254,1027,1101,‎ ,26,41,21,22,35,1047,1032,2031,2027,2029,2032,‎ ,‎ ,‎ ,2020,2036,‎ ,‎ ,‎ ,316,707,‎ ,23,18,0.46153846153846156,18 / 39,3
/1t9i//C/HOH`1023/O,///C/HOH`1023/,"10.83,27.239,31.348",1023,1,12.8,‎ ,‎ ,‎ ,‎ ,3,15,‎ ,‎ ,‎ ,‎ ,‎ ,‎ ,2012,2008,‎ ,‎ ,‎ ,‎ ,‎ ,‎ ,813,133,364,2059,1078,1162,1034,1023,1033,611,56,9,147,26,78,1083,1106,2138,2125,2130,2013,2008,‎ ,2013,‎ ,‎ ,2009,‎ ,‎ ,317,319,‎ ,30,20,0.5128205128205128,20 / 39,3
/1t9i//C/HOH`1014/O,///C/HOH`1014/,"12.586,34.579,26.926",1014,1,12.68,‎ ,‎ ,‎ ,‎ ,‎ ,‎ ,‎ ,‎ ,‎ ,‎ ,‎ ,‎ ,2073,‎ ,‎ ,‎ ,‎ ,‎ ,‎ ,‎ ,850,182,369,2068,1141,1119,1117,1014,1038,615,‎ ,164,76,‎ ,‎ ,1080,1102,2009,2119,2118,2043,‎ ,2041,2047,‎ ,2052,2039,‎ ,‎ ,721,325,‎ ,25,19,0.48717948717948717,19 / 39,2
/1t9i//C/HOH`1008/O,///C/HOH`1008/,"3.757,42.469,21.481",1008,1,10.94,‎ ,‎ ,‎ ,‎ ,‎ ,‎ ,‎ ,‎ ,‎ ,‎ ,‎ ,‎ ,‎ ,‎ ,‎ ,‎ ,‎ ,‎ ,‎ ,‎ ,‎ ,‎ ,‎ ,‎ ,‎ ,‎ ,‎ ,1008,1009,10,7,‎ ,‎ ,‎ ,‎ ,‎ ,‎ ,‎ ,‎ ,‎ ,‎ ,‎ ,‎ ,2002,2052,‎ ,‎ ,‎ ,‎ ,704,710,816,9,6,0.15384615384615385,6 / 39,1
/1t9i//C/HOH`1007/O,///C/HOH`1007/,"2.588,51.436,24.463",1007,1,11.84,‎ ,‎ ,‎ ,‎ ,‎ ,‎ ,‎ ,‎ ,‎ ,‎ ,‎ ,‎ ,‎ ,‎ ,‎ ,‎ ,‎ ,‎ ,‎ ,‎ ,‎ ,‎ ,‎ ,‎ ,‎ ,‎ ,‎ ,1007,1002,7,10,‎ ,‎ ,‎ ,‎ ,‎ ,‎ ,‎ ,‎ ,‎ ,‎ ,‎ ,‎ ,2052,2002,‎ ,‎ ,‎ ,‎ ,710,704,607,9,6,0.15384615384615385,6 / 39,1
/1t9i//C/HOH`1001/O,///C/HOH`1001/,"2.811,36.011,24.867",1001,1,9.48,115,‎ ,‎ ,‎ ,20,75,120,‎ ,‎ ,‎ ,‎ ,‎ ,2008,2005,‎ ,‎ ,‎ ,‎ ,213,‎ ,824,16,7,2240,1034,1002,1018,1001,1029,604,37,167,33,158,98,1059,1043,2008,2006,2041,2008,2003,2010,2006,2005,2007,2004,‎ ,‎ ,303,703,805,37,25,0.6410256410256411,25 / 39,6
/1t9i//B/HOH`1621/O,///B/HOH`1621/,"10.231,61.057,20.655",1621,1,40.7,‎ ,‎ ,‎ ,‎ ,‎ ,‎ ,‎ ,‎ ,‎ ,‎ ,‎ ,‎ ,‎ ,‎ ,‎ ,‎ ,‎ ,‎ ,‎ ,‎ ,‎ ,‎ ,‎ ,‎ ,‎ ,‎ ,1048,1621,‎ ,‎ ,‎ ,76,164,‎ ,‎ ,1102,1080,2100,2106,2041,‎ ,‎ ,‎ ,‎ ,‎ ,2039,2052,‎ ,‎ ,325,721,518,14,10,0.2564102564102564,10 / 39,1
/1t9i//B/HOH`1607/O,///B/HOH`1607/,"15.439,62.777,16.8",1607,1,27.18,‎ ,‎ ,‎ ,‎ ,‎ ,‎ ,‎ ,‎ ,‎ ,‎ ,‎ ,‎ ,‎ ,‎ ,‎ ,‎ ,‎ ,‎ ,‎ ,‎ ,190,234,‎ ,‎ ,‎ ,‎ ,‎ ,1607,‎ ,‎ ,‎ ,43,‎ ,‎ ,‎ ,‎ ,‎ ,‎ ,‎ ,‎ ,‎ ,‎ ,‎ ,‎ ,‎ ,‎ ,‎ ,‎ ,‎ ,‎ ,‎ ,‎ ,4,4,0.10256410256410256,4 / 39,1
/1t9i//B/HOH`1079/O,///B/HOH`1079/,"6.977,61.041,10.182",1079,1,15.69,‎ ,‎ ,‎ ,‎ ,‎ ,‎ ,‎ ,‎ ,‎ ,‎ ,‎ ,‎ ,‎ ,‎ ,‎ ,‎ ,‎ ,‎ ,‎ ,‎ ,810,357,‎ ,‎ ,1207,‎ ,1113,1079,‎ ,12,‎ ,8,34,‎ ,‎ ,‎ ,‎ ,‎ ,‎ ,‎ ,‎ ,2012,2009,2006,2009,‎ ,2010,‎ ,‎ ,‎ ,‎ ,‎ ,13,11,0.28205128205128205,11 / 39,1
/1t9i//B/HOH`1077/O,///B/HOH`1077/,"13.832,60.429,16.654",1077,1,20.51,‎ ,‎ ,‎ ,‎ ,‎ ,‎ ,‎ ,‎ ,‎ ,‎ ,‎ ,‎ ,‎ ,‎ ,‎ ,‎ ,‎ ,‎ ,‎ ,‎ ,‎ ,‎ ,‎ ,‎ ,‎ ,‎ ,‎ ,1077,‎ ,‎ ,‎ ,37,210,‎ ,‎ ,‎ ,‎ ,2009,2108,2042,‎ ,‎ ,2035,‎ ,‎ ,‎ ,‎ ,‎ ,‎ ,‎ ,‎ ,‎ ,7,6,0.15384615384615385,6 / 39,1
/1t9i//B/HOH`1072/O,///B/HOH`1072/,"4.562,53.692,24.792",1072,1,15.84,‎ ,‎ ,‎ ,‎ ,‎ ,‎ ,‎ ,‎ ,‎ ,‎ ,‎ ,‎ ,‎ ,‎ ,‎ ,‎ ,‎ ,‎ ,‎ ,‎ ,821,387,167,‎ ,1095,‎ ,1075,1072,‎ ,‎ ,‎ ,‎ ,‎ ,‎ ,‎ ,‎ ,‎ ,‎ ,‎ ,‎ ,‎ ,2041,‎ ,2023,2045,2038,2051,‎ ,‎ ,716,308,‎ ,13,9,0.23076923076923078,9 / 39,1
/1t9i//B/HOH`1057/O,///B/HOH`1057/,"11.442,59.003,19.438",1057,1,18.3,‎ ,‎ ,‎ ,‎ ,‎ ,‎ ,‎ ,‎ ,‎ ,‎ ,‎ ,‎ ,‎ ,‎ ,‎ ,‎ ,‎ ,‎ ,‎ ,‎ ,‎ ,‎ ,‎ ,‎ ,1096,‎ ,1053,1057,‎ ,‎ ,‎ ,‎ ,45,‎ ,‎ ,1041,1081,2103,2107,2102,‎ ,‎ ,‎ ,‎ ,‎ ,2040,2003,‎ ,‎ ,‎ ,‎ ,‎ ,11,9,0.23076923076923078,9 / 39,1
/1t9i//B/HOH`1049/O,///B/HOH`1049/,"4.797,52.505,16.942",1049,1,19.68,‎ ,‎ ,‎ ,‎ ,‎ ,‎ ,‎ ,‎ ,‎ ,‎ ,‎ ,‎ ,‎ ,‎ ,‎ ,‎ ,‎ ,‎ ,‎ ,‎ ,‎ ,‎ ,‎ ,‎ ,‎ ,‎ ,‎ ,1049,‎ ,‎ ,‎ ,‎ ,‎ ,6,159,1037,1028,2028,2035,2021,‎ ,‎ ,‎ ,2004,2004,2003,2005,‎ ,‎ ,‎ ,‎ ,‎ ,12,8,0.20512820512820512,8 / 39,1
/1t9i//B/HOH`1048/O,///B/HOH`1048/,"6.035,57.012,11.002",1048,1,16.2,‎ ,‎ ,‎ ,‎ ,‎ ,‎ ,‎ ,‎ ,‎ ,‎ ,‎ ,‎ ,‎ ,‎ ,‎ ,‎ ,‎ ,‎ ,‎ ,‎ ,79,366,22,‎ ,‎ ,‎ ,1127,1048,‎ ,‎ ,‎ ,20,173,‎ ,‎ ,‎ ,‎ ,‎ ,‎ ,‎ ,‎ ,‎ ,‎ ,2015,2027,2018,2022,‎ ,‎ ,‎ ,‎ ,512,12,8,0.20512820512820512,8 / 39,1
/1t9i//B/HOH`1032/O,///B/HOH`1032/,"7.68,54.051,12.398",1032,1,13.95,‎ ,‎ ,‎ ,‎ ,‎ ,‎ ,‎ ,‎ ,‎ ,‎ ,‎ ,‎ ,‎ ,‎ ,‎ ,‎ ,‎ ,‎ ,‎ ,‎ ,‎ ,‎ ,‎ ,‎ ,1021,1053,1033,1032,‎ ,‎ ,‎ ,46,197,‎ ,‎ ,‎ ,‎ ,‎ ,2006,2039,‎ ,2025,2015,2014,2028,2019,2021,‎ ,‎ ,‎ ,‎ ,‎ ,14,10,0.2564102564102564,10 / 39,1
/1t9i//B/HOH`1012/O,///B/HOH`1012/,"0.771,57.581,20.771",1012,1,11.26,‎ ,‎ ,‎ ,‎ ,‎ ,‎ ,‎ ,‎ ,‎ ,‎ ,‎ ,‎ ,‎ ,‎ ,‎ ,‎ ,‎ ,‎ ,‎ ,‎ ,‎ ,‎ ,‎ ,‎ ,‎ ,‎ ,‎ ,1012,‎ ,‎ ,‎ ,33,167,‎ ,‎ ,1043,1059,2092,2007,2038,2003,2008,2008,2005,2006,2004,2007,‎ ,‎ ,703,303,603,18,12,0.3076923076923077,12 / 39,1
/1t9i//B/HOH`1011/O,///B/HOH`1011/,"9.669,54.474,22.758",1011,1,13.34,‎ ,‎ ,‎ ,‎ ,‎ ,41,‎ ,‎ ,‎ ,‎ ,‎ ,‎ ,‎ ,‎ ,‎ ,‎ ,‎ ,‎ ,‎ ,‎ ,825,‎ ,‎ ,‎ ,‎ ,‎ ,‎ ,1011,‎ ,‎ ,‎ ,‎ ,‎ ,‎ ,‎ ,‎ ,‎ ,‎ ,‎ ,‎ ,‎ ,‎ ,‎ ,‎ ,‎ ,‎ ,‎ ,‎ ,‎ ,‎ ,‎ ,‎ ,3,3,0.07692307692307693,3 / 39,2
/1t9i//A/HOH`1572/O,///A/HOH`1572/,"1.344,28.097,39.759",1572,1,29.46,‎ ,‎ ,‎ ,‎ ,‎ ,‎ ,‎ ,‎ ,‎ ,‎ ,‎ ,‎ ,‎ ,‎ ,‎ ,‎ ,‎ ,‎ ,‎ ,‎ ,‎ ,205,404,2244,‎ ,‎ ,1480,1572,1090,‎ ,‎ ,169,‎ ,‎ ,‎ ,‎ ,‎ ,2037,‎ ,‎ ,2004,‎ ,‎ ,2021,‎ ,‎ ,‎ ,‎ ,‎ ,‎ ,‎ ,‎ ,10,9,0.23076923076923078,9 / 39,1
/1t9i//A/HOH`1518/O,///A/HOH`1518/,"-5.874,30.392,44.662",1518,1,44.42,‎ ,‎ ,‎ ,‎ ,‎ ,‎ ,‎ ,‎ ,‎ ,‎ ,‎ ,‎ ,‎ ,‎ ,‎ ,‎ ,‎ ,‎ ,‎ ,‎ ,‎ ,‎ ,957,‎ ,‎ ,‎ ,‎ ,1518,‎ ,‎ ,‎ ,90,‎ ,‎ ,111,‎ ,‎ ,‎ ,‎ ,‎ ,‎ ,‎ ,‎ ,‎ ,‎ ,‎ ,‎ ,‎ ,‎ ,‎ ,‎ ,‎ ,4,4,0.10256410256410256,4 / 39,1
/1t9i//A/HOH`1264/O,///A/HOH`1264/,"14.83,27.472,39.621",1264,1,27.34,‎ ,‎ ,‎ ,‎ ,‎ ,‎ ,‎ ,‎ ,‎ ,‎ ,‎ ,‎ ,‎ ,‎ ,‎ ,‎ ,‎ ,‎ ,‎ ,‎ ,857,123,412,2223,‎ ,‎ ,1273,1264,‎ ,‎ ,‎ ,‎ ,‎ ,‎ ,‎ ,‎ ,‎ ,‎ ,‎ ,‎ ,2017,2011,‎ ,2016,‎ ,‎ ,‎ ,‎ ,‎ ,‎ ,‎ ,‎ ,9,7,0.1794871794871795,7 / 39,1
/1t9i//A/HOH`1096/O,///A/HOH`1096/,"6.008,37.463,35.445",1096,1,18.16,‎ ,‎ ,‎ ,‎ ,‎ ,‎ ,‎ ,‎ ,‎ ,‎ ,‎ ,‎ ,‎ ,‎ ,‎ ,‎ ,‎ ,‎ ,‎ ,‎ ,807,22,366,2047,1131,1151,1059,1096,1050,‎ ,74,173,20,‎ ,‎ ,‎ ,‎ ,‎ ,‎ ,‎ ,‎ ,‎ ,‎ ,2027,2015,2022,2018,‎ ,‎ ,‎ ,‎ ,‎ ,16,11,0.28205128205128205,11 / 39,1
/1t9i//A/HOH`1080/O,///A/HOH`1080/,"9.166,27.202,41.609",1080,1,19.62,‎ ,‎ ,‎ ,‎ ,‎ ,‎ ,‎ ,‎ ,‎ ,‎ ,‎ ,‎ ,‎ ,‎ ,‎ ,‎ ,‎ ,‎ ,‎ ,‎ ,845,160,19,2005,‎ ,‎ ,1233,1080,1028,631,‎ ,160,15,169,52,‎ ,‎ ,‎ ,‎ ,‎ ,2018,2012,2016,2018,2009,2015,2012,‎ ,‎ ,‎ ,‎ ,‎ ,19,13,0.3333333333333333,13 / 39,1
/1t9i//A/HOH`1062/O,///A/HOH`1062/,"6.337,40.672,21.637",1062,1,14.95,‎ ,‎ ,‎ ,‎ ,‎ ,‎ ,‎ ,‎ ,‎ ,‎ ,‎ ,‎ ,‎ ,‎ ,‎ ,‎ ,‎ ,‎ ,‎ ,‎ ,823,167,387,‎ ,1092,‎ ,1041,1062,1011,‎ ,‎ ,‎ ,‎ ,157,54,1076,1099,2129,2114,2114,‎ ,‎ ,‎ ,2045,2023,2051,2038,‎ ,‎ ,308,716,310,21,15,0.38461538461538464,15 / 39,1
/1t9i//A/HOH`1059/O,///A/HOH`1059/,"3.733,21.906,38.886",1059,1,18.26,‎ ,‎ ,‎ ,‎ ,‎ ,‎ ,122,‎ ,‎ ,‎ ,‎ ,‎ ,‎ ,‎ ,‎ ,‎ ,‎ ,‎ ,‎ ,‎ ,74,113,376,2018,‎ ,‎ ,1396,1059,1086,‎ ,18,203,24,178,36,1024,1032,2040,2029,2034,2024,‎ ,‎ ,2022,‎ ,2019,2015,‎ ,‎ ,‎ ,719,‎ ,23,18,0.46153846153846156,18 / 39,2
/1t9i//A/HOH`1051/O,///A/HOH`1051/,"7.169,40.672,34.458",1051,1,15.03,‎ ,‎ ,‎ ,‎ ,‎ ,30,541,‎ ,‎ ,‎ ,‎ ,‎ ,‎ ,‎ ,‎ ,‎ ,‎ ,‎ ,‎ ,‎ ,‎ ,‎ ,‎ ,2082,1037,1005,1004,1051,‎ ,‎ ,‎ ,197,46,‎ ,‎ ,‎ ,‎ ,‎ ,‎ ,‎ ,2025,‎ ,2020,2028,2014,2021,2019,‎ ,‎ ,‎ ,‎ ,‎ ,15,11,0.28205128205128205,11 / 39,3
/1t9i//A/HOH`1042/O,///A/HOH`1042/,"12.346,28.206,34.744",1042,1,17.95,‎ ,‎ ,‎ ,‎ ,‎ ,‎ ,‎ ,‎ ,‎ ,‎ ,‎ ,‎ ,‎ ,‎ ,‎ ,‎ ,‎ ,‎ ,‎ ,‎ ,‎ ,181,125,2049,1039,1010,1289,1042,1043,‎ ,81,189,‎ ,161,123,1062,1046,2015,2017,2044,2014,2009,2013,2014,‎ ,2012,2010,‎ ,‎ ,713,‎ ,‎ ,24,18,0.46153846153846156,18 / 39,1
/1t9i//A/HOH`1041/O,///A/HOH`1041/,"7.715,33.625,36.505",1041,1,15.7,‎ ,‎ ,‎ ,‎ ,‎ ,‎ ,‎ ,‎ ,‎ ,‎ ,‎ ,‎ ,‎ ,‎ ,‎ ,‎ ,‎ ,‎ ,‎ ,‎ ,808,164,357,2142,‎ ,1181,1010,1041,1026,605,12,34,8,185,23,1015,1045,2026,2016,2017,2012,2006,‎ ,2009,2006,2010,2007,‎ ,‎ ,305,309,803,28,19,0.48717948717948717,19 / 39,1
/1t9i//A/HOH`1040/O,///A/HOH`1040/,"4.872,41.705,29.399",1040,1,18.03,‎ ,‎ ,‎ ,‎ ,‎ ,‎ ,‎ ,‎ ,‎ ,‎ ,‎ ,‎ ,‎ ,‎ ,‎ ,‎ ,‎ ,‎ ,‎ ,‎ ,‎ ,‎ ,‎ ,2017,1035,1003,1006,1040,‎ ,‎ ,‎ ,‎ ,‎ ,159,6,1028,1037,‎ ,‎ ,‎ ,‎ ,‎ ,2009,2004,2004,2005,2003,‎ ,‎ ,‎ ,‎ ,‎ ,14,9,0.23076923076923078,9 / 39,1
/1t9i//A/HOH`1030/O,///A/HOH`1030/,"14.995,27.829,34.119",1030,1,17.21,‎ ,‎ ,‎ ,‎ ,‎ ,‎ ,‎ ,‎ ,‎ ,‎ ,‎ ,‎ ,‎ ,‎ ,‎ ,‎ ,‎ ,‎ ,‎ ,‎ ,‎ ,‎ ,377,2290,1223,1197,1098,1030,1171,‎ ,‎ ,‎ ,‎ ,29,42,‎ ,1107,2139,‎ ,2131,2045,‎ ,2042,2051,‎ ,2055,2042,‎ ,‎ ,718,‎ ,‎ ,18,15,0.38461538461538464,15 / 39,1
/1t9i//A/HOH`1026/O,///A/HOH`1026/,"13.101,36.864,28.223",1026,1,13.67,‎ ,‎ ,‎ ,‎ ,‎ ,‎ ,631,‎ ,‎ ,‎ ,‎ ,‎ ,‎ ,‎ ,‎ ,‎ ,‎ ,‎ ,215,‎ ,816,50,367,2087,1126,1221,1030,1026,‎ ,‎ ,‎ ,45,‎ ,85,‎ ,1081,1041,2012,‎ ,2123,2044,‎ ,‎ ,2050,‎ ,2003,2040,‎ ,‎ ,‎ ,‎ ,‎ ,20,16,0.41025641025641024,16 / 39,3
/1t9i//A/HOH`1020/O,///A/HOH`1020/,"12.187,38.166,25.882",1020,1,12.59,‎ ,‎ ,‎ ,‎ ,‎ ,‎ ,‎ ,‎ ,‎ ,‎ ,‎ ,‎ ,‎ ,‎ ,‎ ,‎ ,‎ ,‎ ,‎ ,‎ ,‎ ,‎ ,‎ ,2452,‎ ,‎ ,1268,1020,1074,616,29,138,‎ ,‎ ,‎ ,‎ ,‎ ,‎ ,‎ ,‎ ,‎ ,‎ ,‎ ,2044,‎ ,‎ ,‎ ,‎ ,‎ ,‎ ,‎ ,‎ ,8,7,0.1794871794871795,7 / 39,1
/1t9i//A/HOH`1018/O,///A/HOH`1018/,"11.032,40.962,24.67",1018,1,11.2,‎ ,‎ ,‎ ,‎ ,‎ ,‎ ,‎ ,‎ ,‎ ,‎ ,‎ ,‎ ,‎ ,‎ ,‎ ,‎ ,‎ ,‎ ,‎ ,‎ ,‎ ,‎ ,‎ ,2299,‎ ,‎ ,‎ ,1018,‎ ,‎ ,‎ ,‎ ,‎ ,‎ ,‎ ,‎ ,‎ ,‎ ,‎ ,2121,‎ ,‎ ,‎ ,2048,‎ ,‎ ,‎ ,‎ ,‎ ,‎ ,‎ ,‎ ,4,4,0.10256410256410256,4 / 39,1
/1t9i//A/HOH`1005/O,///A/HOH`1005/,"6.246,30.445,27.573",1005,1,11.57,‎ ,‎ ,‎ ,‎ ,‎ ,‎ ,‎ ,‎ ,‎ ,‎ ,‎ ,‎ ,‎ ,‎ ,‎ ,‎ ,‎ ,‎ ,‎ ,‎ ,807,32,12,2071,1045,1014,1024,1005,1162,603,‎ ,6,53,4,102,1061,1017,2014,2008,2043,2009,2004,2011,2007,‎ ,2009,2005,‎ ,‎ ,720,320,806,28,20,0.5128205128205128,20 / 39,1
/1t9i//A/HOH`1656/O,,"15.976,7.81,37.679",1656,1,40.7,‎ ,‎ ,‎ ,‎ ,‎ ,‎ ,‎ ,‎ ,‎ ,‎ ,‎ ,‎ ,‎ ,‎ ,‎ ,‎ ,‎ ,‎ ,‎ ,‎ ,‎ ,‎ ,‎ ,‎ ,‎ ,‎ ,‎ ,1656,1096,‎ ,‎ ,‎ ,‎ ,‎ ,‎ ,‎ ,‎ ,‎ ,‎ ,‎ ,‎ ,‎ ,‎ ,‎ ,‎ ,‎ ,‎ ,‎ ,‎ ,‎ ,‎ ,‎ ,2,2,0.05128205128205128,2 / 39,1
/1t9i//A/HOH`1655/O,,"15.641,10.238,39.291",1655,1,40.7,‎ ,‎ ,‎ ,‎ ,‎ ,‎ ,‎ ,‎ ,‎ ,‎ ,‎ ,‎ ,‎ ,‎ ,‎ ,‎ ,‎ ,‎ ,‎ ,‎ ,‎ ,‎ ,‎ ,‎ ,‎ ,‎ ,‎ ,1655,1015,‎ ,‎ ,‎ ,‎ ,‎ ,‎ ,‎ ,‎ ,‎ ,‎ ,‎ ,‎ ,‎ ,‎ ,‎ ,‎ ,‎ ,‎ ,‎ ,‎ ,‎ ,‎ ,‎ ,2,2,0.05128205128205128,2 / 39,1
/1t9i//A/HOH`1654/O,,"11.521,16.015,45.497",1654,1,40.7,‎ ,‎ ,‎ ,‎ ,‎ ,‎ ,‎ ,‎ ,‎ ,‎ ,‎ ,‎ ,‎ ,‎ ,‎ ,‎ ,‎ ,‎ ,‎ ,‎ ,‎ ,‎ ,‎ ,2202,‎ ,‎ ,‎ ,1654,‎ ,‎ ,‎ ,‎ ,‎ ,‎ ,‎ ,‎ ,‎ ,‎ ,‎ ,‎ ,‎ ,‎ ,‎ ,‎ ,‎ ,‎ ,‎ ,‎ ,‎ ,‎ ,‎ ,‎ ,2,2,0.05128205128205128,2 / 39,1
/1t9i//A/HOH`1650/O,,"-12.438,50.373,32.058",1650,1,40.7,‎ ,‎ ,‎ ,‎ ,‎ ,‎ ,‎ ,‎ ,‎ ,‎ ,‎ ,‎ ,‎ ,‎ ,‎ ,‎ ,‎ ,‎ ,‎ ,‎ ,‎ ,403,‎ ,‎ ,‎ ,‎ ,‎ ,1650,‎ ,‎ ,‎ ,‎ ,‎ ,‎ ,‎ ,‎ ,‎ ,‎ ,‎ ,‎ ,‎ ,‎ ,‎ ,‎ ,‎ ,‎ ,‎ ,‎ ,‎ ,‎ ,‎ ,‎ ,2,2,0.05128205128205128,2 / 39,1
/1t9i//C/HOH`1648/O,,"4.092,34.386,49.16",1648,1,40.7,‎ ,‎ ,‎ ,‎ ,‎ ,‎ ,‎ ,‎ ,‎ ,‎ ,‎ ,‎ ,‎ ,‎ ,‎ ,‎ ,‎ ,‎ ,147,‎ ,870,177,930,2322,‎ ,‎ ,1259,1648,‎ ,‎ ,‎ ,146,‎ ,‎ ,‎ ,‎ ,‎ ,2012,‎ ,‎ ,‎ ,‎ ,2004,‎ ,2002,‎ ,‎ ,‎ ,‎ ,‎ ,‎ ,‎ ,11,10,0.2564102564102564,10 / 39,2
/1t9i//A/HOH`1645/O,,"3.899,52.581,41.793",1645,1,40.7,‎ ,‎ ,‎ ,‎ ,‎ ,‎ ,‎ ,‎ ,‎ ,‎ ,‎ ,‎ ,‎ ,‎ ,‎ ,‎ ,‎ ,‎ ,‎ ,‎ ,‎ ,‎ ,483,‎ ,‎ ,‎ ,1371,1645,‎ ,‎ ,‎ ,‎ ,‎ ,‎ ,‎ ,1045,‎ ,2056,‎ ,‎ ,‎ ,‎ ,‎ ,‎ ,‎ ,‎ ,‎ ,‎ ,‎ ,‎ ,‎ ,‎ ,5,5,0.1282051282051282,5 / 39,1
/1t9i//D/HOH`1644/O,,"-0.339,24.281,46.978",1644,1,40.7,‎ ,‎ ,‎ ,‎ ,‎ ,‎ ,‎ ,‎ ,‎ ,‎ ,‎ ,‎ ,‎ ,‎ ,‎ ,‎ ,‎ ,‎ ,‎ ,‎ ,‎ ,372,913,‎ ,‎ ,1196,‎ ,1644,1151,‎ ,‎ ,‎ ,‎ ,137,‎ ,‎ ,1007,‎ ,‎ ,‎ ,‎ ,‎ ,‎ ,‎ ,‎ ,2009,‎ ,‎ ,‎ ,‎ ,‎ ,‎ ,8,7,0.1794871794871795,7 / 39,1
/1t9i//C/HOH`1643/O,,"15.515,28.129,44.054",1643,1,40.7,‎ ,‎ ,‎ ,‎ ,‎ ,‎ ,‎ ,‎ ,‎ ,‎ ,‎ ,‎ ,‎ ,‎ ,‎ ,‎ ,‎ ,‎ ,‎ ,‎ ,817,220,108,‎ ,‎ ,‎ ,‎ ,1643,‎ ,‎ ,‎ ,‎ ,‎ ,‎ ,‎ ,‎ ,‎ ,‎ ,‎ ,‎ ,‎ ,‎ ,‎ ,‎ ,‎ ,‎ ,‎ ,‎ ,‎ ,‎ ,‎ ,‎ ,4,3,0.07692307692307693,3 / 39,1
/1t9i//D/HOH`1642/O,,"5.482,35.401,39.35",1642,1,40.7,‎ ,‎ ,‎ ,‎ ,‎ ,‎ ,‎ ,‎ ,‎ ,‎ ,‎ ,‎ ,‎ ,‎ ,‎ ,‎ ,‎ ,‎ ,‎ ,‎ ,126,238,943,‎ ,1227,‎ ,‎ ,1642,1155,‎ ,‎ ,‎ ,‎ ,‎ ,‎ ,1011,‎ ,2024,‎ ,‎ ,‎ ,‎ ,‎ ,2005,2005,‎ ,2006,‎ ,‎ ,‎ ,‎ ,‎ ,11,9,0.23076923076923078,9 / 39,1
/1t9i//A/HOH`1640/O,,"4.016,15.228,40.335",1640,1,40.7,‎ ,‎ ,‎ ,‎ ,‎ ,‎ ,‎ ,‎ ,‎ ,‎ ,‎ ,‎ ,‎ ,‎ ,‎ ,‎ ,‎ ,‎ ,140,‎ ,‎ ,‎ ,‎ ,2020,‎ ,‎ ,‎ ,1640,‎ ,‎ ,‎ ,‎ ,‎ ,‎ ,‎ ,‎ ,‎ ,‎ ,‎ ,‎ ,‎ ,‎ ,‎ ,‎ ,‎ ,‎ ,‎ ,‎ ,‎ ,‎ ,‎ ,‎ ,3,3,0.07692307692307693,3 / 39,2
/1t9i//A/HOH`1638/O,,"-19.337,35.8,20.42",1638,1,40.7,‎ ,‎ ,‎ ,‎ ,‎ ,‎ ,‎ ,‎ ,‎ ,‎ ,‎ ,‎ ,‎ ,‎ ,‎ ,‎ ,‎ ,‎ ,‎ ,‎ ,‎ ,‎ ,589,‎ ,‎ ,1154,‎ ,1638,‎ ,‎ ,‎ ,‎ ,‎ ,‎ ,‎ ,‎ ,1011,2016,‎ ,‎ ,‎ ,‎ ,‎ ,‎ ,‎ ,‎ ,‎ ,‎ ,‎ ,‎ ,‎ ,‎ ,5,5,0.1282051282051282,5 / 39,1
/1t9i//A/HOH`1637/O,,"1.986,30.733,14.355",1637,1,40.7,‎ ,‎ ,‎ ,‎ ,‎ ,‎ ,‎ ,‎ ,‎ ,‎ ,‎ ,‎ ,‎ ,‎ ,‎ ,‎ ,‎ ,‎ ,‎ ,‎ ,‎ ,‎ ,‎ ,‎ ,‎ ,‎ ,‎ ,1637,‎ ,‎ ,‎ ,‎ ,‎ ,‎ ,‎ ,‎ ,‎ ,‎ ,2090,‎ ,‎ ,‎ ,‎ ,‎ ,‎ ,‎ ,‎ ,‎ ,‎ ,‎ ,‎ ,‎ ,2,2,0.05128205128205128,2 / 39,1
/1t9i//A/HOH`1635/O,,"10.426,25.87,22.161",1635,1,40.7,‎ ,‎ ,‎ ,‎ ,‎ ,‎ ,‎ ,‎ ,‎ ,‎ ,‎ ,‎ ,‎ ,‎ ,‎ ,‎ ,‎ ,‎ ,‎ ,‎ ,‎ ,‎ ,392,2342,‎ ,‎ ,1119,1635,1068,634,‎ ,182,‎ ,‎ ,‎ ,1069,‎ ,2117,2105,2099,‎ ,‎ ,‎ ,‎ ,‎ ,‎ ,2034,‎ ,‎ ,‎ ,‎ ,‎ ,12,12,0.3076923076923077,12 / 39,1
/1t9i//B/HOH`1633/O,,"-13.344,55.116,26.249",1633,1,40.7,‎ ,‎ ,‎ ,‎ ,‎ ,‎ ,‎ ,‎ ,‎ ,‎ ,‎ ,‎ ,‎ ,‎ ,‎ ,‎ ,‎ ,‎ ,‎ ,‎ ,822,362,279,‎ ,1032,1068,‎ ,1633,‎ ,‎ ,‎ ,‎ ,‎ ,‎ ,192,‎ ,‎ ,‎ ,‎ ,‎ ,‎ ,‎ ,‎ ,‎ ,‎ ,‎ ,‎ ,‎ ,‎ ,‎ ,311,‎ ,8,6,0.15384615384615385,6 / 39,1
/1t9i//B/HOH`1632/O,,"-14.093,52.341,26.979",1632,1,40.7,‎ ,‎ ,‎ ,‎ ,‎ ,‎ ,‎ ,‎ ,‎ ,‎ ,‎ ,‎ ,‎ ,‎ ,‎ ,‎ ,‎ ,‎ ,‎ ,‎ ,917,463,214,‎ ,‎ ,‎ ,‎ ,1632,‎ ,‎ ,‎ ,‎ ,‎ ,‎ ,‎ ,‎ ,‎ ,‎ ,‎ ,‎ ,‎ ,‎ ,‎ ,‎ ,‎ ,‎ ,‎ ,‎ ,‎ ,‎ ,‎ ,‎ ,4,3,0.07692307692307693,3 / 39,1
/1t9i//B/HOH`1631/O,,"-1.23,57.193,26.44",1631,1,40.7,‎ ,‎ ,‎ ,‎ ,‎ ,‎ ,‎ ,‎ ,‎ ,‎ ,‎ ,‎ ,‎ ,‎ ,‎ ,‎ ,‎ ,‎ ,‎ ,‎ ,‎ ,‎ ,305,‎ ,‎ ,‎ ,‎ ,1631,‎ ,‎ ,‎ ,‎ ,‎ ,112,‎ ,‎ ,‎ ,‎ ,‎ ,‎ ,‎ ,‎ ,‎ ,‎ ,‎ ,‎ ,‎ ,‎ ,‎ ,‎ ,‎ ,‎ ,3,3,0.07692307692307693,3 / 39,1
/1t9i//D/HOH`1630/O,,"18.512,48.255,26.337",1630,1,40.7,‎ ,‎ ,‎ ,‎ ,‎ ,‎ ,‎ ,‎ ,‎ ,‎ ,‎ ,‎ ,‎ ,‎ ,‎ ,‎ ,‎ ,‎ ,‎ ,‎ ,‎ ,193,918,2449,‎ ,‎ ,‎ ,1630,1130,‎ ,‎ ,153,‎ ,‎ ,‎ ,‎ ,1044,2043,2028,2021,‎ ,‎ ,‎ ,‎ ,‎ ,‎ ,‎ ,‎ ,‎ ,‎ ,‎ ,‎ ,10,9,0.23076923076923078,9 / 39,1
/1t9i//D/HOH`1629/O,,"19.552,47.269,30.767",1629,1,40.7,‎ ,‎ ,‎ ,‎ ,‎ ,‎ ,‎ ,‎ ,‎ ,‎ ,‎ ,‎ ,‎ ,‎ ,‎ ,‎ ,‎ ,‎ ,‎ ,‎ ,‎ ,‎ ,‎ ,‎ ,‎ ,‎ ,‎ ,1629,‎ ,‎ ,‎ ,‎ ,‎ ,‎ ,‎ ,‎ ,‎ ,2019,‎ ,‎ ,‎ ,‎ ,‎ ,‎ ,‎ ,‎ ,‎ ,‎ ,‎ ,‎ ,‎ ,‎ ,2,2,0.05128205128205128,2 / 39,1
/1t9i//A/HOH`1625/O,,"-6.089,47.541,41.904",1625,1,40.7,‎ ,‎ ,‎ ,‎ ,‎ ,‎ ,‎ ,‎ ,‎ ,‎ ,‎ ,‎ ,‎ ,‎ ,‎ ,‎ ,‎ ,‎ ,‎ ,‎ ,‎ ,‎ ,‎ ,‎ ,‎ ,1100,‎ ,1625,‎ ,‎ ,‎ ,‎ ,‎ ,‎ ,‎ ,‎ ,‎ ,‎ ,‎ ,‎ ,‎ ,‎ ,‎ ,‎ ,‎ ,‎ ,‎ ,‎ ,‎ ,‎ ,‎ ,‎ ,2,2,0.05128205128205128,2 / 39,1
/1t9i//B/HOH`1624/O,,"-21.373,47.977,14.204",1624,1,40.7,‎ ,‎ ,‎ ,‎ ,‎ ,‎ ,‎ ,‎ ,‎ ,‎ ,‎ ,‎ ,‎ ,‎ ,‎ ,‎ ,‎ ,‎ ,‎ ,‎ ,‎ ,‎ ,‎ ,‎ ,‎ ,‎ ,‎ ,1624,‎ ,‎ ,‎ ,‎ ,‎ ,‎ ,‎ ,‎ ,‎ ,‎ ,2013,2005,‎ ,‎ ,‎ ,‎ ,‎ ,‎ ,‎ ,‎ ,‎ ,‎ ,329,‎ ,4,4,0.10256410256410256,4 / 39,1
/1t9i//B/HOH`1623/O,,"-19.587,51.333,14.448",1623,1,40.7,‎ ,‎ ,‎ ,‎ ,‎ ,‎ ,‎ ,‎ ,‎ ,‎ ,‎ ,‎ ,‎ ,‎ ,‎ ,‎ ,‎ ,‎ ,‎ ,‎ ,820,370,‎ ,‎ ,‎ ,‎ ,‎ ,1623,‎ ,‎ ,‎ ,‎ ,‎ ,‎ ,177,‎ ,‎ ,‎ ,‎ ,‎ ,‎ ,‎ ,‎ ,‎ ,‎ ,‎ ,‎ ,‎ ,‎ ,‎ ,‎ ,‎ ,4,4,0.10256410256410256,4 / 39,1
/1t9i//C/HOH`1622/O,,"-0.237,28.111,50.868",1622,1,40.7,‎ ,‎ ,‎ ,‎ ,‎ ,‎ ,‎ ,‎ ,‎ ,‎ ,‎ ,‎ ,‎ ,‎ ,‎ ,‎ ,‎ ,‎ ,‎ ,‎ ,‎ ,‎ ,‎ ,‎ ,‎ ,‎ ,‎ ,1622,‎ ,‎ ,‎ ,‎ ,112,‎ ,‎ ,‎ ,‎ ,‎ ,‎ ,‎ ,‎ ,‎ ,‎ ,‎ ,‎ ,‎ ,‎ ,‎ ,‎ ,‎ ,‎ ,‎ ,2,2,0.05128205128205128,2 / 39,1
/1t9i//D/HOH`1620/O,,"6.213,38.074,38.358",1620,1,40.7,‎ ,‎ ,‎ ,‎ ,‎ ,‎ ,‎ ,‎ ,‎ ,‎ ,‎ ,‎ ,‎ ,‎ ,‎ ,‎ ,‎ ,‎ ,‎ ,‎ ,375,548,921,‎ ,‎ ,1115,1271,1620,1099,‎ ,‎ ,‎ ,208,‎ ,‎ ,‎ ,1025,2027,‎ ,‎ ,‎ ,‎ ,2009,2007,2006,2003,2008,‎ ,‎ ,‎ ,‎ ,‎ ,15,12,0.3076923076923077,12 / 39,1
/1t9i//A/HOH`1619/O,,"-15.15,43.495,33.857",1619,1,40.7,‎ ,‎ ,‎ ,‎ ,‎ ,‎ ,‎ ,‎ ,‎ ,‎ ,‎ ,‎ ,‎ ,‎ ,‎ ,‎ ,‎ ,‎ ,‎ ,‎ ,‎ ,232,462,‎ ,‎ ,‎ ,‎ ,1619,‎ ,‎ ,‎ ,‎ ,‎ ,‎ ,‎ ,‎ ,1055,‎ ,‎ ,‎ ,‎ ,‎ ,‎ ,‎ ,‎ ,2030,‎ ,‎ ,‎ ,‎ ,‎ ,‎ ,5,4,0.10256410256410256,4 / 39,1
/1t9i//A/HOH`1618/O,,"10.395,31.728,20.47",1618,1,40.7,‎ ,‎ ,‎ ,‎ ,‎ ,‎ ,‎ ,‎ ,‎ ,‎ ,‎ ,‎ ,‎ ,‎ ,‎ ,‎ ,‎ ,‎ ,‎ ,‎ ,817,185,431,2285,1081,‎ ,1223,1618,1108,‎ ,48,‎ ,‎ ,‎ ,‎ ,1072,1098,2126,2112,2105,‎ ,‎ ,‎ ,‎ ,‎ ,2048,‎ ,‎ ,‎ ,310,318,301,18,15,0.38461538461538464,15 / 39,1
/1t9i//B/HOH`1614/O,,"15.517,43.09,16.881",1614,1,40.7,‎ ,‎ ,‎ ,‎ ,‎ ,‎ ,‎ ,‎ ,‎ ,‎ ,‎ ,‎ ,‎ ,‎ ,‎ ,‎ ,‎ ,‎ ,‎ ,‎ ,‎ ,‎ ,‎ ,‎ ,‎ ,‎ ,‎ ,1614,‎ ,‎ ,‎ ,221,‎ ,‎ ,‎ ,‎ ,‎ ,‎ ,‎ ,‎ ,‎ ,‎ ,‎ ,‎ ,‎ ,‎ ,‎ ,‎ ,‎ ,‎ ,‎ ,‎ ,2,2,0.05128205128205128,2 / 39,1
/1t9i//A/HOH`1609/O,,"-0.16,32.512,18.28",1609,1,40.7,‎ ,‎ ,‎ ,‎ ,‎ ,‎ ,‎ ,‎ ,‎ ,‎ ,‎ ,‎ ,‎ ,‎ ,‎ ,‎ ,‎ ,‎ ,‎ ,‎ ,‎ ,‎ ,395,‎ ,‎ ,‎ ,‎ ,1609,1138,‎ ,‎ ,‎ ,‎ ,‎ ,‎ ,‎ ,‎ ,2105,2092,‎ ,‎ ,‎ ,‎ ,‎ ,‎ ,‎ ,‎ ,‎ ,‎ ,‎ ,‎ ,‎ ,5,5,0.1282051282051282,5 / 39,1
/1t9i//A/HOH`1608/O,,"2.507,38.713,19.939",1608,1,40.7,‎ ,‎ ,‎ ,‎ ,‎ ,‎ ,‎ ,‎ ,‎ ,‎ ,‎ ,‎ ,2003,‎ ,‎ ,‎ ,‎ ,‎ ,‎ ,‎ ,‎ ,‎ ,‎ ,‎ ,‎ ,‎ ,‎ ,1608,‎ ,‎ ,‎ ,‎ ,‎ ,‎ ,‎ ,‎ ,‎ ,‎ ,‎ ,‎ ,‎ ,‎ ,‎ ,‎ ,‎ ,‎ ,‎ ,‎ ,‎ ,‎ ,344,‎ ,3,3,0.07692307692307693,3 / 39,2
/1t9i//A/HOH`1596/O,,"-13.543,38.347,42.024",1596,1,45.83,‎ ,‎ ,‎ ,‎ ,‎ ,‎ ,‎ ,‎ ,‎ ,‎ ,‎ ,‎ ,‎ ,‎ ,‎ ,‎ ,‎ ,‎ ,‎ ,‎ ,‎ ,‎ ,‎ ,‎ ,‎ ,‎ ,‎ ,1596,‎ ,‎ ,‎ ,‎ ,‎ ,‎ ,‎ ,‎ ,1056,‎ ,‎ ,‎ ,‎ ,‎ ,‎ ,‎ ,‎ ,‎ ,‎ ,‎ ,‎ ,‎ ,‎ ,‎ ,2,2,0.05128205128205128,2 / 39,1
/1t9i//A/HOH`1595/O,,"-15.072,40.221,39.874",1595,1,50.24,‎ ,‎ ,‎ ,‎ ,‎ ,‎ ,‎ ,‎ ,‎ ,‎ ,‎ ,‎ ,‎ ,‎ ,‎ ,‎ ,‎ ,‎ ,‎ ,‎ ,‎ ,‎ ,497,‎ ,‎ ,‎ ,‎ ,1595,‎ ,‎ ,‎ ,‎ ,‎ ,‎ ,‎ ,‎ ,‎ ,‎ ,‎ ,‎ ,‎ ,‎ ,‎ ,‎ ,‎ ,‎ ,‎ ,‎ ,‎ ,‎ ,‎ ,‎ ,2,2,0.05128205128205128,2 / 39,1
/1t9i//C/HOH`1590/O,,"18.393,60.927,26.124",1590,1,41.87,‎ ,‎ ,‎ ,‎ ,‎ ,‎ ,‎ ,‎ ,‎ ,‎ ,‎ ,‎ ,‎ ,‎ ,‎ ,‎ ,‎ ,‎ ,‎ ,‎ ,‎ ,‎ ,‎ ,‎ ,‎ ,‎ ,‎ ,1590,‎ ,‎ ,‎ ,‎ ,‎ ,‎ ,‎ ,‎ ,1023,‎ ,‎ ,‎ ,‎ ,‎ ,‎ ,‎ ,‎ ,‎ ,‎ ,‎ ,‎ ,‎ ,‎ ,‎ ,2,2,0.05128205128205128,2 / 39,1
/1t9i//D/HOH`1588/O,,"0.7,19.456,47.907",1588,1,36.86,‎ ,‎ ,‎ ,‎ ,‎ ,‎ ,‎ ,‎ ,‎ ,‎ ,‎ ,‎ ,‎ ,‎ ,‎ ,‎ ,‎ ,‎ ,‎ ,‎ ,265,‎ ,917,‎ ,‎ ,‎ ,‎ ,1588,‎ ,‎ ,‎ ,‎ ,‎ ,‎ ,‎ ,‎ ,1003,‎ ,‎ ,‎ ,‎ ,‎ ,‎ ,‎ ,‎ ,‎ ,‎ ,‎ ,‎ ,‎ ,‎ ,‎ ,4,4,0.10256410256410256,4 / 39,1
/1t9i//A/HOH`1587/O,,"-13.391,49.551,34.966",1587,1,39.95,‎ ,‎ ,‎ ,‎ ,‎ ,‎ ,‎ ,‎ ,‎ ,‎ ,‎ ,‎ ,‎ ,‎ ,‎ ,‎ ,‎ ,‎ ,‎ ,‎ ,‎ ,‎ ,‎ ,‎ ,‎ ,‎ ,‎ ,1587,‎ ,‎ ,‎ ,‎ ,‎ ,‎ ,‎ ,‎ ,‎ ,2069,‎ ,‎ ,‎ ,‎ ,‎ ,‎ ,‎ ,‎ ,‎ ,‎ ,‎ ,‎ ,‎ ,‎ ,2,2,0.05128205128205128,2 / 39,1
/1t9i//A/HOH`1584/O,,"-13.46,33.014,17.31",1584,1,36.78,‎ ,‎ ,‎ ,‎ ,‎ ,‎ ,‎ ,‎ ,‎ ,‎ ,‎ ,‎ ,‎ ,‎ ,‎ ,‎ ,‎ ,‎ ,‎ ,‎ ,920,229,461,‎ ,‎ ,‎ ,‎ ,1584,‎ ,‎ ,‎ ,‎ ,‎ ,‎ ,‎ ,‎ ,‎ ,‎ ,‎ ,‎ ,‎ ,‎ ,‎ ,‎ ,‎ ,‎ ,‎ ,‎ ,‎ ,‎ ,‎ ,‎ ,4,3,0.07692307692307693,3 / 39,1
/1t9i//C/HOH`1583/O,,"15.001,35.589,42.623",1583,1,40.43,‎ ,‎ ,‎ ,‎ ,‎ ,‎ ,‎ ,‎ ,‎ ,‎ ,‎ ,‎ ,‎ ,‎ ,‎ ,‎ ,‎ ,‎ ,‎ ,‎ ,‎ ,‎ ,‎ ,2102,‎ ,‎ ,‎ ,1583,‎ ,‎ ,‎ ,‎ ,‎ ,‎ ,‎ ,‎ ,‎ ,‎ ,‎ ,‎ ,‎ ,‎ ,‎ ,‎ ,‎ ,‎ ,‎ ,‎ ,‎ ,‎ ,‎ ,‎ ,2,2,0.05128205128205128,2 / 39,1
/1t9i//A/HOH`1579/O,,"-17.318,34.599,19.582",1579,1,34.84,‎ ,‎ ,‎ ,‎ ,‎ ,‎ ,‎ ,‎ ,‎ ,‎ ,‎ ,‎ ,‎ ,‎ ,‎ ,‎ ,‎ ,‎ ,‎ ,‎ ,‎ ,‎ ,533,‎ ,‎ ,‎ ,‎ ,1579,‎ ,‎ ,‎ ,‎ ,‎ ,‎ ,‎ ,‎ ,‎ ,‎ ,‎ ,‎ ,‎ ,‎ ,‎ ,‎ ,‎ ,‎ ,‎ ,‎ ,‎ ,‎ ,‎ ,‎ ,2,2,0.05128205128205128,2 / 39,1
/1t9i//A/HOH`1576/O,,"9.979,34.924,17.829",1576,1,55.34,‎ ,‎ ,‎ ,‎ ,‎ ,‎ ,‎ ,‎ ,‎ ,‎ ,‎ ,‎ ,‎ ,‎ ,‎ ,‎ ,‎ ,‎ ,‎ ,‎ ,‎ ,‎ ,‎ ,‎ ,‎ ,‎ ,‎ ,1576,‎ ,‎ ,79,‎ ,‎ ,‎ ,‎ ,‎ ,‎ ,2128,2113,2113,‎ ,‎ ,‎ ,‎ ,‎ ,‎ ,‎ ,‎ ,‎ ,332,341,326,8,7,0.1794871794871795,7 / 39,1
/1t9i//A/HOH`1574/O,,"-7.752,38.073,44.631",1574,1,40.9,‎ ,‎ ,‎ ,‎ ,‎ ,‎ ,‎ ,‎ ,‎ ,‎ ,‎ ,‎ ,‎ ,‎ ,‎ ,‎ ,‎ ,‎ ,‎ ,‎ ,‎ ,257,530,‎ ,‎ ,‎ ,‎ ,1574,‎ ,‎ ,‎ ,‎ ,‎ ,‎ ,‎ ,1039,1020,‎ ,‎ ,‎ ,‎ ,‎ ,‎ ,‎ ,‎ ,‎ ,‎ ,‎ ,‎ ,‎ ,‎ ,‎ ,5,3,0.07692307692307693,3 / 39,1
/1t9i//B/HOH`1573/O,,"-3.421,60.073,26.877",1573,1,38.43,‎ ,‎ ,‎ ,‎ ,‎ ,‎ ,‎ ,‎ ,‎ ,‎ ,‎ ,‎ ,‎ ,‎ ,‎ ,‎ ,‎ ,‎ ,‎ ,‎ ,846,395,‎ ,‎ ,‎ ,‎ ,1302,1573,‎ ,‎ ,‎ ,‎ ,‎ ,‎ ,‎ ,‎ ,‎ ,‎ ,‎ ,‎ ,‎ ,‎ ,‎ ,‎ ,‎ ,‎ ,‎ ,‎ ,‎ ,‎ ,‎ ,‎ ,4,4,0.10256410256410256,4 / 39,1
/1t9i//A/HOH`1571/O,,"17.449,24.373,34.189",1571,1,29.15,‎ ,‎ ,‎ ,‎ ,‎ ,‎ ,‎ ,‎ ,‎ ,‎ ,‎ ,‎ ,‎ ,‎ ,‎ ,‎ ,‎ ,‎ ,‎ ,‎ ,‎ ,‎ ,469,2097,‎ ,‎ ,1338,1571,‎ ,‎ ,‎ ,‎ ,‎ ,‎ ,‎ ,1084,1108,2140,2124,2132,‎ ,‎ ,‎ ,‎ ,‎ ,‎ ,‎ ,‎ ,‎ ,‎ ,‎ ,‎ ,9,8,0.20512820512820512,8 / 39,1
/1t9i//A/HOH`1569/O,,"-6.635,37.266,11.948",1569,1,26.28,‎ ,‎ ,‎ ,‎ ,‎ ,‎ ,‎ ,‎ ,‎ ,‎ ,‎ ,‎ ,‎ ,‎ ,‎ ,‎ ,‎ ,‎ ,‎ ,‎ ,‎ ,‎ ,‎ ,‎ ,‎ ,‎ ,‎ ,1569,‎ ,‎ ,‎ ,160,‎ ,‎ ,‎ ,‎ ,‎ ,‎ ,‎ ,2044,‎ ,‎ ,‎ ,‎ ,‎ ,‎ ,‎ ,‎ ,‎ ,‎ ,‎ ,‎ ,3,3,0.07692307692307693,3 / 39,1
/1t9i//A/HOH`1565/O,,"3.436,35.519,19.838",1565,1,23.31,‎ ,‎ ,‎ ,‎ ,‎ ,‎ ,‎ ,‎ ,‎ ,‎ ,‎ ,‎ ,‎ ,‎ ,‎ ,‎ ,‎ ,‎ ,‎ ,‎ ,‎ ,‎ ,379,‎ ,‎ ,‎ ,‎ ,1565,‎ ,‎ ,‎ ,178,‎ ,‎ ,‎ ,1060,1084,‎ ,‎ ,2112,2037,‎ ,‎ ,‎ ,‎ ,‎ ,‎ ,‎ ,‎ ,‎ ,‎ ,‎ ,7,6,0.15384615384615385,6 / 39,1
/1t9i//D/HOH`1563/O,,"-2.79,30.562,47.888",1563,1,45.62,‎ ,‎ ,‎ ,‎ ,‎ ,‎ ,‎ ,‎ ,‎ ,‎ ,‎ ,‎ ,‎ ,‎ ,‎ ,‎ ,‎ ,‎ ,‎ ,‎ ,204,‎ ,‎ ,‎ ,‎ ,‎ ,‎ ,1563,‎ ,‎ ,‎ ,‎ ,‎ ,‎ ,‎ ,‎ ,‎ ,‎ ,‎ ,‎ ,‎ ,‎ ,‎ ,‎ ,‎ ,‎ ,‎ ,‎ ,‎ ,‎ ,‎ ,‎ ,2,2,0.05128205128205128,2 / 39,1
/1t9i//B/HOH`1562/O,,"-17.647,60.911,20.709",1562,1,44.41,‎ ,‎ ,‎ ,‎ ,‎ ,‎ ,‎ ,‎ ,‎ ,‎ ,‎ ,‎ ,‎ ,‎ ,‎ ,‎ ,‎ ,‎ ,‎ ,‎ ,‎ ,‎ ,‎ ,‎ ,‎ ,‎ ,‎ ,1562,‎ ,‎ ,‎ ,‎ ,‎ ,‎ ,‎ ,‎ ,‎ ,‎ ,‎ ,2064,‎ ,‎ ,‎ ,‎ ,‎ ,‎ ,‎ ,‎ ,‎ ,‎ ,‎ ,‎ ,2,2,0.05128205128205128,2 / 39,1
/1t9i//D/HOH`1561/O,,"11.748,39.452,50.024",1561,1,44.15,‎ ,‎ ,‎ ,‎ ,‎ ,‎ ,‎ ,‎ ,‎ ,‎ ,‎ ,‎ ,‎ ,‎ ,‎ ,‎ ,‎ ,‎ ,‎ ,‎ ,‎ ,‎ ,599,‎ ,‎ ,‎ ,‎ ,1561,‎ ,‎ ,‎ ,‎ ,‎ ,‎ ,‎ ,‎ ,‎ ,‎ ,‎ ,‎ ,‎ ,‎ ,‎ ,‎ ,‎ ,‎ ,‎ ,‎ ,‎ ,‎ ,‎ ,‎ ,2,2,0.05128205128205128,2 / 39,1
/1t9i//A/HOH`1553/O,,"-10.961,26.382,20.855",1553,1,37.38,‎ ,‎ ,‎ ,‎ ,‎ ,‎ ,‎ ,‎ ,‎ ,‎ ,‎ ,‎ ,‎ ,‎ ,‎ ,‎ ,‎ ,‎ ,‎ ,‎ ,‎ ,‎ ,645,‎ ,‎ ,‎ ,‎ ,1553,‎ ,‎ ,‎ ,‎ ,‎ ,‎ ,‎ ,‎ ,‎ ,‎ ,‎ ,‎ ,‎ ,‎ ,‎ ,‎ ,‎ ,‎ ,‎ ,‎ ,‎ ,‎ ,‎ ,‎ ,2,2,0.05128205128205128,2 / 39,1
/1t9i//A/HOH`1551/O,,"-19.51,54.273,22.459",1551,1,43.13,‎ ,‎ ,‎ ,‎ ,‎ ,‎ ,‎ ,‎ ,‎ ,‎ ,‎ ,‎ ,‎ ,‎ ,‎ ,‎ ,‎ ,‎ ,‎ ,‎ ,891,533,‎ ,‎ ,‎ ,‎ ,‎ ,1551,‎ ,‎ ,‎ ,‎ ,‎ ,‎ ,‎ ,‎ ,‎ ,‎ ,‎ ,‎ ,‎ ,‎ ,‎ ,‎ ,‎ ,‎ ,‎ ,‎ ,‎ ,‎ ,‎ ,‎ ,3,3,0.07692307692307693,3 / 39,1
/1t9i//A/HOH`1545/O,,"-8.314,31.983,14.517",1545,1,50.38,‎ ,‎ ,‎ ,‎ ,‎ ,‎ ,‎ ,‎ ,‎ ,‎ ,‎ ,‎ ,‎ ,‎ ,‎ ,‎ ,‎ ,‎ ,‎ ,‎ ,‎ ,‎ ,564,‎ ,‎ ,‎ ,‎ ,1545,‎ ,‎ ,‎ ,‎ ,‎ ,‎ ,‎ ,‎ ,‎ ,‎ ,‎ ,‎ ,‎ ,‎ ,‎ ,‎ ,‎ ,‎ ,‎ ,‎ ,‎ ,‎ ,‎ ,‎ ,2,2,0.05128205128205128,2 / 39,1
/1t9i//D/HOH`1543/O,,"9.376,44.264,45.685",1543,1,38.91,‎ ,‎ ,‎ ,‎ ,‎ ,‎ ,‎ ,‎ ,‎ ,‎ ,‎ ,‎ ,‎ ,‎ ,‎ ,‎ ,‎ ,‎ ,‎ ,‎ ,‎ ,‎ ,‎ ,‎ ,‎ ,‎ ,1229,1543,‎ ,‎ ,‎ ,‎ ,‎ ,‎ ,‎ ,‎ ,‎ ,‎ ,‎ ,‎ ,‎ ,‎ ,‎ ,‎ ,‎ ,‎ ,‎ ,‎ ,‎ ,‎ ,‎ ,‎ ,2,2,0.05128205128205128,2 / 39,1
/1t9i//A/HOH`1535/O,,"-7.941,19.367,24.28",1535,1,43.74,‎ ,‎ ,‎ ,‎ ,‎ ,‎ ,‎ ,‎ ,‎ ,‎ ,‎ ,‎ ,‎ ,‎ ,‎ ,‎ ,‎ ,‎ ,‎ ,‎ ,‎ ,373,‎ ,‎ ,‎ ,‎ ,‎ ,1535,‎ ,‎ ,‎ ,‎ ,‎ ,‎ ,‎ ,‎ ,‎ ,‎ ,‎ ,‎ ,‎ ,‎ ,‎ ,‎ ,‎ ,‎ ,‎ ,‎ ,‎ ,‎ ,‎ ,‎ ,2,2,0.05128205128205128,2 / 39,1
/1t9i//D/HOH`1533/O,,"4.664,41.518,49.275",1533,1,39.27,‎ ,‎ ,‎ ,‎ ,‎ ,‎ ,‎ ,‎ ,‎ ,‎ ,‎ ,‎ ,‎ ,‎ ,‎ ,‎ ,‎ ,‎ ,‎ ,‎ ,‎ ,‎ ,‎ ,‎ ,‎ ,‎ ,‎ ,1533,‎ ,‎ ,‎ ,‎ ,‎ ,‎ ,‎ ,‎ ,‎ ,‎ ,‎ ,‎ ,‎ ,‎ ,‎ ,‎ ,‎ ,‎ ,2005,‎ ,‎ ,‎ ,‎ ,‎ ,2,2,0.05128205128205128,2 / 39,1
/1t9i//A/HOH`1520/O,,"14.489,25.904,42.951",1520,1,34.41,‎ ,‎ ,‎ ,‎ ,‎ ,‎ ,‎ ,‎ ,‎ ,‎ ,‎ ,‎ ,‎ ,‎ ,‎ ,‎ ,‎ ,‎ ,‎ ,‎ ,876,‎ ,408,‎ ,‎ ,‎ ,‎ ,1520,‎ ,‎ ,‎ ,‎ ,‎ ,‎ ,‎ ,‎ ,‎ ,‎ ,‎ ,‎ ,‎ ,‎ ,‎ ,‎ ,‎ ,‎ ,‎ ,‎ ,‎ ,‎ ,‎ ,‎ ,3,3,0.07692307692307693,3 / 39,1
/1t9i//A/HOH`1515/O,,"14.29,6.168,35.446",1515,1,41.36,‎ ,‎ ,‎ ,‎ ,‎ ,‎ ,‎ ,‎ ,‎ ,‎ ,‎ ,‎ ,‎ ,‎ ,‎ ,‎ ,‎ ,‎ ,‎ ,‎ ,‎ ,‎ ,‎ ,‎ ,‎ ,‎ ,‎ ,1515,‎ ,‎ ,63,‎ ,‎ ,‎ ,‎ ,‎ ,‎ ,‎ ,‎ ,2138,‎ ,‎ ,‎ ,‎ ,‎ ,‎ ,‎ ,‎ ,‎ ,‎ ,‎ ,‎ ,3,3,0.07692307692307693,3 / 39,1
/1t9i//A/HOH`1514/O,,"-22.112,46.207,26.761",1514,1,45.85,‎ ,‎ ,‎ ,‎ ,‎ ,‎ ,‎ ,‎ ,‎ ,‎ ,‎ ,‎ ,‎ ,‎ ,‎ ,‎ ,‎ ,‎ ,‎ ,‎ ,912,266,‎ ,‎ ,‎ ,‎ ,‎ ,1514,‎ ,‎ ,‎ ,‎ ,‎ ,‎ ,‎ ,‎ ,‎ ,‎ ,‎ ,‎ ,‎ ,‎ ,‎ ,‎ ,‎ ,‎ ,‎ ,‎ ,‎ ,‎ ,‎ ,‎ ,3,3,0.07692307692307693,3 / 39,1
/1t9i//A/HOH`1512/O,,"14.454,24.979,23.139",1512,1,41.1,‎ ,‎ ,‎ ,‎ ,‎ ,‎ ,‎ ,‎ ,‎ ,‎ ,‎ ,‎ ,‎ ,‎ ,‎ ,‎ ,‎ ,‎ ,‎ ,‎ ,‎ ,‎ ,‎ ,‎ ,‎ ,‎ ,‎ ,1512,‎ ,‎ ,‎ ,‎ ,‎ ,‎ ,‎ ,‎ ,‎ ,‎ ,‎ ,2052,‎ ,‎ ,‎ ,‎ ,‎ ,‎ ,‎ ,‎ ,‎ ,‎ ,‎ ,‎ ,2,2,0.05128205128205128,2 / 39,1
/1t9i//A/HOH`1511/O,,"16.445,21.206,36.093",1511,1,34.86,‎ ,‎ ,‎ ,‎ ,‎ ,‎ ,‎ ,‎ ,‎ ,‎ ,‎ ,‎ ,‎ ,‎ ,‎ ,‎ ,‎ ,‎ ,‎ ,‎ ,‎ ,‎ ,‎ ,2236,‎ ,‎ ,1296,1511,‎ ,‎ ,‎ ,‎ ,‎ ,197,‎ ,1022,1028,2036,2025,2031,‎ ,‎ ,‎ ,‎ ,‎ ,‎ ,‎ ,‎ ,‎ ,‎ ,‎ ,‎ ,9,8,0.20512820512820512,8 / 39,1
/1t9i//A/HOH`1509/O,,"-11.739,33.372,41.458",1509,1,34.97,‎ ,‎ ,‎ ,‎ ,‎ ,‎ ,‎ ,‎ ,‎ ,‎ ,‎ ,‎ ,‎ ,‎ ,‎ ,‎ ,‎ ,‎ ,‎ ,‎ ,871,224,537,‎ ,‎ ,‎ ,‎ ,1509,‎ ,‎ ,‎ ,‎ ,‎ ,‎ ,‎ ,‎ ,‎ ,‎ ,‎ ,‎ ,‎ ,‎ ,‎ ,‎ ,‎ ,‎ ,‎ ,‎ ,‎ ,‎ ,‎ ,‎ ,4,3,0.07692307692307693,3 / 39,1
/1t9i//A/HOH`1506/O,,"-22.52,38.223,21.19",1506,1,35.48,‎ ,‎ ,‎ ,‎ ,‎ ,‎ ,‎ ,‎ ,‎ ,‎ ,‎ ,‎ ,‎ ,‎ ,‎ ,‎ ,‎ ,‎ ,‎ ,‎ ,‎ ,‎ ,481,‎ ,‎ ,‎ ,‎ ,1506,‎ ,‎ ,‎ ,‎ ,‎ ,‎ ,‎ ,‎ ,‎ ,‎ ,‎ ,‎ ,‎ ,‎ ,‎ ,‎ ,‎ ,‎ ,‎ ,‎ ,‎ ,‎ ,‎ ,‎ ,2,2,0.05128205128205128,2 / 39,1
/1t9i//C/HOH`1504/O,,"17.187,26.953,40.562",1504,1,35.27,‎ ,‎ ,‎ ,‎ ,‎ ,‎ ,‎ ,‎ ,‎ ,‎ ,‎ ,‎ ,‎ ,‎ ,‎ ,‎ ,‎ ,‎ ,‎ ,‎ ,848,297,526,‎ ,‎ ,‎ ,1399,1504,‎ ,‎ ,‎ ,‎ ,‎ ,‎ ,‎ ,‎ ,‎ ,‎ ,‎ ,‎ ,‎ ,‎ ,‎ ,‎ ,‎ ,‎ ,‎ ,‎ ,‎ ,‎ ,‎ ,‎ ,5,4,0.10256410256410256,4 / 39,1
/1t9i//A/HOH`1502/O,,"11.625,27.131,20.294",1502,1,37.75,‎ ,‎ ,‎ ,‎ ,‎ ,‎ ,‎ ,‎ ,‎ ,‎ ,‎ ,‎ ,‎ ,‎ ,‎ ,‎ ,‎ ,‎ ,‎ ,‎ ,‎ ,‎ ,‎ ,‎ ,‎ ,‎ ,‎ ,1502,‎ ,‎ ,‎ ,‎ ,‎ ,‎ ,‎ ,‎ ,‎ ,‎ ,‎ ,2041,‎ ,‎ ,‎ ,‎ ,‎ ,‎ ,‎ ,‎ ,‎ ,‎ ,‎ ,‎ ,2,2,0.05128205128205128,2 / 39,1
/1t9i//B/HOH`1501/O,,"-16.06,47.469,30.02",1501,1,39.49,‎ ,‎ ,‎ ,‎ ,‎ ,‎ ,‎ ,‎ ,‎ ,‎ ,‎ ,‎ ,‎ ,‎ ,‎ ,‎ ,‎ ,‎ ,‎ ,‎ ,859,493,322,‎ ,‎ ,‎ ,‎ ,1501,‎ ,‎ ,‎ ,‎ ,‎ ,‎ ,‎ ,‎ ,‎ ,‎ ,‎ ,‎ ,‎ ,‎ ,‎ ,‎ ,‎ ,‎ ,‎ ,‎ ,‎ ,‎ ,‎ ,‎ ,4,3,0.07692307692307693,3 / 39,1
/1t9i//A/HOH`1500/O,,"13.248,46.115,39.491",1500,1,36.39,‎ ,‎ ,‎ ,‎ ,‎ ,‎ ,‎ ,‎ ,‎ ,‎ ,‎ ,‎ ,‎ ,‎ ,‎ ,‎ ,‎ ,‎ ,‎ ,‎ ,326,433,459,‎ ,‎ ,‎ ,‎ ,1500,‎ ,‎ ,‎ ,‎ ,202,‎ ,‎ ,‎ ,‎ ,‎ ,‎ ,‎ ,‎ ,‎ ,‎ ,2038,‎ ,‎ ,‎ ,‎ ,‎ ,‎ ,‎ ,‎ ,6,5,0.1282051282051282,5 / 39,1
/1t9i//A/HOH`1499/O,,"3.794,13.031,45.124",1499,1,32.56,‎ ,‎ ,‎ ,‎ ,‎ ,‎ ,‎ ,‎ ,‎ ,‎ ,‎ ,‎ ,2029,2025,‎ ,‎ ,‎ ,‎ ,‎ ,‎ ,‎ ,‎ ,‎ ,2126,‎ ,‎ ,‎ ,1499,‎ ,‎ ,‎ ,‎ ,‎ ,‎ ,‎ ,‎ ,‎ ,‎ ,‎ ,‎ ,‎ ,‎ ,‎ ,‎ ,‎ ,‎ ,‎ ,‎ ,‎ ,‎ ,‎ ,‎ ,4,3,0.07692307692307693,3 / 39,2
/1t9i//A/HOH`1498/O,,"-17.291,33.92,22.351",1498,1,29.66,‎ ,‎ ,‎ ,‎ ,‎ ,‎ ,‎ ,‎ ,‎ ,‎ ,‎ ,‎ ,‎ ,‎ ,‎ ,‎ ,‎ ,‎ ,‎ ,‎ ,‎ ,‎ ,467,‎ ,‎ ,‎ ,1385,1498,‎ ,‎ ,‎ ,‎ ,‎ ,‎ ,‎ ,‎ ,‎ ,2007,‎ ,‎ ,‎ ,‎ ,‎ ,‎ ,‎ ,‎ ,‎ ,‎ ,‎ ,‎ ,‎ ,‎ ,4,4,0.10256410256410256,4 / 39,1
/1t9i//A/HOH`1497/O,,"8.331,42.203,43.461",1497,1,27.02,‎ ,‎ ,‎ ,‎ ,‎ ,‎ ,‎ ,‎ ,‎ ,‎ ,‎ ,‎ ,‎ ,‎ ,‎ ,‎ ,‎ ,‎ ,‎ ,‎ ,‎ ,‎ ,‎ ,‎ ,‎ ,‎ ,‎ ,1497,1084,45,‎ ,‎ ,183,‎ ,‎ ,‎ ,‎ ,‎ ,‎ ,‎ ,‎ ,‎ ,‎ ,2012,‎ ,‎ ,‎ ,‎ ,‎ ,‎ ,‎ ,‎ ,5,5,0.1282051282051282,5 / 39,1
/1t9i//A/HOH`1496/O,,"10.867,16.707,24.694",1496,1,27.25,‎ ,‎ ,‎ ,‎ ,‎ ,‎ ,‎ ,‎ ,‎ ,‎ ,‎ ,‎ ,‎ ,‎ ,‎ ,‎ ,‎ ,‎ ,‎ ,‎ ,‎ ,‎ ,‎ ,2280,‎ ,‎ ,‎ ,1496,‎ ,‎ ,‎ ,176,‎ ,‎ ,‎ ,‎ ,1109,2142,‎ ,2134,‎ ,‎ ,‎ ,‎ ,‎ ,‎ ,‎ ,‎ ,‎ ,‎ ,‎ ,‎ ,6,6,0.15384615384615385,6 / 39,1
/1t9i//D/HOH`1495/O,,"16.773,45.823,35.875",1495,1,29.02,‎ ,‎ ,‎ ,‎ ,‎ ,‎ ,‎ ,‎ ,‎ ,‎ ,‎ ,‎ ,‎ ,‎ ,‎ ,‎ ,‎ ,‎ ,‎ ,‎ ,‎ ,‎ ,‎ ,‎ ,‎ ,‎ ,1234,1495,‎ ,‎ ,‎ ,‎ ,‎ ,‎ ,99,‎ ,1014,‎ ,‎ ,‎ ,‎ ,‎ ,‎ ,‎ ,‎ ,‎ ,‎ ,‎ ,‎ ,‎ ,‎ ,‎ ,4,4,0.10256410256410256,4 / 39,1
/1t9i//D/HOH`1494/O,,"4.647,39.669,44.097",1494,1,30.82,‎ ,‎ ,‎ ,‎ ,‎ ,‎ ,‎ ,‎ ,‎ ,‎ ,‎ ,‎ ,‎ ,‎ ,‎ ,‎ ,‎ ,‎ ,‎ ,‎ ,‎ ,‎ ,‎ ,2217,‎ ,‎ ,‎ ,1494,‎ ,‎ ,‎ ,‎ ,‎ ,‎ ,‎ ,‎ ,‎ ,‎ ,‎ ,‎ ,‎ ,‎ ,‎ ,‎ ,‎ ,2033,‎ ,‎ ,‎ ,‎ ,‎ ,‎ ,3,3,0.07692307692307693,3 / 39,1
/1t9i//A/HOH`1493/O,,"-13.491,29.52,24.514",1493,1,33.63,‎ ,‎ ,‎ ,‎ ,‎ ,‎ ,‎ ,‎ ,‎ ,‎ ,‎ ,‎ ,‎ ,‎ ,‎ ,‎ ,‎ ,‎ ,‎ ,‎ ,‎ ,194,577,‎ ,‎ ,‎ ,‎ ,1493,‎ ,‎ ,‎ ,‎ ,‎ ,‎ ,‎ ,‎ ,‎ ,‎ ,2078,2077,‎ ,‎ ,‎ ,‎ ,‎ ,‎ ,‎ ,‎ ,‎ ,‎ ,‎ ,‎ ,5,4,0.10256410256410256,4 / 39,1
/1t9i//A/HOH`1491/O,,"-1.476,25.337,18.532",1491,1,29.39,‎ ,‎ ,‎ ,‎ ,‎ ,‎ ,‎ ,‎ ,‎ ,‎ ,‎ ,‎ ,‎ ,‎ ,‎ ,‎ ,‎ ,‎ ,‎ ,‎ ,‎ ,241,470,‎ ,‎ ,‎ ,‎ ,1491,‎ ,‎ ,‎ ,209,‎ ,‎ ,‎ ,‎ ,‎ ,‎ ,2027,2033,‎ ,‎ ,‎ ,‎ ,‎ ,‎ ,‎ ,‎ ,‎ ,‎ ,‎ ,‎ ,6,5,0.1282051282051282,5 / 39,1
/1t9i//C/HOH`1489/O,,"18.843,51.883,13.241",1489,1,27.0,‎ ,‎ ,‎ ,‎ ,‎ ,‎ ,‎ ,‎ ,‎ ,‎ ,‎ ,‎ ,‎ ,‎ ,‎ ,‎ ,‎ ,‎ ,‎ ,‎ ,‎ ,‎ ,‎ ,‎ ,‎ ,‎ ,‎ ,1489,‎ ,‎ ,‎ ,‎ ,‎ ,‎ ,‎ ,‎ ,‎ ,‎ ,2011,2016,‎ ,‎ ,‎ ,‎ ,‎ ,‎ ,‎ ,‎ ,‎ ,‎ ,‎ ,‎ ,3,3,0.07692307692307693,3 / 39,1
/1t9i//A/HOH`1488/O,,"6.665,24.215,18.567",1488,1,23.17,‎ ,‎ ,‎ ,‎ ,‎ ,‎ ,‎ ,‎ ,‎ ,‎ ,‎ ,‎ ,‎ ,‎ ,‎ ,‎ ,‎ ,‎ ,‎ ,‎ ,‎ ,‎ ,444,‎ ,‎ ,‎ ,1244,1488,‎ ,‎ ,‎ ,‎ ,‎ ,‎ ,‎ ,‎ ,1039,2119,2040,2043,‎ ,‎ ,‎ ,‎ ,‎ ,‎ ,‎ ,‎ ,‎ ,‎ ,‎ ,‎ ,7,7,0.1794871794871795,7 / 39,1
/1t9i//A/HOH`1486/O,,"14.898,23.727,44.816",1486,1,31.06,‎ ,‎ ,‎ ,‎ ,‎ ,‎ ,‎ ,‎ ,‎ ,‎ ,‎ ,‎ ,‎ ,‎ ,‎ ,‎ ,‎ ,‎ ,‎ ,‎ ,‎ ,394,422,2343,‎ ,‎ ,‎ ,1486,‎ ,636,‎ ,187,67,‎ ,‎ ,‎ ,‎ ,‎ ,‎ ,2020,‎ ,‎ ,‎ ,‎ ,‎ ,‎ ,‎ ,‎ ,‎ ,‎ ,‎ ,‎ ,8,6,0.15384615384615385,6 / 39,1
/1t9i//C/HOH`1484/O,,"18.681,26.029,36.013",1484,1,33.06,‎ ,‎ ,‎ ,‎ ,‎ ,‎ ,‎ ,‎ ,‎ ,‎ ,‎ ,‎ ,‎ ,‎ ,‎ ,‎ ,‎ ,‎ ,‎ ,‎ ,‎ ,‎ ,328,‎ ,‎ ,‎ ,‎ ,1484,‎ ,‎ ,‎ ,59,‎ ,‎ ,‎ ,1064,1048,2016,‎ ,‎ ,‎ ,‎ ,‎ ,‎ ,‎ ,‎ ,‎ ,‎ ,‎ ,‎ ,‎ ,‎ ,6,5,0.1282051282051282,5 / 39,1
/1t9i//A/HOH`1482/O,,"-15.724,47.04,41.892",1482,1,41.37,‎ ,‎ ,‎ ,‎ ,‎ ,‎ ,‎ ,‎ ,‎ ,‎ ,‎ ,‎ ,‎ ,‎ ,‎ ,‎ ,‎ ,‎ ,‎ ,‎ ,‎ ,‎ ,‎ ,‎ ,‎ ,‎ ,‎ ,1482,‎ ,‎ ,‎ ,‎ ,99,‎ ,‎ ,‎ ,‎ ,‎ ,‎ ,‎ ,‎ ,‎ ,‎ ,‎ ,‎ ,‎ ,‎ ,‎ ,‎ ,‎ ,‎ ,‎ ,2,2,0.05128205128205128,2 / 39,1
/1t9i//A/HOH`1480/O,,"-13.463,42.195,12.44",1480,1,41.03,592,‎ ,‎ ,‎ ,‎ ,‎ ,‎ ,‎ ,‎ ,‎ ,‎ ,‎ ,‎ ,‎ ,‎ ,‎ ,‎ ,‎ ,‎ ,‎ ,‎ ,322,493,‎ ,‎ ,‎ ,‎ ,1480,‎ ,‎ ,‎ ,‎ ,‎ ,‎ ,‎ ,‎ ,‎ ,‎ ,‎ ,‎ ,‎ ,‎ ,‎ ,‎ ,‎ ,‎ ,‎ ,‎ ,‎ ,‎ ,‎ ,‎ ,4,3,0.07692307692307693,3 / 39,2
/1t9i//A/HOH`1479/O,,"-15.094,35.191,17.946",1479,1,39.7,‎ ,‎ ,‎ ,‎ ,‎ ,‎ ,‎ ,‎ ,‎ ,‎ ,‎ ,‎ ,‎ ,‎ ,‎ ,‎ ,‎ ,‎ ,‎ ,‎ ,866,202,563,‎ ,‎ ,‎ ,‎ ,1479,‎ ,‎ ,‎ ,‎ ,‎ ,‎ ,‎ ,‎ ,‎ ,2092,‎ ,2082,‎ ,‎ ,‎ ,‎ ,‎ ,‎ ,‎ ,‎ ,‎ ,‎ ,‎ ,‎ ,6,5,0.1282051282051282,5 / 39,1
/1t9i//A/HOH`1478/O,,"-18.157,53.79,24.808",1478,1,47.17,‎ ,‎ ,‎ ,‎ ,‎ ,‎ ,‎ ,‎ ,‎ ,‎ ,‎ ,‎ ,‎ ,‎ ,‎ ,‎ ,‎ ,‎ ,‎ ,‎ ,‎ ,563,202,‎ ,‎ ,‎ ,‎ ,1478,‎ ,‎ ,‎ ,‎ ,‎ ,‎ ,‎ ,‎ ,‎ ,‎ ,‎ ,‎ ,‎ ,‎ ,‎ ,‎ ,‎ ,‎ ,‎ ,‎ ,‎ ,‎ ,‎ ,‎ ,3,2,0.05128205128205128,2 / 39,1
/1t9i//A/HOH`1477/O,,"-3.582,41.641,45.933",1477,1,35.34,‎ ,‎ ,‎ ,‎ ,‎ ,‎ ,‎ ,‎ ,‎ ,‎ ,‎ ,‎ ,‎ ,‎ ,‎ ,‎ ,‎ ,‎ ,‎ ,‎ ,327,‎ ,441,‎ ,‎ ,‎ ,‎ ,1477,‎ ,‎ ,‎ ,‎ ,‎ ,‎ ,‎ ,‎ ,‎ ,‎ ,‎ ,‎ ,‎ ,‎ ,‎ ,‎ ,‎ ,‎ ,‎ ,‎ ,‎ ,‎ ,‎ ,‎ ,3,3,0.07692307692307693,3 / 39,1
/1t9i//A/HOH`1474/O,,"12.955,20.894,24.699",1474,1,32.27,‎ ,‎ ,‎ ,‎ ,‎ ,‎ ,‎ ,‎ ,‎ ,‎ ,‎ ,‎ ,‎ ,‎ ,‎ ,‎ ,‎ ,‎ ,‎ ,‎ ,‎ ,‎ ,‎ ,‎ ,‎ ,‎ ,‎ ,1474,‎ ,‎ ,‎ ,‎ ,‎ ,‎ ,‎ ,‎ ,‎ ,‎ ,2106,‎ ,‎ ,‎ ,‎ ,‎ ,‎ ,‎ ,‎ ,‎ ,‎ ,‎ ,‎ ,‎ ,2,2,0.05128205128205128,2 / 39,1
/1t9i//A/HOH`1472/O,,"16.402,27.133,25.356",1472,1,34.46,‎ ,‎ ,‎ ,‎ ,‎ ,‎ ,‎ ,‎ ,‎ ,‎ ,‎ ,‎ ,‎ ,‎ ,‎ ,‎ ,‎ ,‎ ,‎ ,‎ ,‎ ,‎ ,‎ ,‎ ,‎ ,‎ ,‎ ,1472,‎ ,‎ ,‎ ,‎ ,‎ ,‎ ,‎ ,‎ ,‎ ,‎ ,‎ ,2126,‎ ,‎ ,‎ ,‎ ,‎ ,‎ ,‎ ,‎ ,‎ ,‎ ,‎ ,‎ ,2,2,0.05128205128205128,2 / 39,1
/1t9i//A/HOH`1471/O,,"-8.726,20.99,36.086",1471,1,48.84,‎ ,‎ ,‎ ,‎ ,‎ ,‎ ,‎ ,‎ ,‎ ,‎ ,‎ ,‎ ,‎ ,‎ ,‎ ,‎ ,‎ ,‎ ,‎ ,‎ ,‎ ,281,567,‎ ,‎ ,‎ ,‎ ,1471,‎ ,‎ ,‎ ,‎ ,‎ ,‎ ,‎ ,‎ ,‎ ,‎ ,‎ ,‎ ,‎ ,‎ ,‎ ,‎ ,‎ ,‎ ,‎ ,‎ ,‎ ,‎ ,‎ ,‎ ,3,2,0.05128205128205128,2 / 39,1
/1t9i//A/HOH`1469/O,,"18.558,21.694,29.202",1469,1,38.21,‎ ,‎ ,‎ ,‎ ,‎ ,‎ ,‎ ,‎ ,‎ ,‎ ,‎ ,‎ ,‎ ,‎ ,‎ ,‎ ,‎ ,‎ ,‎ ,‎ ,‎ ,‎ ,‎ ,‎ ,‎ ,‎ ,‎ ,1469,‎ ,‎ ,‎ ,‎ ,‎ ,‎ ,‎ ,‎ ,‎ ,2147,‎ ,‎ ,‎ ,‎ ,‎ ,‎ ,‎ ,‎ ,‎ ,‎ ,‎ ,‎ ,‎ ,‎ ,2,2,0.05128205128205128,2 / 39,1
/1t9i//A/HOH`1468/O,,"2.212,55.979,38.678",1468,1,30.6,‎ ,‎ ,‎ ,‎ ,‎ ,‎ ,‎ ,‎ ,‎ ,‎ ,‎ ,‎ ,‎ ,‎ ,‎ ,‎ ,‎ ,‎ ,‎ ,‎ ,‎ ,285,442,‎ ,‎ ,‎ ,‎ ,1468,‎ ,‎ ,‎ ,‎ ,‎ ,‎ ,‎ ,‎ ,1041,2048,2043,2047,‎ ,‎ ,‎ ,‎ ,‎ ,‎ ,‎ ,‎ ,‎ ,‎ ,‎ ,‎ ,7,6,0.15384615384615385,6 / 39,1
/1t9i//C/HOH`1464/O,,"-0.211,31.621,47.899",1464,1,38.43,‎ ,‎ ,‎ ,‎ ,‎ ,‎ ,‎ ,‎ ,‎ ,‎ ,‎ ,‎ ,‎ ,‎ ,‎ ,‎ ,‎ ,‎ ,142,‎ ,227,‎ ,‎ ,‎ ,‎ ,‎ ,‎ ,1464,‎ ,‎ ,‎ ,‎ ,‎ ,‎ ,‎ ,‎ ,‎ ,‎ ,‎ ,‎ ,‎ ,‎ ,‎ ,‎ ,‎ ,2001,2001,‎ ,‎ ,‎ ,‎ ,‎ ,5,4,0.10256410256410256,4 / 39,2
/1t9i//A/HOH`1462/O,,"-7.067,33.851,15.811",1462,1,33.9,‎ ,‎ ,‎ ,‎ ,‎ ,‎ ,‎ ,‎ ,‎ ,‎ ,‎ ,‎ ,‎ ,‎ ,‎ ,‎ ,‎ ,‎ ,‎ ,‎ ,‎ ,‎ ,578,‎ ,‎ ,‎ ,‎ ,1462,‎ ,‎ ,‎ ,‎ ,‎ ,‎ ,‎ ,‎ ,‎ ,‎ ,‎ ,‎ ,‎ ,‎ ,‎ ,‎ ,‎ ,‎ ,‎ ,‎ ,‎ ,‎ ,‎ ,‎ ,2,2,0.05128205128205128,2 / 39,1
/1t9i//C/HOH`1461/O,,"19.909,29.776,46.575",1461,1,42.12,‎ ,‎ ,‎ ,‎ ,‎ ,‎ ,‎ ,‎ ,‎ ,‎ ,‎ ,‎ ,‎ ,‎ ,‎ ,‎ ,‎ ,‎ ,‎ ,‎ ,‎ ,‎ ,‎ ,‎ ,‎ ,‎ ,‎ ,1461,‎ ,‎ ,‎ ,‎ ,‎ ,‎ ,‎ ,‎ ,‎ ,‎ ,2011,‎ ,‎ ,‎ ,‎ ,‎ ,‎ ,‎ ,‎ ,‎ ,‎ ,‎ ,‎ ,‎ ,2,2,0.05128205128205128,2 / 39,1
/1t9i//A/HOH`1457/O,,"-9.922,28.869,16.636",1457,1,52.06,‎ ,‎ ,‎ ,‎ ,‎ ,‎ ,‎ ,‎ ,‎ ,‎ ,‎ ,‎ ,‎ ,‎ ,‎ ,‎ ,‎ ,‎ ,‎ ,‎ ,‎ ,‎ ,627,‎ ,‎ ,‎ ,‎ ,1457,‎ ,‎ ,‎ ,‎ ,‎ ,‎ ,‎ ,‎ ,‎ ,‎ ,‎ ,‎ ,‎ ,‎ ,‎ ,‎ ,‎ ,‎ ,‎ ,‎ ,‎ ,‎ ,‎ ,‎ ,2,2,0.05128205128205128,2 / 39,1
/1t9i//A/HOH`1454/O,,"-19.645,39.378,38.049",1454,1,40.0,‎ ,‎ ,‎ ,‎ ,‎ ,‎ ,‎ ,‎ ,‎ ,‎ ,‎ ,‎ ,‎ ,‎ ,‎ ,‎ ,‎ ,‎ ,‎ ,‎ ,‎ ,‎ ,‎ ,‎ ,‎ ,‎ ,1142,1454,‎ ,‎ ,‎ ,‎ ,‎ ,‎ ,‎ ,‎ ,‎ ,‎ ,‎ ,‎ ,‎ ,‎ ,‎ ,‎ ,‎ ,‎ ,‎ ,‎ ,‎ ,‎ ,‎ ,‎ ,2,2,0.05128205128205128,2 / 39,1
/1t9i//D/HOH`1453/O,,"10.363,16.735,48.311",1453,1,41.62,‎ ,‎ ,‎ ,‎ ,‎ ,‎ ,‎ ,‎ ,‎ ,‎ ,‎ ,‎ ,‎ ,‎ ,‎ ,‎ ,‎ ,‎ ,‎ ,‎ ,‎ ,‎ ,936,‎ ,‎ ,‎ ,‎ ,1453,‎ ,‎ ,‎ ,‎ ,‎ ,‎ ,‎ ,‎ ,‎ ,‎ ,‎ ,‎ ,‎ ,‎ ,‎ ,‎ ,‎ ,‎ ,‎ ,‎ ,‎ ,‎ ,‎ ,‎ ,2,2,0.05128205128205128,2 / 39,1
/1t9i//A/HOH`1450/O,,"1.899,10.584,28.377",1450,1,35.95,‎ ,‎ ,‎ ,‎ ,‎ ,‎ ,‎ ,‎ ,‎ ,‎ ,‎ ,‎ ,‎ ,‎ ,‎ ,‎ ,‎ ,‎ ,‎ ,‎ ,‎ ,‎ ,‎ ,‎ ,‎ ,‎ ,‎ ,1450,‎ ,‎ ,‎ ,‎ ,‎ ,‎ ,‎ ,‎ ,‎ ,2114,‎ ,‎ ,‎ ,‎ ,‎ ,‎ ,‎ ,‎ ,‎ ,‎ ,‎ ,‎ ,‎ ,‎ ,2,2,0.05128205128205128,2 / 39,1
/1t9i//A/HOH`1448/O,,"-14.36,33.32,38.546",1448,1,38.24,‎ ,‎ ,‎ ,‎ ,‎ ,‎ ,‎ ,‎ ,‎ ,‎ ,‎ ,‎ ,‎ ,‎ ,‎ ,‎ ,‎ ,‎ ,‎ ,‎ ,‎ ,272,499,‎ ,‎ ,‎ ,‎ ,1448,‎ ,‎ ,77,218,‎ ,‎ ,‎ ,‎ ,‎ ,2004,2002,2002,‎ ,‎ ,‎ ,‎ ,‎ ,‎ ,‎ ,‎ ,‎ ,‎ ,‎ ,‎ ,8,7,0.1794871794871795,7 / 39,1
/1t9i//A/HOH`1443/O,,"20.216,11.869,32.028",1443,1,34.86,‎ ,‎ ,‎ ,‎ ,‎ ,‎ ,‎ ,‎ ,‎ ,‎ ,‎ ,‎ ,‎ ,‎ ,‎ ,‎ ,‎ ,‎ ,‎ ,‎ ,‎ ,‎ ,‎ ,‎ ,‎ ,‎ ,‎ ,1443,‎ ,‎ ,‎ ,‎ ,‎ ,‎ ,‎ ,‎ ,‎ ,2149,‎ ,‎ ,‎ ,‎ ,‎ ,‎ ,‎ ,‎ ,‎ ,‎ ,‎ ,‎ ,‎ ,‎ ,2,2,0.05128205128205128,2 / 39,1
/1t9i//A/HOH`1442/O,,"0.633,26.424,17.56",1442,1,35.15,‎ ,‎ ,‎ ,‎ ,‎ ,‎ ,‎ ,‎ ,‎ ,‎ ,‎ ,‎ ,‎ ,‎ ,‎ ,‎ ,‎ ,‎ ,741,‎ ,‎ ,‎ ,‎ ,‎ ,‎ ,‎ ,‎ ,1442,‎ ,‎ ,‎ ,‎ ,‎ ,‎ ,‎ ,‎ ,‎ ,‎ ,‎ ,‎ ,‎ ,‎ ,‎ ,‎ ,‎ ,‎ ,‎ ,‎ ,‎ ,‎ ,‎ ,‎ ,2,2,0.05128205128205128,2 / 39,2
/1t9i//B/HOH`1438/O,,"-20.22,42.937,20.859",1438,1,34.25,‎ ,‎ ,‎ ,‎ ,‎ ,‎ ,‎ ,‎ ,‎ ,‎ ,‎ ,‎ ,‎ ,‎ ,‎ ,‎ ,‎ ,‎ ,‎ ,‎ ,‎ ,‎ ,177,‎ ,‎ ,‎ ,1380,1438,‎ ,‎ ,‎ ,173,‎ ,‎ ,‎ ,‎ ,‎ ,‎ ,‎ ,‎ ,‎ ,‎ ,‎ ,‎ ,‎ ,‎ ,‎ ,‎ ,‎ ,‎ ,‎ ,‎ ,4,4,0.10256410256410256,4 / 39,1
/1t9i//A/HOH`1433/O,,"9.513,43.551,41.454",1433,1,25.27,‎ ,‎ ,‎ ,‎ ,‎ ,‎ ,‎ ,‎ ,‎ ,‎ ,‎ ,‎ ,‎ ,‎ ,‎ ,‎ ,‎ ,‎ ,‎ ,‎ ,‎ ,‎ ,‎ ,2386,‎ ,1133,1040,1433,‎ ,‎ ,‎ ,‎ ,18,‎ ,‎ ,‎ ,‎ ,‎ ,‎ ,‎ ,‎ ,‎ ,‎ ,2036,2019,2035,2024,‎ ,‎ ,‎ ,‎ ,‎ ,9,7,0.1794871794871795,7 / 39,1
/1t9i//C/HOH`1432/O,,"17.377,50.999,27.614",1432,1,36.59,‎ ,‎ ,‎ ,‎ ,‎ ,‎ ,‎ ,‎ ,‎ ,‎ ,‎ ,‎ ,‎ ,‎ ,‎ ,‎ ,‎ ,‎ ,‎ ,‎ ,‎ ,‎ ,937,‎ ,‎ ,‎ ,1196,1432,‎ ,‎ ,‎ ,‎ ,‎ ,‎ ,‎ ,‎ ,‎ ,‎ ,‎ ,2006,‎ ,‎ ,‎ ,‎ ,‎ ,‎ ,‎ ,‎ ,‎ ,‎ ,‎ ,‎ ,4,4,0.10256410256410256,4 / 39,1
/1t9i//C/HOH`1431/O,,"-1.863,25.249,49.752",1431,1,37.19,‎ ,‎ ,‎ ,‎ ,‎ ,‎ ,‎ ,‎ ,‎ ,‎ ,‎ ,‎ ,‎ ,‎ ,‎ ,‎ ,‎ ,‎ ,‎ ,‎ ,‎ ,‎ ,448,‎ ,‎ ,‎ ,‎ ,1431,‎ ,‎ ,‎ ,‎ ,‎ ,‎ ,‎ ,‎ ,‎ ,‎ ,‎ ,‎ ,‎ ,‎ ,‎ ,‎ ,‎ ,‎ ,‎ ,‎ ,‎ ,‎ ,‎ ,‎ ,2,2,0.05128205128205128,2 / 39,1
/1t9i//D/HOH`1429/O,,"-2.859,33.294,47.716",1429,1,37.15,‎ ,‎ ,‎ ,‎ ,‎ ,‎ ,‎ ,‎ ,‎ ,‎ ,‎ ,‎ ,‎ ,‎ ,‎ ,‎ ,‎ ,‎ ,‎ ,‎ ,‎ ,‎ ,‎ ,2412,‎ ,‎ ,‎ ,1429,‎ ,‎ ,‎ ,‎ ,‎ ,‎ ,‎ ,‎ ,‎ ,‎ ,‎ ,‎ ,‎ ,‎ ,‎ ,‎ ,‎ ,‎ ,‎ ,‎ ,‎ ,‎ ,‎ ,‎ ,2,2,0.05128205128205128,2 / 39,1
/1t9i//B/HOH`1427/O,,"-18.072,46.135,29.551",1427,1,38.46,‎ ,‎ ,‎ ,‎ ,‎ ,‎ ,‎ ,‎ ,‎ ,‎ ,‎ ,‎ ,‎ ,‎ ,‎ ,‎ ,‎ ,‎ ,‎ ,‎ ,‎ ,‎ ,‎ ,‎ ,‎ ,‎ ,1137,1427,‎ ,‎ ,‎ ,214,‎ ,‎ ,‎ ,‎ ,‎ ,‎ ,‎ ,‎ ,‎ ,‎ ,‎ ,‎ ,‎ ,‎ ,‎ ,‎ ,‎ ,‎ ,‎ ,‎ ,3,3,0.07692307692307693,3 / 39,1
/1t9i//A/HOH`1425/O,,"-17.047,30.3,29.736",1425,1,34.17,‎ ,‎ ,‎ ,‎ ,‎ ,‎ ,‎ ,‎ ,‎ ,‎ ,‎ ,‎ ,‎ ,‎ ,‎ ,‎ ,‎ ,‎ ,‎ ,‎ ,‎ ,‎ ,400,‎ ,‎ ,‎ ,‎ ,1425,‎ ,‎ ,‎ ,‎ ,‎ ,‎ ,‎ ,‎ ,1023,‎ ,2020,2023,‎ ,‎ ,‎ ,‎ ,‎ ,‎ ,‎ ,‎ ,‎ ,‎ ,‎ ,‎ ,5,5,0.1282051282051282,5 / 39,1
/1t9i//A/HOH`1421/O,,"6.246,30.469,15.922",1421,1,38.27,‎ ,‎ ,‎ ,‎ ,‎ ,‎ ,‎ ,‎ ,‎ ,‎ ,‎ ,‎ ,‎ ,‎ ,‎ ,‎ ,‎ ,‎ ,‎ ,‎ ,‎ ,‎ ,‎ ,‎ ,‎ ,‎ ,1461,1421,‎ ,‎ ,‎ ,‎ ,‎ ,‎ ,‎ ,‎ ,‎ ,2124,2110,‎ ,‎ ,‎ ,‎ ,‎ ,‎ ,‎ ,‎ ,‎ ,‎ ,‎ ,‎ ,‎ ,4,4,0.10256410256410256,4 / 39,1
/1t9i//D/HOH`1419/O,,"-8.791,29.626,42.941",1419,1,33.02,‎ ,‎ ,‎ ,‎ ,‎ ,‎ ,‎ ,‎ ,‎ ,‎ ,‎ ,‎ ,‎ ,‎ ,‎ ,‎ ,‎ ,‎ ,‎ ,‎ ,‎ ,‎ ,982,2366,‎ ,‎ ,‎ ,1419,‎ ,‎ ,‎ ,‎ ,‎ ,‎ ,‎ ,‎ ,‎ ,2082,‎ ,‎ ,‎ ,‎ ,‎ ,‎ ,‎ ,‎ ,2026,‎ ,‎ ,‎ ,‎ ,‎ ,5,5,0.1282051282051282,5 / 39,1
/1t9i//A/HOH`1417/O,,"-12.358,35.082,38.678",1417,1,34.89,‎ ,‎ ,‎ ,‎ ,‎ ,‎ ,‎ ,‎ ,‎ ,‎ ,‎ ,‎ ,‎ ,‎ ,‎ ,‎ ,‎ ,‎ ,‎ ,‎ ,‎ ,332,‎ ,‎ ,‎ ,‎ ,‎ ,1417,‎ ,‎ ,‎ ,‎ ,‎ ,‎ ,‎ ,‎ ,‎ ,‎ ,‎ ,‎ ,‎ ,‎ ,‎ ,‎ ,‎ ,‎ ,‎ ,‎ ,‎ ,330,‎ ,‎ ,3,3,0.07692307692307693,3 / 39,1
/1t9i//A/HOH`1404/O,,"-12.868,31.222,38.465",1404,1,35.06,‎ ,‎ ,‎ ,‎ ,‎ ,‎ ,‎ ,‎ ,‎ ,‎ ,‎ ,‎ ,‎ ,‎ ,‎ ,‎ ,‎ ,‎ ,‎ ,‎ ,‎ ,‎ ,‎ ,‎ ,‎ ,‎ ,‎ ,1404,‎ ,‎ ,‎ ,‎ ,‎ ,‎ ,‎ ,‎ ,1001,2001,‎ ,2001,‎ ,‎ ,‎ ,‎ ,‎ ,2001,‎ ,‎ ,‎ ,‎ ,‎ ,‎ ,5,5,0.1282051282051282,5 / 39,1
/1t9i//A/HOH`1402/O,,"6.493,7.313,32.897",1402,1,40.32,‎ ,‎ ,‎ ,‎ ,‎ ,‎ ,‎ ,‎ ,‎ ,‎ ,‎ ,‎ ,‎ ,‎ ,‎ ,‎ ,‎ ,‎ ,‎ ,‎ ,886,392,‎ ,2186,‎ ,‎ ,‎ ,1402,‎ ,‎ ,‎ ,‎ ,‎ ,‎ ,‎ ,‎ ,‎ ,‎ ,‎ ,‎ ,‎ ,‎ ,‎ ,‎ ,‎ ,‎ ,‎ ,‎ ,‎ ,‎ ,‎ ,‎ ,4,4,0.10256410256410256,4 / 39,1
/1t9i//C/HOH`1399/O,,"21.695,29.946,37.937",1399,1,44.68,‎ ,‎ ,‎ ,‎ ,‎ ,‎ ,‎ ,‎ ,‎ ,‎ ,‎ ,‎ ,‎ ,‎ ,‎ ,‎ ,‎ ,‎ ,‎ ,‎ ,‎ ,‎ ,342,‎ ,‎ ,‎ ,‎ ,1399,‎ ,‎ ,‎ ,190,‎ ,‎ ,‎ ,‎ ,‎ ,‎ ,‎ ,‎ ,‎ ,‎ ,‎ ,‎ ,‎ ,‎ ,‎ ,‎ ,‎ ,‎ ,‎ ,‎ ,3,3,0.07692307692307693,3 / 39,1
/1t9i//B/HOH`1396/O,,"-16.145,60.426,17.667",1396,1,36.93,‎ ,‎ ,‎ ,‎ ,‎ ,‎ ,‎ ,‎ ,‎ ,‎ ,‎ ,‎ ,‎ ,‎ ,‎ ,‎ ,‎ ,‎ ,‎ ,‎ ,‎ ,‎ ,‎ ,‎ ,‎ ,‎ ,1091,1396,‎ ,‎ ,‎ ,‎ ,‎ ,‎ ,‎ ,‎ ,‎ ,‎ ,‎ ,‎ ,‎ ,‎ ,‎ ,‎ ,‎ ,‎ ,‎ ,‎ ,‎ ,‎ ,‎ ,‎ ,2,2,0.05128205128205128,2 / 39,1
/1t9i//A/HOH`1394/O,,"-10.36,53.299,31.994",1394,1,33.93,‎ ,‎ ,‎ ,‎ ,‎ ,‎ ,‎ ,‎ ,‎ ,‎ ,‎ ,‎ ,‎ ,‎ ,‎ ,‎ ,‎ ,‎ ,‎ ,‎ ,‎ ,‎ ,432,‎ ,‎ ,‎ ,‎ ,1394,‎ ,‎ ,‎ ,‎ ,160,‎ ,‎ ,‎ ,‎ ,‎ ,‎ ,‎ ,‎ ,‎ ,‎ ,‎ ,‎ ,‎ ,‎ ,‎ ,‎ ,‎ ,‎ ,‎ ,3,3,0.07692307692307693,3 / 39,1
/1t9i//C/HOH`1388/O,,"13.331,28.733,49.458",1388,1,38.57,‎ ,‎ ,‎ ,‎ ,‎ ,‎ ,‎ ,‎ ,‎ ,‎ ,‎ ,‎ ,‎ ,‎ ,‎ ,‎ ,‎ ,‎ ,‎ ,‎ ,860,797,465,2213,‎ ,‎ ,‎ ,1388,‎ ,‎ ,‎ ,121,‎ ,‎ ,‎ ,‎ ,‎ ,‎ ,‎ ,‎ ,‎ ,‎ ,‎ ,‎ ,‎ ,‎ ,‎ ,‎ ,‎ ,‎ ,‎ ,‎ ,6,5,0.1282051282051282,5 / 39,1
/1t9i//A/HOH`1385/O,,"-20.545,36.635,36.673",1385,1,29.19,‎ ,‎ ,‎ ,‎ ,‎ ,‎ ,‎ ,‎ ,‎ ,‎ ,‎ ,‎ ,‎ ,‎ ,‎ ,‎ ,‎ ,‎ ,‎ ,‎ ,‎ ,‎ ,518,‎ ,‎ ,‎ ,‎ ,1385,‎ ,‎ ,‎ ,‎ ,‎ ,‎ ,‎ ,‎ ,‎ ,2008,2003,2005,‎ ,‎ ,‎ ,‎ ,‎ ,‎ ,‎ ,‎ ,‎ ,‎ ,‎ ,‎ ,5,5,0.1282051282051282,5 / 39,1
/1t9i//A/HOH`1379/O,,"16.261,23.433,42.112",1379,1,35.04,‎ ,‎ ,‎ ,‎ ,‎ ,‎ ,‎ ,‎ ,‎ ,‎ ,‎ ,‎ ,‎ ,‎ ,‎ ,‎ ,‎ ,‎ ,‎ ,‎ ,‎ ,‎ ,‎ ,2407,‎ ,‎ ,‎ ,1379,‎ ,‎ ,‎ ,‎ ,165,‎ ,‎ ,‎ ,‎ ,‎ ,‎ ,‎ ,‎ ,‎ ,‎ ,‎ ,‎ ,‎ ,‎ ,‎ ,‎ ,‎ ,‎ ,‎ ,3,3,0.07692307692307693,3 / 39,1
/1t9i//C/HOH`1378/O,,"18.868,53.491,27.477",1378,1,40.41,‎ ,‎ ,‎ ,‎ ,‎ ,‎ ,‎ ,‎ ,‎ ,‎ ,‎ ,‎ ,‎ ,‎ ,‎ ,‎ ,‎ ,‎ ,‎ ,‎ ,‎ ,‎ ,491,‎ ,‎ ,‎ ,‎ ,1378,‎ ,‎ ,‎ ,‎ ,‎ ,‎ ,‎ ,‎ ,‎ ,‎ ,‎ ,‎ ,‎ ,‎ ,‎ ,‎ ,‎ ,‎ ,‎ ,‎ ,‎ ,‎ ,‎ ,‎ ,2,2,0.05128205128205128,2 / 39,1
/1t9i//A/HOH`1374/O,,"-11.558,37.904,16.059",1374,1,39.48,‎ ,‎ ,‎ ,‎ ,‎ ,‎ ,‎ ,‎ ,‎ ,‎ ,‎ ,‎ ,‎ ,‎ ,‎ ,‎ ,‎ ,‎ ,‎ ,‎ ,‎ ,214,463,‎ ,‎ ,‎ ,‎ ,1374,1188,‎ ,‎ ,‎ ,‎ ,‎ ,‎ ,‎ ,‎ ,2035,‎ ,‎ ,‎ ,‎ ,‎ ,‎ ,‎ ,‎ ,‎ ,‎ ,‎ ,‎ ,‎ ,‎ ,5,4,0.10256410256410256,4 / 39,1
/1t9i//D/HOH`1371/O,,"15.01,40.52,16.952",1371,1,32.86,‎ ,‎ ,‎ ,‎ ,‎ ,‎ ,‎ ,‎ ,‎ ,‎ ,‎ ,‎ ,‎ ,‎ ,‎ ,‎ ,‎ ,‎ ,‎ ,‎ ,‎ ,‎ ,‎ ,‎ ,‎ ,‎ ,‎ ,1371,‎ ,‎ ,‎ ,‎ ,‎ ,‎ ,‎ ,1031,1048,2048,‎ ,2030,‎ ,‎ ,‎ ,‎ ,‎ ,‎ ,‎ ,‎ ,‎ ,‎ ,‎ ,‎ ,5,4,0.10256410256410256,4 / 39,1
/1t9i//A/HOH`1369/O,,"-7.167,24.52,19.854",1369,1,44.48,‎ ,‎ ,‎ ,‎ ,‎ ,‎ ,‎ ,‎ ,‎ ,‎ ,‎ ,‎ ,‎ ,‎ ,‎ ,‎ ,‎ ,‎ ,‎ ,‎ ,‎ ,289,‎ ,‎ ,‎ ,‎ ,‎ ,1369,‎ ,‎ ,‎ ,‎ ,‎ ,‎ ,‎ ,‎ ,‎ ,‎ ,‎ ,‎ ,‎ ,‎ ,‎ ,‎ ,‎ ,‎ ,‎ ,‎ ,‎ ,‎ ,‎ ,‎ ,2,2,0.05128205128205128,2 / 39,1
/1t9i//D/HOH`1368/O,,"5.757,42.614,46.802",1368,1,30.69,‎ ,‎ ,‎ ,‎ ,‎ ,‎ ,‎ ,‎ ,‎ ,‎ ,‎ ,‎ ,‎ ,‎ ,‎ ,‎ ,‎ ,‎ ,‎ ,‎ ,‎ ,294,944,‎ ,‎ ,‎ ,1149,1368,‎ ,‎ ,‎ ,‎ ,‎ ,‎ ,‎ ,‎ ,‎ ,‎ ,‎ ,‎ ,‎ ,‎ ,‎ ,‎ ,‎ ,‎ ,‎ ,‎ ,‎ ,‎ ,‎ ,‎ ,4,3,0.07692307692307693,3 / 39,1
/1t9i//B/HOH`1365/O,,"-7.385,43.388,13.04",1365,1,32.59,‎ ,‎ ,‎ ,‎ ,‎ ,‎ ,‎ ,‎ ,‎ ,‎ ,‎ ,‎ ,‎ ,‎ ,‎ ,‎ ,‎ ,‎ ,‎ ,‎ ,840,178,380,‎ ,‎ ,‎ ,‎ ,1365,1144,‎ ,‎ ,‎ ,‎ ,‎ ,‎ ,‎ ,‎ ,2047,2086,‎ ,2035,‎ ,‎ ,‎ ,‎ ,‎ ,‎ ,‎ ,‎ ,‎ ,‎ ,‎ ,8,7,0.1794871794871795,7 / 39,1
/1t9i//A/HOH`1363/O,,"12.335,48.281,41.268",1363,1,30.95,‎ ,‎ ,‎ ,‎ ,‎ ,‎ ,‎ ,‎ ,‎ ,‎ ,‎ ,‎ ,‎ ,‎ ,‎ ,‎ ,‎ ,‎ ,‎ ,‎ ,‎ ,254,482,‎ ,‎ ,‎ ,‎ ,1363,‎ ,‎ ,‎ ,‎ ,‎ ,‎ ,‎ ,‎ ,‎ ,‎ ,‎ ,‎ ,‎ ,‎ ,‎ ,‎ ,‎ ,‎ ,‎ ,‎ ,‎ ,‎ ,‎ ,‎ ,3,2,0.05128205128205128,2 / 39,1
/1t9i//B/HOH`1362/O,,"13.711,36.965,15.612",1362,1,33.28,‎ ,‎ ,‎ ,‎ ,‎ ,‎ ,‎ ,‎ ,‎ ,‎ ,‎ ,‎ ,‎ ,‎ ,‎ ,‎ ,‎ ,‎ ,‎ ,‎ ,‎ ,‎ ,‎ ,‎ ,‎ ,‎ ,‎ ,1362,‎ ,68,‎ ,156,‎ ,‎ ,‎ ,‎ ,1031,‎ ,‎ ,‎ ,‎ ,‎ ,‎ ,‎ ,‎ ,‎ ,‎ ,‎ ,‎ ,‎ ,‎ ,‎ ,4,4,0.10256410256410256,4 / 39,1
/1t9i//A/HOH`1361/O,,"-6.099,37.212,42.884",1361,1,28.82,‎ ,‎ ,‎ ,‎ ,‎ ,‎ ,‎ ,‎ ,‎ ,‎ ,‎ ,‎ ,‎ ,‎ ,‎ ,‎ ,‎ ,‎ ,‎ ,‎ ,‎ ,207,511,‎ ,‎ ,‎ ,1135,1361,1095,610,‎ ,211,‎ ,‎ ,‎ ,‎ ,1060,2073,‎ ,‎ ,‎ ,‎ ,‎ ,‎ ,‎ ,‎ ,‎ ,‎ ,‎ ,328,342,‎ ,11,9,0.23076923076923078,9 / 39,1
/1t9i//A/HOH`1360/O,,"-10.026,45.523,43.09",1360,1,32.97,‎ ,‎ ,‎ ,‎ ,‎ ,‎ ,‎ ,‎ ,‎ ,‎ ,‎ ,‎ ,‎ ,‎ ,‎ ,‎ ,‎ ,‎ ,‎ ,‎ ,‎ ,‎ ,439,‎ ,‎ ,‎ ,‎ ,1360,‎ ,‎ ,‎ ,‎ ,‎ ,‎ ,‎ ,‎ ,‎ ,‎ ,‎ ,‎ ,‎ ,‎ ,‎ ,‎ ,‎ ,‎ ,‎ ,‎ ,‎ ,‎ ,‎ ,‎ ,2,2,0.05128205128205128,2 / 39,1
/1t9i//B/HOH`1358/O,,"-19.451,51.847,16.985",1358,1,33.25,‎ ,‎ ,‎ ,‎ ,‎ ,‎ ,‎ ,‎ ,‎ ,‎ ,‎ ,‎ ,‎ ,‎ ,‎ ,‎ ,‎ ,‎ ,‎ ,‎ ,850,428,‎ ,‎ ,‎ ,‎ ,‎ ,1358,‎ ,‎ ,‎ ,‎ ,‎ ,‎ ,‎ ,‎ ,‎ ,‎ ,‎ ,‎ ,‎ ,‎ ,‎ ,‎ ,‎ ,‎ ,‎ ,‎ ,‎ ,‎ ,‎ ,‎ ,3,3,0.07692307692307693,3 / 39,1
/1t9i//A/HOH`1357/O,,"-10.235,38.099,43.735",1357,1,38.07,‎ ,‎ ,‎ ,‎ ,‎ ,‎ ,‎ ,‎ ,‎ ,‎ ,‎ ,‎ ,‎ ,‎ ,‎ ,‎ ,‎ ,‎ ,‎ ,‎ ,‎ ,213,637,‎ ,‎ ,‎ ,‎ ,1357,‎ ,‎ ,‎ ,‎ ,‎ ,‎ ,‎ ,‎ ,1057,2070,2062,2062,‎ ,‎ ,‎ ,‎ ,‎ ,‎ ,‎ ,‎ ,‎ ,‎ ,‎ ,‎ ,7,6,0.15384615384615385,6 / 39,1
/1t9i//B/HOH`1355/O,,"-15.308,40.518,16.4",1355,1,35.43,‎ ,‎ ,‎ ,‎ ,‎ ,‎ ,‎ ,‎ ,‎ ,‎ ,‎ ,‎ ,‎ ,‎ ,‎ ,‎ ,‎ ,‎ ,‎ ,‎ ,‎ ,454,‎ ,‎ ,‎ ,‎ ,‎ ,1355,‎ ,‎ ,‎ ,‎ ,‎ ,‎ ,‎ ,‎ ,‎ ,‎ ,‎ ,‎ ,‎ ,‎ ,‎ ,‎ ,‎ ,‎ ,‎ ,‎ ,‎ ,‎ ,‎ ,‎ ,2,2,0.05128205128205128,2 / 39,1
/1t9i//D/HOH`1354/O,,"16.824,44.302,37.973",1354,1,28.49,547,‎ ,‎ ,‎ ,‎ ,‎ ,‎ ,‎ ,‎ ,‎ ,‎ ,‎ ,‎ ,‎ ,‎ ,‎ ,‎ ,‎ ,‎ ,‎ ,‎ ,‎ ,‎ ,‎ ,‎ ,‎ ,1444,1354,‎ ,‎ ,‎ ,‎ ,‎ ,‎ ,‎ ,‎ ,‎ ,‎ ,‎ ,‎ ,‎ ,‎ ,‎ ,2009,‎ ,‎ ,‎ ,‎ ,‎ ,‎ ,‎ ,‎ ,4,4,0.10256410256410256,4 / 39,2
/1t9i//A/HOH`1346/O,,"-10.025,50.851,32.445",1346,1,29.07,‎ ,‎ ,‎ ,‎ ,‎ ,‎ ,‎ ,‎ ,‎ ,‎ ,‎ ,‎ ,‎ ,‎ ,‎ ,‎ ,‎ ,‎ ,‎ ,‎ ,‎ ,‎ ,411,‎ ,‎ ,‎ ,‎ ,1346,‎ ,‎ ,‎ ,‎ ,‎ ,‎ ,‎ ,‎ ,‎ ,‎ ,‎ ,‎ ,‎ ,‎ ,‎ ,‎ ,‎ ,‎ ,‎ ,‎ ,‎ ,‎ ,‎ ,‎ ,2,2,0.05128205128205128,2 / 39,1
/1t9i//A/HOH`1345/O,,"-2.299,13.73,24.564",1345,1,36.62,‎ ,‎ ,‎ ,‎ ,‎ ,‎ ,‎ ,‎ ,‎ ,‎ ,‎ ,‎ ,‎ ,‎ ,‎ ,‎ ,‎ ,‎ ,‎ ,‎ ,‎ ,317,574,‎ ,‎ ,‎ ,‎ ,1345,‎ ,‎ ,‎ ,‎ ,‎ ,‎ ,‎ ,‎ ,1091,‎ ,‎ ,‎ ,‎ ,‎ ,‎ ,‎ ,‎ ,‎ ,‎ ,‎ ,‎ ,‎ ,‎ ,‎ ,4,3,0.07692307692307693,3 / 39,1
/1t9i//D/HOH`1343/O,,"15.595,47.951,32.322",1343,1,37.66,‎ ,‎ ,‎ ,‎ ,‎ ,‎ ,‎ ,‎ ,‎ ,‎ ,‎ ,‎ ,‎ ,‎ ,‎ ,‎ ,‎ ,‎ ,‎ ,‎ ,‎ ,‎ ,‎ ,‎ ,‎ ,‎ ,‎ ,1343,‎ ,‎ ,‎ ,‎ ,‎ ,‎ ,‎ ,‎ ,1013,‎ ,‎ ,‎ ,‎ ,‎ ,‎ ,‎ ,‎ ,‎ ,‎ ,‎ ,‎ ,‎ ,‎ ,‎ ,2,2,0.05128205128205128,2 / 39,1
/1t9i//D/HOH`1341/O,,"9.289,37.296,50.795",1341,1,34.42,‎ ,‎ ,‎ ,‎ ,‎ ,‎ ,‎ ,‎ ,‎ ,‎ ,‎ ,‎ ,‎ ,‎ ,‎ ,‎ ,‎ ,‎ ,143,‎ ,‎ ,‎ ,‎ ,‎ ,‎ ,‎ ,1245,1341,‎ ,‎ ,‎ ,‎ ,‎ ,‎ ,‎ ,‎ ,‎ ,‎ ,‎ ,‎ ,‎ ,‎ ,‎ ,‎ ,‎ ,‎ ,‎ ,‎ ,‎ ,‎ ,‎ ,‎ ,3,3,0.07692307692307693,3 / 39,2
/1t9i//A/HOH`1340/O,,"-10.158,28.83,19.598",1340,1,31.17,‎ ,‎ ,‎ ,‎ ,‎ ,‎ ,‎ ,‎ ,‎ ,‎ ,‎ ,‎ ,‎ ,‎ ,‎ ,‎ ,‎ ,‎ ,‎ ,‎ ,‎ ,‎ ,‎ ,‎ ,‎ ,‎ ,‎ ,1340,‎ ,‎ ,‎ ,‎ ,‎ ,‎ ,‎ ,‎ ,‎ ,2091,‎ ,2081,‎ ,‎ ,‎ ,‎ ,‎ ,‎ ,‎ ,‎ ,‎ ,‎ ,‎ ,‎ ,3,3,0.07692307692307693,3 / 39,1
/1t9i//A/HOH`1338/O,,"-13.133,27.7,33.255",1338,1,25.17,‎ ,‎ ,‎ ,‎ ,‎ ,‎ ,‎ ,‎ ,‎ ,‎ ,‎ ,‎ ,‎ ,‎ ,‎ ,‎ ,‎ ,‎ ,‎ ,‎ ,878,316,523,2040,1086,1130,‎ ,1338,‎ ,‎ ,‎ ,‎ ,‎ ,‎ ,‎ ,‎ ,1071,2086,2075,2075,2034,‎ ,‎ ,‎ ,‎ ,‎ ,‎ ,‎ ,‎ ,‎ ,316,‎ ,13,11,0.28205128205128205,11 / 39,1
/1t9i//D/HOH`1334/O,,"3.464,36.784,50.566",1334,1,38.69,‎ ,‎ ,‎ ,‎ ,‎ ,‎ ,‎ ,‎ ,‎ ,‎ ,‎ ,‎ ,‎ ,‎ ,‎ ,‎ ,‎ ,‎ ,‎ ,‎ ,179,144,‎ ,‎ ,‎ ,‎ ,1352,1334,‎ ,‎ ,‎ ,‎ ,‎ ,‎ ,‎ ,‎ ,‎ ,‎ ,‎ ,‎ ,‎ ,‎ ,‎ ,‎ ,‎ ,‎ ,‎ ,‎ ,‎ ,‎ ,‎ ,‎ ,4,4,0.10256410256410256,4 / 39,1
/1t9i//A/HOH`1331/O,,"12.31,24.463,47.542",1331,1,36.27,‎ ,‎ ,‎ ,‎ ,‎ ,‎ ,‎ ,‎ ,‎ ,‎ ,‎ ,‎ ,‎ ,‎ ,‎ ,‎ ,‎ ,‎ ,‎ ,‎ ,‎ ,‎ ,‎ ,2361,‎ ,‎ ,1431,1331,‎ ,‎ ,‎ ,‎ ,‎ ,‎ ,‎ ,‎ ,‎ ,‎ ,‎ ,‎ ,‎ ,‎ ,‎ ,‎ ,‎ ,‎ ,‎ ,‎ ,‎ ,‎ ,‎ ,‎ ,3,3,0.07692307692307693,3 / 39,1
/1t9i//D/HOH`1330/O,,"16.643,46.28,19.203",1330,1,31.05,‎ ,‎ ,‎ ,‎ ,‎ ,‎ ,‎ ,‎ ,‎ ,‎ ,‎ ,‎ ,‎ ,‎ ,‎ ,‎ ,‎ ,‎ ,‎ ,‎ ,258,169,‎ ,‎ ,‎ ,‎ ,‎ ,1330,‎ ,‎ ,‎ ,‎ ,‎ ,‎ ,‎ ,‎ ,‎ ,2052,2037,2026,‎ ,‎ ,‎ ,‎ ,‎ ,‎ ,‎ ,‎ ,‎ ,‎ ,‎ ,‎ ,6,6,0.15384615384615385,6 / 39,1
/1t9i//A/HOH`1326/O,,"-17.782,33.331,26.234",1326,1,28.37,‎ ,‎ ,‎ ,‎ ,‎ ,‎ ,‎ ,‎ ,‎ ,‎ ,‎ ,‎ ,‎ ,‎ ,‎ ,‎ ,‎ ,‎ ,‎ ,‎ ,‎ ,‎ ,617,‎ ,‎ ,‎ ,‎ ,1326,‎ ,‎ ,‎ ,‎ ,‎ ,‎ ,‎ ,‎ ,‎ ,‎ ,‎ ,‎ ,‎ ,‎ ,‎ ,‎ ,‎ ,‎ ,‎ ,‎ ,‎ ,‎ ,‎ ,‎ ,2,2,0.05128205128205128,2 / 39,1
/1t9i//D/HOH`1321/O,,"-0.523,15.809,45.069",1321,1,33.76,‎ ,‎ ,‎ ,‎ ,‎ ,‎ ,‎ ,‎ ,‎ ,‎ ,‎ ,‎ ,‎ ,‎ ,‎ ,‎ ,‎ ,‎ ,‎ ,‎ ,‎ ,‎ ,‎ ,‎ ,‎ ,‎ ,‎ ,1321,‎ ,‎ ,‎ ,188,‎ ,‎ ,‎ ,‎ ,‎ ,‎ ,‎ ,‎ ,‎ ,‎ ,‎ ,‎ ,‎ ,‎ ,‎ ,‎ ,‎ ,‎ ,‎ ,‎ ,2,2,0.05128205128205128,2 / 39,1
/1t9i//A/HOH`1318/O,,"9.463,59.108,31.966",1318,1,33.34,‎ ,‎ ,‎ ,‎ ,‎ ,‎ ,‎ ,‎ ,‎ ,‎ ,‎ ,‎ ,‎ ,‎ ,‎ ,‎ ,‎ ,‎ ,‎ ,‎ ,‎ ,‎ ,‎ ,‎ ,‎ ,‎ ,‎ ,1318,‎ ,‎ ,68,‎ ,156,‎ ,‎ ,1031,‎ ,‎ ,‎ ,‎ ,‎ ,‎ ,‎ ,‎ ,‎ ,‎ ,‎ ,‎ ,‎ ,‎ ,‎ ,‎ ,4,4,0.10256410256410256,4 / 39,1
/1t9i//A/HOH`1317/O,,"2.831,43.762,44.178",1317,1,33.73,‎ ,‎ ,‎ ,‎ ,‎ ,‎ ,‎ ,‎ ,‎ ,‎ ,‎ ,‎ ,‎ ,‎ ,‎ ,‎ ,‎ ,‎ ,‎ ,‎ ,‎ ,188,449,2229,‎ ,‎ ,‎ ,1317,‎ ,‎ ,‎ ,‎ ,‎ ,‎ ,‎ ,1043,1024,‎ ,‎ ,‎ ,‎ ,‎ ,‎ ,‎ ,‎ ,‎ ,‎ ,‎ ,‎ ,‎ ,‎ ,‎ ,6,4,0.10256410256410256,4 / 39,1
/1t9i//B/HOH`1315/O,,"-9.143,40.471,11.458",1315,1,28.32,‎ ,‎ ,‎ ,‎ ,‎ ,‎ ,‎ ,‎ ,‎ ,‎ ,‎ ,‎ ,‎ ,‎ ,‎ ,‎ ,‎ ,‎ ,‎ ,‎ ,‎ ,‎ ,403,‎ ,‎ ,‎ ,‎ ,1315,1189,‎ ,‎ ,‎ ,‎ ,‎ ,‎ ,‎ ,‎ ,‎ ,‎ ,‎ ,‎ ,‎ ,‎ ,‎ ,‎ ,‎ ,‎ ,‎ ,‎ ,‎ ,‎ ,‎ ,3,3,0.07692307692307693,3 / 39,1
/1t9i//B/HOH`1314/O,,"7.685,34.467,18.009",1314,1,28.02,‎ ,‎ ,‎ ,‎ ,‎ ,‎ ,‎ ,‎ ,‎ ,‎ ,‎ ,‎ ,‎ ,‎ ,‎ ,‎ ,‎ ,‎ ,‎ ,‎ ,‎ ,‎ ,‎ ,‎ ,‎ ,‎ ,‎ ,1314,‎ ,‎ ,‎ ,205,209,‎ ,‎ ,‎ ,‎ ,2034,2115,2033,2039,2029,‎ ,2043,‎ ,2049,2026,‎ ,‎ ,313,315,304,14,10,0.2564102564102564,10 / 39,1
/1t9i//C/HOH`1313/O,,"13.153,53.483,31.681",1313,1,36.85,‎ ,‎ ,‎ ,‎ ,‎ ,‎ ,‎ ,‎ ,‎ ,‎ ,‎ ,‎ ,‎ ,‎ ,‎ ,‎ ,‎ ,‎ ,‎ ,‎ ,‎ ,204,608,‎ ,‎ ,‎ ,‎ ,1313,‎ ,‎ ,‎ ,‎ ,221,‎ ,‎ ,‎ ,‎ ,‎ ,2070,2069,‎ ,‎ ,‎ ,‎ ,‎ ,‎ ,‎ ,‎ ,‎ ,‎ ,‎ ,‎ ,6,5,0.1282051282051282,5 / 39,1
/1t9i//C/HOH`1312/O,,"15.332,50.238,28.994",1312,1,40.15,‎ ,‎ ,‎ ,‎ ,‎ ,‎ ,‎ ,‎ ,‎ ,‎ ,‎ ,‎ ,‎ ,‎ ,‎ ,‎ ,‎ ,‎ ,‎ ,‎ ,845,‎ ,169,‎ ,‎ ,‎ ,‎ ,1312,‎ ,‎ ,‎ ,‎ ,‎ ,‎ ,‎ ,‎ ,‎ ,2028,‎ ,‎ ,‎ ,‎ ,‎ ,‎ ,‎ ,‎ ,‎ ,‎ ,‎ ,‎ ,‎ ,‎ ,4,4,0.10256410256410256,4 / 39,1
/1t9i//A/HOH`1311/O,,"12.086,23.619,23.602",1311,1,25.2,‎ ,‎ ,‎ ,‎ ,‎ ,‎ ,‎ ,‎ ,‎ ,‎ ,‎ ,‎ ,‎ ,‎ ,‎ ,‎ ,‎ ,‎ ,‎ ,‎ ,‎ ,‎ ,557,‎ ,‎ ,‎ ,‎ ,1311,‎ ,‎ ,‎ ,‎ ,‎ ,‎ ,‎ ,‎ ,‎ ,2136,2121,2125,‎ ,‎ ,‎ ,‎ ,‎ ,‎ ,‎ ,‎ ,‎ ,‎ ,‎ ,‎ ,5,5,0.1282051282051282,5 / 39,1
/1t9i//D/HOH`1307/O,,"21.516,42.457,22.526",1307,1,25.2,‎ ,‎ ,‎ ,‎ ,‎ ,‎ ,‎ ,‎ ,‎ ,‎ ,‎ ,‎ ,‎ ,‎ ,‎ ,‎ ,‎ ,‎ ,‎ ,‎ ,‎ ,‎ ,‎ ,‎ ,‎ ,‎ ,‎ ,1307,1122,‎ ,‎ ,‎ ,‎ ,‎ ,‎ ,‎ ,‎ ,‎ ,‎ ,‎ ,‎ ,‎ ,‎ ,‎ ,‎ ,‎ ,‎ ,‎ ,‎ ,‎ ,‎ ,‎ ,2,2,0.05128205128205128,2 / 39,1
/1t9i//B/HOH`1302/O,,"-15.398,57.514,25.842",1302,1,39.17,‎ ,‎ ,‎ ,‎ ,‎ ,‎ ,684,‎ ,‎ ,‎ ,‎ ,‎ ,‎ ,‎ ,‎ ,‎ ,‎ ,‎ ,‎ ,‎ ,941,461,229,‎ ,‎ ,‎ ,‎ ,1302,‎ ,‎ ,‎ ,‎ ,‎ ,‎ ,‎ ,‎ ,‎ ,‎ ,‎ ,‎ ,‎ ,‎ ,‎ ,‎ ,‎ ,‎ ,‎ ,‎ ,‎ ,‎ ,‎ ,‎ ,5,4,0.10256410256410256,4 / 39,2
/1t9i//B/HOH`1301/O,,"-9.605,47.759,30.402",1301,1,26.42,‎ ,‎ ,‎ ,‎ ,‎ ,‎ ,‎ ,‎ ,‎ ,‎ ,‎ ,‎ ,‎ ,‎ ,‎ ,‎ ,‎ ,‎ ,‎ ,‎ ,879,380,178,‎ ,‎ ,‎ ,‎ ,1301,‎ ,‎ ,‎ ,‎ ,‎ ,‎ ,‎ ,‎ ,1054,2066,‎ ,‎ ,‎ ,2035,‎ ,‎ ,‎ ,‎ ,‎ ,‎ ,‎ ,‎ ,‎ ,‎ ,7,6,0.15384615384615385,6 / 39,1
/1t9i//A/HOH`1298/O,,"-23.349,48.839,24.405",1298,1,28.97,‎ ,‎ ,‎ ,‎ ,‎ ,‎ ,‎ ,‎ ,‎ ,‎ ,‎ ,‎ ,‎ ,‎ ,‎ ,‎ ,‎ ,‎ ,‎ ,‎ ,‎ ,‎ ,‎ ,‎ ,‎ ,‎ ,‎ ,1298,‎ ,‎ ,‎ ,‎ ,‎ ,‎ ,‎ ,‎ ,‎ ,‎ ,‎ ,2013,‎ ,‎ ,‎ ,‎ ,‎ ,‎ ,‎ ,‎ ,‎ ,‎ ,‎ ,‎ ,2,2,0.05128205128205128,2 / 39,1
/1t9i//C/HOH`1296/O,,"16.696,35.795,37.532",1296,1,31.64,‎ ,‎ ,‎ ,‎ ,‎ ,‎ ,‎ ,‎ ,‎ ,‎ ,‎ ,‎ ,‎ ,‎ ,‎ ,‎ ,‎ ,‎ ,‎ ,‎ ,835,227,58,2085,‎ ,‎ ,1213,1296,1030,38,‎ ,‎ ,‎ ,48,‎ ,‎ ,‎ ,‎ ,‎ ,‎ ,‎ ,‎ ,‎ ,‎ ,‎ ,‎ ,‎ ,‎ ,‎ ,‎ ,‎ ,‎ ,9,8,0.20512820512820512,8 / 39,1
/1t9i//B/HOH`1294/O,,"-0.216,60.314,28.705",1294,1,26.98,‎ ,‎ ,‎ ,‎ ,‎ ,‎ ,‎ ,‎ ,‎ ,‎ ,‎ ,‎ ,‎ ,‎ ,‎ ,‎ ,‎ ,‎ ,‎ ,‎ ,872,‎ ,‎ ,‎ ,‎ ,‎ ,1261,1294,‎ ,‎ ,‎ ,‎ ,165,‎ ,172,1096,1074,2091,2098,2092,‎ ,‎ ,‎ ,‎ ,‎ ,‎ ,‎ ,‎ ,‎ ,‎ ,325,‎ ,11,10,0.2564102564102564,10 / 39,1
/1t9i//A/HOH`1290/O,,"8.225,10.242,26.983",1290,1,37.45,‎ ,‎ ,‎ ,‎ ,‎ ,‎ ,‎ ,‎ ,‎ ,‎ ,‎ ,‎ ,‎ ,‎ ,‎ ,‎ ,‎ ,‎ ,‎ ,‎ ,‎ ,‎ ,‎ ,2178,‎ ,‎ ,‎ ,1290,‎ ,‎ ,‎ ,‎ ,‎ ,‎ ,‎ ,‎ ,‎ ,‎ ,‎ ,‎ ,‎ ,‎ ,‎ ,‎ ,‎ ,‎ ,‎ ,‎ ,‎ ,‎ ,‎ ,‎ ,2,2,0.05128205128205128,2 / 39,1
/1t9i//B/HOH`1289/O,,"-3.095,57.397,29.235",1289,1,34.39,‎ ,‎ ,‎ ,‎ ,‎ ,‎ ,‎ ,‎ ,‎ ,‎ ,‎ ,‎ ,‎ ,‎ ,‎ ,‎ ,‎ ,‎ ,‎ ,‎ ,‎ ,‎ ,‎ ,‎ ,‎ ,‎ ,1507,1289,‎ ,‎ ,‎ ,‎ ,‎ ,‎ ,‎ ,‎ ,‎ ,‎ ,‎ ,‎ ,‎ ,‎ ,‎ ,‎ ,‎ ,‎ ,‎ ,‎ ,‎ ,‎ ,‎ ,‎ ,2,2,0.05128205128205128,2 / 39,1
/1t9i//A/HOH`1280/O,,"-10.883,24.129,27.012",1280,1,30.14,‎ ,‎ ,‎ ,‎ ,‎ ,‎ ,‎ ,‎ ,‎ ,‎ ,‎ ,‎ ,‎ ,‎ ,‎ ,‎ ,‎ ,‎ ,‎ ,‎ ,‎ ,‎ ,434,‎ ,‎ ,‎ ,1468,1280,‎ ,‎ ,‎ ,‎ ,‎ ,‎ ,‎ ,‎ ,‎ ,‎ ,‎ ,‎ ,‎ ,‎ ,‎ ,‎ ,‎ ,‎ ,‎ ,‎ ,‎ ,‎ ,‎ ,‎ ,3,3,0.07692307692307693,3 / 39,1
/1t9i//A/HOH`1278/O,,"-14.392,42.733,40.524",1278,1,37.07,‎ ,‎ ,‎ ,‎ ,‎ ,‎ ,‎ ,‎ ,‎ ,‎ ,‎ ,‎ ,‎ ,‎ ,‎ ,‎ ,‎ ,‎ ,‎ ,‎ ,911,‎ ,445,‎ ,‎ ,‎ ,‎ ,1278,1085,‎ ,‎ ,‎ ,‎ ,‎ ,‎ ,‎ ,‎ ,2064,2059,‎ ,‎ ,‎ ,‎ ,‎ ,‎ ,‎ ,‎ ,‎ ,‎ ,‎ ,‎ ,‎ ,6,6,0.15384615384615385,6 / 39,1
/1t9i//B/HOH`1277/O,,"3.897,59.917,28.358",1277,1,22.14,‎ ,‎ ,‎ ,‎ ,‎ ,‎ ,‎ ,‎ ,‎ ,‎ ,‎ ,‎ ,‎ ,‎ ,‎ ,‎ ,‎ ,‎ ,‎ ,‎ ,928,405,210,‎ ,‎ ,‎ ,‎ ,1277,1173,‎ ,‎ ,209,205,‎ ,‎ ,‎ ,‎ ,2097,2048,2097,2029,2039,‎ ,‎ ,‎ ,2026,2049,‎ ,‎ ,315,313,517,17,12,0.3076923076923077,12 / 39,1
/1t9i//A/HOH`1274/O,,"-14.343,25.357,28.899",1274,1,34.61,‎ ,‎ ,‎ ,‎ ,‎ ,‎ ,‎ ,‎ ,‎ ,‎ ,‎ ,‎ ,‎ ,‎ ,‎ ,‎ ,‎ ,‎ ,‎ ,‎ ,‎ ,382,‎ ,‎ ,‎ ,‎ ,‎ ,1274,‎ ,‎ ,‎ ,‎ ,‎ ,‎ ,‎ ,‎ ,‎ ,‎ ,‎ ,‎ ,‎ ,‎ ,‎ ,‎ ,‎ ,‎ ,‎ ,‎ ,‎ ,‎ ,‎ ,‎ ,2,2,0.05128205128205128,2 / 39,1
/1t9i//A/HOH`1273/O,,"8.296,32.152,16.529",1273,1,33.42,‎ ,‎ ,‎ ,‎ ,‎ ,‎ ,‎ ,‎ ,‎ ,‎ ,‎ ,‎ ,‎ ,‎ ,‎ ,‎ ,‎ ,‎ ,‎ ,‎ ,‎ ,‎ ,‎ ,‎ ,‎ ,‎ ,‎ ,1273,1016,‎ ,‎ ,222,‎ ,‎ ,‎ ,1073,‎ ,‎ ,2109,2108,‎ ,‎ ,‎ ,‎ ,‎ ,‎ ,‎ ,‎ ,‎ ,‎ ,‎ ,‎ ,6,6,0.15384615384615385,6 / 39,1
/1t9i//B/HOH`1272/O,,"12.247,40.529,13.654",1272,1,24.81,‎ ,‎ ,‎ ,‎ ,‎ ,‎ ,‎ ,‎ ,‎ ,‎ ,‎ ,‎ ,‎ ,‎ ,‎ ,‎ ,‎ ,‎ ,‎ ,‎ ,‎ ,‎ ,‎ ,‎ ,‎ ,‎ ,‎ ,1272,‎ ,‎ ,‎ ,‎ ,‎ ,‎ ,‎ ,‎ ,1046,2056,‎ ,‎ ,‎ ,‎ ,‎ ,‎ ,‎ ,‎ ,‎ ,‎ ,‎ ,‎ ,‎ ,‎ ,3,3,0.07692307692307693,3 / 39,1
/1t9i//C/HOH`1271/O,,"16.234,60.15,10.778",1271,1,30.14,‎ ,‎ ,‎ ,‎ ,‎ ,‎ ,‎ ,‎ ,‎ ,‎ ,‎ ,‎ ,‎ ,‎ ,‎ ,‎ ,‎ ,‎ ,‎ ,‎ ,‎ ,‎ ,‎ ,‎ ,‎ ,‎ ,1381,1271,1149,‎ ,‎ ,‎ ,‎ ,‎ ,‎ ,‎ ,‎ ,‎ ,2010,‎ ,‎ ,‎ ,‎ ,‎ ,‎ ,‎ ,‎ ,‎ ,‎ ,‎ ,‎ ,‎ ,4,4,0.10256410256410256,4 / 39,1
/1t9i//A/HOH`1268/O,,"-15.073,40.969,37.26",1268,1,31.13,‎ ,‎ ,‎ ,‎ ,‎ ,‎ ,‎ ,‎ ,‎ ,‎ ,‎ ,‎ ,‎ ,‎ ,‎ ,‎ ,‎ ,‎ ,‎ ,‎ ,‎ ,‎ ,‎ ,‎ ,‎ ,‎ ,‎ ,1268,‎ ,‎ ,‎ ,‎ ,‎ ,‎ ,‎ ,1038,‎ ,‎ ,‎ ,‎ ,‎ ,‎ ,‎ ,‎ ,‎ ,‎ ,‎ ,‎ ,‎ ,‎ ,‎ ,‎ ,2,2,0.05128205128205128,2 / 39,1
/1t9i//A/HOH`1267/O,,"-17.83,31.97,33.336",1267,1,30.71,‎ ,‎ ,‎ ,‎ ,‎ ,‎ ,‎ ,‎ ,‎ ,‎ ,‎ ,‎ ,‎ ,‎ ,‎ ,‎ ,‎ ,‎ ,‎ ,‎ ,‎ ,‎ ,558,‎ ,‎ ,‎ ,‎ ,1267,‎ ,‎ ,‎ ,‎ ,‎ ,‎ ,‎ ,‎ ,‎ ,‎ ,‎ ,‎ ,‎ ,‎ ,‎ ,‎ ,‎ ,‎ ,‎ ,‎ ,‎ ,‎ ,‎ ,‎ ,2,2,0.05128205128205128,2 / 39,1
/1t9i//A/HOH`1265/O,,"5.702,27.785,16.749",1265,1,26.08,‎ ,‎ ,‎ ,‎ ,‎ ,‎ ,‎ ,‎ ,‎ ,‎ ,‎ ,‎ ,‎ ,‎ ,‎ ,‎ ,‎ ,‎ ,‎ ,‎ ,‎ ,‎ ,433,‎ ,‎ ,‎ ,1442,1265,‎ ,‎ ,‎ ,‎ ,‎ ,‎ ,‎ ,1030,1038,2122,2041,2111,‎ ,‎ ,‎ ,‎ ,‎ ,‎ ,‎ ,‎ ,‎ ,‎ ,‎ ,‎ ,8,7,0.1794871794871795,7 / 39,1
/1t9i//A/HOH`1263/O,,"15.326,20.222,39.192",1263,1,29.55,‎ ,‎ ,‎ ,‎ ,‎ ,‎ ,‎ ,‎ ,‎ ,‎ ,‎ ,‎ ,‎ ,‎ ,‎ ,‎ ,‎ ,‎ ,‎ ,‎ ,855,304,418,2161,‎ ,‎ ,‎ ,1263,1119,‎ ,‎ ,‎ ,‎ ,‎ ,‎ ,1020,1027,2034,2024,2029,‎ ,‎ ,‎ ,‎ ,‎ ,‎ ,‎ ,‎ ,‎ ,‎ ,‎ ,‎ ,11,9,0.23076923076923078,9 / 39,1
/1t9i//D/HOH`1261/O,,"3.165,32.358,40.295",1261,1,27.78,‎ ,‎ ,‎ ,‎ ,‎ ,‎ ,‎ ,‎ ,‎ ,‎ ,‎ ,‎ ,‎ ,‎ ,‎ ,‎ ,‎ ,‎ ,‎ ,‎ ,132,185,911,2090,1214,1173,1063,1261,1128,23,‎ ,‎ ,‎ ,‎ ,‎ ,‎ ,‎ ,‎ ,‎ ,‎ ,‎ ,‎ ,‎ ,2041,2003,‎ ,‎ ,‎ ,‎ ,‎ ,‎ ,‎ ,12,9,0.23076923076923078,9 / 39,1
/1t9i//D/HOH`1256/O,,"-0.624,28.511,47.297",1256,1,24.3,‎ ,‎ ,‎ ,‎ ,‎ ,‎ ,‎ ,‎ ,‎ ,‎ ,‎ ,‎ ,‎ ,2004,‎ ,‎ ,‎ ,‎ ,211,‎ ,818,85,905,‎ ,‎ ,‎ ,‎ ,1256,‎ ,‎ ,‎ ,‎ ,‎ ,65,84,‎ ,‎ ,‎ ,‎ ,‎ ,‎ ,‎ ,2002,2001,‎ ,‎ ,2002,‎ ,‎ ,‎ ,‎ ,‎ ,11,9,0.23076923076923078,9 / 39,3
/1t9i//D/HOH`1253/O,,"9.216,35.392,48.875",1253,1,32.14,‎ ,‎ ,‎ ,‎ ,‎ ,‎ ,‎ ,‎ ,‎ ,‎ ,‎ ,‎ ,‎ ,‎ ,‎ ,‎ ,‎ ,‎ ,145,‎ ,827,211,934,2242,1180,‎ ,1066,1253,1181,60,‎ ,‎ ,150,‎ ,‎ ,‎ ,‎ ,‎ ,‎ ,‎ ,‎ ,‎ ,‎ ,2004,2004,2005,‎ ,‎ ,‎ ,‎ ,‎ ,‎ ,14,12,0.3076923076923077,12 / 39,2
/1t9i//C/HOH`1249/O,,"20.452,54.898,22.695",1249,1,31.6,‎ ,‎ ,‎ ,‎ ,‎ ,‎ ,‎ ,‎ ,‎ ,‎ ,‎ ,‎ ,‎ ,‎ ,‎ ,‎ ,‎ ,‎ ,‎ ,‎ ,‎ ,‎ ,‎ ,‎ ,‎ ,‎ ,‎ ,1249,‎ ,‎ ,‎ ,‎ ,‎ ,‎ ,‎ ,‎ ,1024,2025,‎ ,2022,‎ ,‎ ,‎ ,‎ ,‎ ,‎ ,‎ ,‎ ,‎ ,‎ ,‎ ,‎ ,4,4,0.10256410256410256,4 / 39,1
/1t9i//C/HOH`1248/O,,"11.698,59.367,29.223",1248,1,32.14,‎ ,‎ ,‎ ,‎ ,‎ ,‎ ,‎ ,‎ ,‎ ,‎ ,‎ ,‎ ,‎ ,‎ ,‎ ,‎ ,‎ ,‎ ,‎ ,‎ ,‎ ,‎ ,‎ ,‎ ,‎ ,‎ ,‎ ,1248,‎ ,‎ ,‎ ,‎ ,‎ ,‎ ,‎ ,‎ ,‎ ,‎ ,2022,‎ ,‎ ,‎ ,‎ ,‎ ,‎ ,‎ ,‎ ,‎ ,‎ ,‎ ,‎ ,‎ ,2,2,0.05128205128205128,2 / 39,1
/1t9i//A/HOH`1247/O,,"11.908,34.355,19.508",1247,1,31.65,‎ ,‎ ,‎ ,‎ ,‎ ,‎ ,‎ ,‎ ,‎ ,‎ ,‎ ,‎ ,‎ ,‎ ,‎ ,‎ ,‎ ,‎ ,‎ ,‎ ,‎ ,‎ ,‎ ,‎ ,‎ ,‎ ,‎ ,1247,‎ ,‎ ,‎ ,‎ ,‎ ,‎ ,‎ ,1077,1101,2131,2116,2115,‎ ,‎ ,‎ ,‎ ,‎ ,‎ ,‎ ,‎ ,‎ ,‎ ,‎ ,‎ ,6,5,0.1282051282051282,5 / 39,1
/1t9i//A/HOH`1245/O,,"-9.819,24.581,35.655",1245,1,35.22,‎ ,‎ ,‎ ,‎ ,‎ ,‎ ,‎ ,‎ ,‎ ,‎ ,‎ ,‎ ,‎ ,‎ ,‎ ,‎ ,‎ ,‎ ,‎ ,‎ ,‎ ,‎ ,410,‎ ,‎ ,‎ ,‎ ,1245,‎ ,‎ ,‎ ,‎ ,‎ ,‎ ,‎ ,‎ ,‎ ,‎ ,‎ ,2021,‎ ,‎ ,‎ ,‎ ,‎ ,‎ ,‎ ,‎ ,‎ ,‎ ,‎ ,‎ ,3,3,0.07692307692307693,3 / 39,1
/1t9i//A/HOH`1242/O,,"-8.273,22.315,26.075",1242,1,37.94,‎ ,‎ ,‎ ,‎ ,‎ ,‎ ,‎ ,‎ ,‎ ,‎ ,‎ ,‎ ,‎ ,‎ ,‎ ,‎ ,‎ ,‎ ,‎ ,‎ ,‎ ,‎ ,466,‎ ,‎ ,‎ ,1391,1242,‎ ,‎ ,‎ ,216,‎ ,‎ ,‎ ,‎ ,‎ ,2110,‎ ,2098,‎ ,‎ ,‎ ,‎ ,‎ ,‎ ,‎ ,‎ ,‎ ,‎ ,‎ ,‎ ,6,6,0.15384615384615385,6 / 39,1
/1t9i//A/HOH`1241/O,,"5.639,44.883,43.617",1241,1,35.88,581,‎ ,‎ ,‎ ,‎ ,‎ ,610,‎ ,‎ ,‎ ,‎ ,‎ ,‎ ,‎ ,‎ ,‎ ,‎ ,‎ ,692,‎ ,828,170,374,‎ ,‎ ,‎ ,1096,1241,‎ ,‎ ,‎ ,‎ ,69,‎ ,‎ ,‎ ,‎ ,‎ ,‎ ,‎ ,‎ ,‎ ,‎ ,2037,‎ ,‎ ,‎ ,‎ ,‎ ,‎ ,715,‎ ,11,10,0.2564102564102564,10 / 39,4
/1t9i//A/HOH`1240/O,,"-1.902,34.279,14.927",1240,1,27.92,‎ ,‎ ,‎ ,‎ ,‎ ,‎ ,‎ ,‎ ,‎ ,‎ ,‎ ,‎ ,‎ ,‎ ,‎ ,‎ ,‎ ,‎ ,532,‎ ,897,222,521,‎ ,‎ ,‎ ,‎ ,1240,‎ ,‎ ,‎ ,‎ ,‎ ,‎ ,‎ ,‎ ,‎ ,‎ ,‎ ,‎ ,‎ ,‎ ,‎ ,‎ ,‎ ,‎ ,‎ ,‎ ,‎ ,‎ ,‎ ,‎ ,5,4,0.10256410256410256,4 / 39,2
/1t9i//B/HOH`1239/O,,"15.485,49.729,11.207",1239,1,31.43,‎ ,‎ ,‎ ,‎ ,‎ ,‎ ,‎ ,‎ ,‎ ,‎ ,‎ ,‎ ,‎ ,‎ ,‎ ,‎ ,‎ ,‎ ,‎ ,‎ ,‎ ,‎ ,‎ ,‎ ,‎ ,‎ ,1451,1239,‎ ,‎ ,‎ ,78,‎ ,‎ ,‎ ,‎ ,‎ ,‎ ,‎ ,‎ ,‎ ,‎ ,‎ ,‎ ,‎ ,‎ ,‎ ,‎ ,‎ ,‎ ,‎ ,‎ ,3,3,0.07692307692307693,3 / 39,1
/1t9i//A/HOH`1236/O,,"-8.95,18.708,34.376",1236,1,31.29,‎ ,‎ ,‎ ,‎ ,‎ ,‎ ,‎ ,‎ ,‎ ,‎ ,‎ ,‎ ,‎ ,‎ ,‎ ,‎ ,‎ ,‎ ,‎ ,‎ ,‎ ,‎ ,538,‎ ,‎ ,‎ ,‎ ,1236,‎ ,‎ ,‎ ,‎ ,‎ ,‎ ,‎ ,‎ ,1089,2109,‎ ,‎ ,‎ ,‎ ,‎ ,‎ ,‎ ,‎ ,‎ ,‎ ,‎ ,‎ ,‎ ,‎ ,4,4,0.10256410256410256,4 / 39,1
/1t9i//A/HOH`1235/O,,"12.477,30.064,20.57",1235,1,29.71,‎ ,‎ ,‎ ,‎ ,‎ ,‎ ,‎ ,‎ ,‎ ,‎ ,‎ ,‎ ,‎ ,‎ ,‎ ,‎ ,‎ ,‎ ,‎ ,‎ ,‎ ,211,‎ ,‎ ,‎ ,‎ ,1471,1235,‎ ,‎ ,‎ ,‎ ,‎ ,‎ ,‎ ,‎ ,1042,‎ ,2042,2039,‎ ,‎ ,‎ ,‎ ,‎ ,‎ ,‎ ,‎ ,‎ ,‎ ,‎ ,‎ ,6,6,0.15384615384615385,6 / 39,1
/1t9i//C/HOH`1233/O,,"16.405,60.139,14.022",1233,1,30.79,‎ ,‎ ,‎ ,‎ ,‎ ,‎ ,‎ ,‎ ,‎ ,‎ ,‎ ,‎ ,‎ ,‎ ,‎ ,‎ ,‎ ,‎ ,‎ ,‎ ,‎ ,‎ ,‎ ,‎ ,‎ ,‎ ,‎ ,1233,‎ ,‎ ,‎ ,192,‎ ,‎ ,‎ ,‎ ,‎ ,‎ ,‎ ,2043,‎ ,‎ ,‎ ,‎ ,2008,‎ ,‎ ,‎ ,‎ ,‎ ,‎ ,‎ ,4,4,0.10256410256410256,4 / 39,1
/1t9i//A/HOH`1231/O,,"13.223,49.229,32.793",1231,1,38.73,‎ ,‎ ,‎ ,‎ ,‎ ,‎ ,‎ ,‎ ,‎ ,‎ ,‎ ,‎ ,‎ ,‎ ,‎ ,2011,‎ ,‎ ,‎ ,‎ ,‎ ,‎ ,‎ ,‎ ,‎ ,‎ ,‎ ,1231,‎ ,‎ ,‎ ,‎ ,‎ ,‎ ,‎ ,‎ ,‎ ,‎ ,‎ ,‎ ,‎ ,‎ ,‎ ,‎ ,‎ ,‎ ,‎ ,‎ ,‎ ,‎ ,‎ ,‎ ,2,2,0.05128205128205128,2 / 39,2
/1t9i//C/HOH`1230/O,,"17.412,50.411,17.287",1230,1,27.07,‎ ,‎ ,‎ ,‎ ,‎ ,‎ ,‎ ,‎ ,‎ ,‎ ,‎ ,‎ ,‎ ,‎ ,‎ ,‎ ,‎ ,‎ ,‎ ,‎ ,‎ ,‎ ,‎ ,‎ ,‎ ,‎ ,1300,1230,‎ ,‎ ,‎ ,‎ ,‎ ,‎ ,‎ ,‎ ,‎ ,2026,‎ ,2025,‎ ,‎ ,‎ ,‎ ,‎ ,‎ ,‎ ,‎ ,‎ ,‎ ,‎ ,‎ ,4,4,0.10256410256410256,4 / 39,1
/1t9i//A/HOH`1229/O,,"-9.831,26.499,23.504",1229,1,29.96,‎ ,‎ ,‎ ,‎ ,‎ ,55,‎ ,‎ ,‎ ,‎ ,‎ ,‎ ,‎ ,‎ ,‎ ,‎ ,‎ ,‎ ,‎ ,‎ ,‎ ,218,‎ ,‎ ,1040,‎ ,1323,1229,‎ ,‎ ,‎ ,190,‎ ,‎ ,‎ ,1063,1085,2108,2095,‎ ,‎ ,‎ ,‎ ,‎ ,‎ ,‎ ,‎ ,‎ ,‎ ,‎ ,‎ ,‎ ,10,9,0.23076923076923078,9 / 39,2
/1t9i//A/HOH`1228/O,,"-14.697,48.107,25.868",1228,1,26.26,‎ ,‎ ,‎ ,‎ ,616,‎ ,‎ ,‎ ,‎ ,‎ ,‎ ,‎ ,‎ ,‎ ,‎ ,‎ ,‎ ,‎ ,‎ ,‎ ,842,199,371,‎ ,‎ ,‎ ,1238,1228,‎ ,‎ ,‎ ,‎ ,‎ ,‎ ,‎ ,1011,1014,2017,2009,2012,2003,‎ ,‎ ,‎ ,2003,‎ ,‎ ,‎ ,‎ ,331,345,‎ ,15,12,0.3076923076923077,12 / 39,2
/1t9i//B/HOH`1227/O,,"1.973,53.128,22.445",1227,1,24.84,‎ ,‎ ,‎ ,‎ ,‎ ,‎ ,‎ ,‎ ,‎ ,‎ ,‎ ,‎ ,2053,2053,‎ ,‎ ,‎ ,‎ ,‎ ,‎ ,‎ ,‎ ,‎ ,‎ ,‎ ,‎ ,‎ ,1227,‎ ,‎ ,‎ ,‎ ,‎ ,‎ ,‎ ,‎ ,‎ ,‎ ,‎ ,‎ ,‎ ,‎ ,‎ ,‎ ,‎ ,‎ ,‎ ,‎ ,‎ ,‎ ,‎ ,‎ ,3,2,0.05128205128205128,2 / 39,2
/1t9i//A/HOH`1223/O,,"-15.135,29.738,31.577",1223,1,33.47,‎ ,‎ ,‎ ,‎ ,‎ ,‎ ,‎ ,‎ ,‎ ,‎ ,‎ ,‎ ,‎ ,‎ ,‎ ,‎ ,‎ ,‎ ,‎ ,‎ ,‎ ,‎ ,527,‎ ,‎ ,‎ ,‎ ,1223,‎ ,‎ ,‎ ,‎ ,‎ ,‎ ,‎ ,‎ ,1072,2087,2076,2076,‎ ,‎ ,‎ ,‎ ,‎ ,‎ ,‎ ,‎ ,‎ ,‎ ,‎ ,‎ ,6,6,0.15384615384615385,6 / 39,1
/1t9i//C/HOH`1221/O,,"2.62,32.089,47.872",1221,1,23.19,‎ ,‎ ,‎ ,‎ ,‎ ,‎ ,‎ ,‎ ,‎ ,‎ ,‎ ,‎ ,‎ ,‎ ,‎ ,‎ ,‎ ,‎ ,217,‎ ,41,51,906,2427,‎ ,1164,1276,1221,‎ ,‎ ,‎ ,130,‎ ,115,83,‎ ,1012,‎ ,‎ ,‎ ,‎ ,‎ ,2003,2002,2017,2008,2003,‎ ,‎ ,‎ ,706,813,19,15,0.38461538461538464,15 / 39,2
/1t9i//A/HOH`1220/O,,"-7.307,40.612,43.043",1220,1,25.07,‎ ,‎ ,‎ ,‎ ,‎ ,‎ ,‎ ,‎ ,‎ ,‎ ,‎ ,‎ ,‎ ,‎ ,‎ ,‎ ,‎ ,‎ ,550,‎ ,847,203,425,‎ ,‎ ,1098,1367,1220,‎ ,‎ ,‎ ,‎ ,200,181,‎ ,‎ ,1059,2071,2064,2064,‎ ,‎ ,‎ ,‎ ,‎ ,‎ ,‎ ,‎ ,‎ ,‎ ,‎ ,‎ ,13,12,0.3076923076923077,12 / 39,2
/1t9i//A/HOH`1219/O,,"-5.469,29.503,17.049",1219,1,29.04,‎ ,‎ ,‎ ,‎ ,‎ ,‎ ,‎ ,‎ ,‎ ,‎ ,‎ ,‎ ,‎ ,‎ ,‎ ,‎ ,‎ ,‎ ,‎ ,‎ ,852,198,423,‎ ,‎ ,‎ ,‎ ,1219,‎ ,‎ ,‎ ,‎ ,‎ ,‎ ,‎ ,1057,‎ ,2101,‎ ,2089,‎ ,‎ ,‎ ,‎ ,‎ ,‎ ,‎ ,‎ ,‎ ,‎ ,‎ ,‎ ,7,6,0.15384615384615385,6 / 39,1
/1t9i//B/HOH`1218/O,,"3.826,62.442,29.804",1218,1,29.79,‎ ,‎ ,‎ ,‎ ,‎ ,‎ ,‎ ,‎ ,‎ ,‎ ,‎ ,‎ ,‎ ,‎ ,‎ ,‎ ,‎ ,‎ ,‎ ,‎ ,‎ ,‎ ,‎ ,‎ ,‎ ,‎ ,‎ ,1218,‎ ,‎ ,‎ ,‎ ,‎ ,‎ ,196,‎ ,1073,‎ ,2096,2091,‎ ,‎ ,‎ ,‎ ,‎ ,‎ ,‎ ,‎ ,‎ ,343,317,‎ ,7,6,0.15384615384615385,6 / 39,1
/1t9i//A/HOH`1212/O,,"-2.582,21.816,20.736",1212,1,28.8,‎ ,‎ ,‎ ,‎ ,‎ ,‎ ,‎ ,‎ ,‎ ,‎ ,‎ ,‎ ,‎ ,‎ ,‎ ,‎ ,‎ ,‎ ,‎ ,‎ ,‎ ,‎ ,491,‎ ,‎ ,‎ ,‎ ,1212,‎ ,‎ ,‎ ,‎ ,‎ ,‎ ,‎ ,1064,‎ ,‎ ,‎ ,2042,‎ ,‎ ,‎ ,‎ ,‎ ,‎ ,‎ ,‎ ,‎ ,‎ ,‎ ,‎ ,4,4,0.10256410256410256,4 / 39,1
/1t9i//A/HOH`1211/O,,"-12.159,27.261,25.075",1211,1,25.21,‎ ,‎ ,‎ ,‎ ,‎ ,‎ ,‎ ,‎ ,‎ ,‎ ,‎ ,‎ ,‎ ,‎ ,‎ ,‎ ,‎ ,‎ ,‎ ,‎ ,‎ ,277,555,‎ ,‎ ,‎ ,1475,1211,‎ ,‎ ,‎ ,‎ ,‎ ,‎ ,‎ ,‎ ,1030,2039,2021,‎ ,‎ ,‎ ,‎ ,‎ ,‎ ,‎ ,‎ ,‎ ,‎ ,‎ ,‎ ,‎ ,7,6,0.15384615384615385,6 / 39,1
/1t9i//A/HOH`1207/O,,"-13.323,37.309,38.962",1207,1,30.91,‎ ,‎ ,‎ ,‎ ,‎ ,‎ ,‎ ,‎ ,‎ ,‎ ,‎ ,‎ ,‎ ,‎ ,‎ ,‎ ,‎ ,‎ ,‎ ,‎ ,‎ ,360,394,‎ ,‎ ,‎ ,‎ ,1207,‎ ,‎ ,‎ ,‎ ,‎ ,‎ ,‎ ,‎ ,1002,2003,‎ ,2003,‎ ,‎ ,‎ ,‎ ,‎ ,‎ ,‎ ,‎ ,‎ ,‎ ,‎ ,‎ ,6,5,0.1282051282051282,5 / 39,1
/1t9i//B/HOH`1204/O,,"-13.767,47.735,28.457",1204,1,25.78,‎ ,‎ ,‎ ,‎ ,‎ ,‎ ,‎ ,‎ ,‎ ,‎ ,‎ ,‎ ,‎ ,‎ ,‎ ,‎ ,‎ ,‎ ,‎ ,‎ ,828,406,220,‎ ,‎ ,‎ ,‎ ,1204,‎ ,‎ ,‎ ,‎ ,194,‎ ,‎ ,‎ ,‎ ,‎ ,‎ ,‎ ,‎ ,‎ ,‎ ,‎ ,‎ ,‎ ,‎ ,‎ ,‎ ,‎ ,‎ ,‎ ,5,4,0.10256410256410256,4 / 39,1
/1t9i//D/HOH`1203/O,,"13.678,48.648,15.25",1203,1,29.07,‎ ,‎ ,‎ ,‎ ,‎ ,‎ ,‎ ,‎ ,‎ ,‎ ,‎ ,‎ ,‎ ,‎ ,‎ ,‎ ,‎ ,‎ ,128,‎ ,232,61,907,‎ ,‎ ,‎ ,‎ ,1203,‎ ,‎ ,‎ ,163,103,‎ ,34,1033,1050,2053,2038,2031,‎ ,‎ ,‎ ,‎ ,‎ ,‎ ,2018,‎ ,‎ ,‎ ,‎ ,‎ ,14,11,0.28205128205128205,11 / 39,2
/1t9i//A/HOH`1202/O,,"4.417,12.465,26.642",1202,1,47.42,‎ ,‎ ,‎ ,‎ ,‎ ,‎ ,621,‎ ,‎ ,‎ ,‎ ,‎ ,‎ ,‎ ,‎ ,‎ ,‎ ,‎ ,‎ ,‎ ,‎ ,‎ ,‎ ,‎ ,‎ ,‎ ,‎ ,1202,‎ ,‎ ,‎ ,‎ ,‎ ,‎ ,‎ ,‎ ,‎ ,‎ ,‎ ,‎ ,‎ ,‎ ,‎ ,‎ ,‎ ,‎ ,‎ ,‎ ,‎ ,‎ ,‎ ,‎ ,2,2,0.05128205128205128,2 / 39,2
/1t9i//A/HOH`1201/O,,"3.387,54.654,40.968",1201,1,38.7,‎ ,‎ ,‎ ,‎ ,‎ ,‎ ,‎ ,‎ ,‎ ,‎ ,‎ ,‎ ,‎ ,‎ ,‎ ,‎ ,‎ ,‎ ,‎ ,‎ ,‎ ,309,‎ ,‎ ,‎ ,‎ ,‎ ,1201,‎ ,‎ ,‎ ,‎ ,‎ ,‎ ,‎ ,‎ ,‎ ,‎ ,‎ ,‎ ,‎ ,‎ ,‎ ,‎ ,‎ ,‎ ,‎ ,‎ ,‎ ,‎ ,‎ ,‎ ,2,2,0.05128205128205128,2 / 39,1
/1t9i//D/HOH`1200/O,,"-1.521,21.979,47.838",1200,1,35.9,‎ ,‎ ,‎ ,‎ ,‎ ,‎ ,‎ ,‎ ,‎ ,‎ ,‎ ,‎ ,‎ ,‎ ,‎ ,‎ ,‎ ,‎ ,‎ ,‎ ,‎ ,‎ ,935,‎ ,‎ ,‎ ,‎ ,1200,‎ ,‎ ,‎ ,‎ ,‎ ,‎ ,‎ ,‎ ,1004,‎ ,‎ ,‎ ,‎ ,‎ ,‎ ,‎ ,‎ ,‎ ,‎ ,‎ ,‎ ,‎ ,‎ ,‎ ,3,3,0.07692307692307693,3 / 39,1
/1t9i//A/HOH`1198/O,,"-4.662,31.839,15.795",1198,1,26.49,‎ ,‎ ,‎ ,‎ ,‎ ,‎ ,‎ ,‎ ,‎ ,‎ ,‎ ,‎ ,‎ ,‎ ,‎ ,‎ ,‎ ,‎ ,‎ ,‎ ,908,246,457,‎ ,‎ ,‎ ,‎ ,1198,‎ ,‎ ,‎ ,‎ ,‎ ,‎ ,‎ ,‎ ,‎ ,‎ ,‎ ,2090,‎ ,‎ ,‎ ,‎ ,‎ ,‎ ,‎ ,‎ ,‎ ,‎ ,‎ ,‎ ,5,4,0.10256410256410256,4 / 39,1
/1t9i//A/HOH`1196/O,,"-15.569,45.959,33.086",1196,1,33.82,‎ ,‎ ,‎ ,‎ ,‎ ,‎ ,‎ ,‎ ,‎ ,‎ ,‎ ,‎ ,‎ ,‎ ,‎ ,‎ ,‎ ,‎ ,‎ ,‎ ,‎ ,335,549,‎ ,‎ ,‎ ,‎ ,1196,‎ ,‎ ,‎ ,‎ ,‎ ,‎ ,‎ ,‎ ,‎ ,‎ ,‎ ,‎ ,‎ ,‎ ,‎ ,‎ ,‎ ,‎ ,‎ ,‎ ,‎ ,‎ ,‎ ,‎ ,3,2,0.05128205128205128,2 / 39,1
/1t9i//D/HOH`1195/O,,"2.195,55.96,24.866",1195,1,29.79,‎ ,‎ ,‎ ,‎ ,‎ ,‎ ,‎ ,‎ ,‎ ,‎ ,‎ ,‎ ,‎ ,‎ ,‎ ,‎ ,‎ ,‎ ,‎ ,‎ ,276,60,136,‎ ,‎ ,‎ ,1058,1195,‎ ,‎ ,‎ ,‎ ,‎ ,‎ ,‎ ,‎ ,1058,‎ ,‎ ,2040,‎ ,‎ ,‎ ,‎ ,‎ ,‎ ,‎ ,‎ ,‎ ,‎ ,‎ ,‎ ,7,6,0.15384615384615385,6 / 39,1
/1t9i//D/HOH`1194/O,,"12.212,43.79,41.043",1194,1,29.53,575,‎ ,‎ ,‎ ,‎ ,‎ ,‎ ,‎ ,‎ ,‎ ,‎ ,‎ ,‎ ,‎ ,‎ ,‎ ,‎ ,‎ ,‎ ,‎ ,145,64,924,‎ ,‎ ,‎ ,1160,1194,‎ ,‎ ,‎ ,‎ ,164,‎ ,‎ ,‎ ,‎ ,‎ ,‎ ,‎ ,‎ ,‎ ,‎ ,2011,‎ ,2004,‎ ,‎ ,‎ ,‎ ,‎ ,‎ ,9,8,0.20512820512820512,8 / 39,2
/1t9i//C/HOH`1193/O,,"16.149,27.62,46.651",1193,1,33.58,‎ ,‎ ,‎ ,‎ ,‎ ,‎ ,‎ ,‎ ,‎ ,‎ ,‎ ,‎ ,‎ ,‎ ,‎ ,‎ ,‎ ,‎ ,206,‎ ,‎ ,‎ ,‎ ,‎ ,‎ ,‎ ,‎ ,1193,‎ ,‎ ,‎ ,‎ ,‎ ,‎ ,‎ ,‎ ,‎ ,‎ ,‎ ,‎ ,‎ ,‎ ,‎ ,‎ ,‎ ,‎ ,‎ ,‎ ,‎ ,‎ ,‎ ,‎ ,2,2,0.05128205128205128,2 / 39,2
/1t9i//A/HOH`1192/O,,"-4.399,35.389,40.024",1192,1,39.48,123,‎ ,‎ ,‎ ,‎ ,‎ ,‎ ,‎ ,‎ ,‎ ,‎ ,‎ ,‎ ,‎ ,‎ ,‎ ,‎ ,‎ ,‎ ,‎ ,‎ ,‎ ,‎ ,‎ ,‎ ,‎ ,‎ ,1192,‎ ,‎ ,‎ ,‎ ,‎ ,‎ ,‎ ,‎ ,‎ ,‎ ,‎ ,‎ ,‎ ,‎ ,‎ ,‎ ,‎ ,‎ ,‎ ,‎ ,‎ ,‎ ,‎ ,‎ ,2,2,0.05128205128205128,2 / 39,2
/1t9i//A/HOH`1191/O,,"0.586,58.071,30.112",1191,1,28.95,‎ ,‎ ,‎ ,‎ ,‎ ,‎ ,‎ ,‎ ,‎ ,‎ ,‎ ,‎ ,‎ ,‎ ,‎ ,‎ ,‎ ,‎ ,‎ ,‎ ,839,183,378,‎ ,1026,1059,1221,1191,1100,‎ ,‎ ,‎ ,28,‎ ,128,‎ ,1043,2052,2044,2051,‎ ,‎ ,‎ ,‎ ,‎ ,2025,‎ ,‎ ,‎ ,‎ ,338,309,17,15,0.38461538461538464,15 / 39,1
/1t9i//C/HOH`1190/O,,"18.577,48.593,22.096",1190,1,32.22,‎ ,‎ ,‎ ,‎ ,‎ ,‎ ,‎ ,‎ ,‎ ,‎ ,‎ ,‎ ,‎ ,‎ ,‎ ,‎ ,‎ ,‎ ,225,‎ ,‎ ,‎ ,‎ ,‎ ,‎ ,‎ ,‎ ,1190,‎ ,‎ ,‎ ,‎ ,‎ ,‎ ,‎ ,1044,‎ ,‎ ,‎ ,‎ ,‎ ,‎ ,‎ ,‎ ,‎ ,‎ ,‎ ,‎ ,‎ ,‎ ,‎ ,‎ ,3,3,0.07692307692307693,3 / 39,2
/1t9i//D/HOH`1189/O,,"17.679,37.06,20.611",1189,1,27.97,‎ ,‎ ,‎ ,‎ ,‎ ,‎ ,‎ ,‎ ,‎ ,‎ ,‎ ,‎ ,‎ ,‎ ,‎ ,‎ ,‎ ,‎ ,‎ ,‎ ,‎ ,‎ ,‎ ,‎ ,‎ ,‎ ,‎ ,1189,‎ ,‎ ,‎ ,‎ ,‎ ,‎ ,‎ ,‎ ,‎ ,2046,‎ ,‎ ,‎ ,‎ ,‎ ,‎ ,‎ ,‎ ,‎ ,‎ ,‎ ,‎ ,‎ ,‎ ,2,2,0.05128205128205128,2 / 39,1
/1t9i//A/HOH`1188/O,,"3.104,34.409,38.957",1188,1,35.94,‎ ,‎ ,‎ ,‎ ,‎ ,‎ ,‎ ,‎ ,‎ ,‎ ,‎ ,‎ ,‎ ,‎ ,‎ ,‎ ,‎ ,‎ ,‎ ,‎ ,837,226,448,‎ ,1176,‎ ,1485,1188,‎ ,‎ ,‎ ,‎ ,‎ ,‎ ,‎ ,‎ ,‎ ,‎ ,‎ ,‎ ,‎ ,‎ ,‎ ,2025,‎ ,‎ ,‎ ,‎ ,‎ ,‎ ,‎ ,‎ ,7,6,0.15384615384615385,6 / 39,1
/1t9i//B/HOH`1187/O,,"0.731,58.246,26.013",1187,1,31.79,‎ ,‎ ,‎ ,‎ ,‎ ,‎ ,‎ ,‎ ,‎ ,‎ ,‎ ,‎ ,‎ ,‎ ,‎ ,‎ ,‎ ,‎ ,‎ ,‎ ,‎ ,‎ ,‎ ,‎ ,‎ ,‎ ,‎ ,1187,‎ ,‎ ,‎ ,‎ ,178,‎ ,‎ ,1084,‎ ,‎ ,‎ ,‎ ,‎ ,‎ ,‎ ,‎ ,‎ ,‎ ,2041,‎ ,‎ ,‎ ,‎ ,‎ ,4,4,0.10256410256410256,4 / 39,1
/1t9i//A/HOH`1183/O,,"-12.14,27.877,35.901",1183,1,28.06,‎ ,‎ ,‎ ,‎ ,‎ ,‎ ,‎ ,‎ ,‎ ,‎ ,‎ ,‎ ,‎ ,‎ ,‎ ,‎ ,‎ ,‎ ,‎ ,‎ ,877,‎ ,485,‎ ,‎ ,‎ ,‎ ,1183,‎ ,‎ ,‎ ,‎ ,‎ ,‎ ,‎ ,‎ ,1069,2084,2074,2073,‎ ,‎ ,2001,‎ ,‎ ,‎ ,‎ ,‎ ,‎ ,‎ ,‎ ,‎ ,8,8,0.20512820512820512,8 / 39,1
/1t9i//A/HOH`1180/O,,"5.937,17.238,40.361",1180,1,28.17,‎ ,‎ ,‎ ,‎ ,‎ ,‎ ,‎ ,‎ ,‎ ,‎ ,‎ ,‎ ,‎ ,‎ ,‎ ,‎ ,‎ ,‎ ,‎ ,‎ ,83,139,458,2006,‎ ,‎ ,‎ ,1180,1154,‎ ,‎ ,‎ ,‎ ,‎ ,37,1021,1026,2032,2026,‎ ,2021,‎ ,2017,‎ ,‎ ,2016,‎ ,‎ ,‎ ,‎ ,‎ ,‎ ,14,12,0.3076923076923077,12 / 39,1
/1t9i//A/HOH`1179/O,,"-5.901,15.907,34.133",1179,1,28.04,‎ ,‎ ,‎ ,‎ ,603,5,‎ ,‎ ,‎ ,‎ ,‎ ,‎ ,‎ ,‎ ,‎ ,‎ ,‎ ,‎ ,‎ ,‎ ,‎ ,‎ ,588,2046,‎ ,‎ ,1290,1179,1118,‎ ,‎ ,‎ ,‎ ,‎ ,‎ ,‎ ,‎ ,2112,2099,2097,‎ ,‎ ,‎ ,‎ ,‎ ,2045,2033,‎ ,‎ ,‎ ,‎ ,‎ ,12,10,0.2564102564102564,10 / 39,2
/1t9i//A/HOH`1175/O,,"-8.478,47.345,42.134",1175,1,43.72,‎ ,‎ ,‎ ,‎ ,‎ ,‎ ,‎ ,‎ ,‎ ,‎ ,‎ ,‎ ,‎ ,‎ ,‎ ,‎ ,‎ ,‎ ,‎ ,‎ ,‎ ,‎ ,550,‎ ,‎ ,‎ ,‎ ,1175,‎ ,‎ ,‎ ,‎ ,‎ ,‎ ,‎ ,‎ ,‎ ,‎ ,‎ ,‎ ,‎ ,‎ ,‎ ,‎ ,‎ ,‎ ,‎ ,‎ ,‎ ,‎ ,‎ ,‎ ,2,2,0.05128205128205128,2 / 39,1
/1t9i//A/HOH`1174/O,,"-10.114,42.464,42.303",1174,1,27.73,‎ ,‎ ,‎ ,‎ ,‎ ,‎ ,‎ ,‎ ,‎ ,‎ ,‎ ,‎ ,‎ ,‎ ,‎ ,‎ ,‎ ,‎ ,‎ ,‎ ,818,201,409,‎ ,‎ ,‎ ,1350,1174,‎ ,633,‎ ,‎ ,42,190,8,‎ ,1052,2063,‎ ,2059,‎ ,‎ ,‎ ,2030,‎ ,2028,‎ ,‎ ,‎ ,‎ ,‎ ,‎ ,14,12,0.3076923076923077,12 / 39,1
/1t9i//A/HOH`1173/O,,"13.208,29.804,23.386",1173,1,29.36,‎ ,‎ ,‎ ,‎ ,‎ ,‎ ,‎ ,‎ ,‎ ,‎ ,‎ ,‎ ,‎ ,‎ ,‎ ,‎ ,‎ ,‎ ,‎ ,‎ ,917,259,385,‎ ,‎ ,1138,1433,1173,1064,‎ ,‎ ,180,‎ ,180,‎ ,1078,‎ ,‎ ,‎ ,2116,‎ ,‎ ,‎ ,‎ ,‎ ,‎ ,‎ ,‎ ,‎ ,‎ ,‎ ,‎ ,11,10,0.2564102564102564,10 / 39,1
/1t9i//D/HOH`1171/O,,"17.225,37.741,34.984",1171,1,29.05,‎ ,‎ ,‎ ,‎ ,‎ ,‎ ,‎ ,‎ ,‎ ,‎ ,‎ ,‎ ,‎ ,‎ ,‎ ,‎ ,‎ ,‎ ,‎ ,‎ ,‎ ,‎ ,926,‎ ,‎ ,‎ ,‎ ,1171,‎ ,‎ ,‎ ,‎ ,‎ ,‎ ,‎ ,‎ ,‎ ,‎ ,‎ ,‎ ,‎ ,‎ ,‎ ,‎ ,‎ ,‎ ,‎ ,‎ ,‎ ,‎ ,‎ ,‎ ,2,2,0.05128205128205128,2 / 39,1
/1t9i//A/HOH`1169/O,,"0.366,28.906,37.394",1169,1,30.57,‎ ,‎ ,‎ ,‎ ,‎ ,49,‎ ,‎ ,‎ ,‎ ,‎ ,‎ ,2027,2022,‎ ,‎ ,‎ ,‎ ,‎ ,‎ ,832,180,421,2038,‎ ,‎ ,1310,1169,1147,28,3,169,22,‎ ,‎ ,1025,1035,‎ ,2030,2036,‎ ,‎ ,‎ ,2024,‎ ,‎ ,2016,‎ ,‎ ,322,329,‎ ,22,16,0.41025641025641024,16 / 39,3
/1t9i//A/HOH`1168/O,,"-20.038,35.782,23.084",1168,1,30.09,‎ ,‎ ,‎ ,‎ ,‎ ,‎ ,‎ ,‎ ,‎ ,‎ ,‎ ,‎ ,‎ ,‎ ,‎ ,‎ ,‎ ,‎ ,‎ ,‎ ,‎ ,‎ ,‎ ,‎ ,‎ ,‎ ,‎ ,1168,‎ ,‎ ,‎ ,‎ ,‎ ,‎ ,‎ ,‎ ,‎ ,2006,‎ ,2016,‎ ,‎ ,‎ ,‎ ,‎ ,‎ ,‎ ,‎ ,‎ ,‎ ,‎ ,‎ ,3,3,0.07692307692307693,3 / 39,1
/1t9i//A/HOH`1166/O,,"-17.275,49.172,25.666",1166,1,31.46,‎ ,‎ ,‎ ,‎ ,‎ ,‎ ,‎ ,‎ ,‎ ,‎ ,‎ ,‎ ,2001,2001,‎ ,‎ ,‎ ,‎ ,‎ ,‎ ,‎ ,‎ ,454,‎ ,‎ ,‎ ,1228,1166,‎ ,‎ ,‎ ,‎ ,‎ ,‎ ,‎ ,‎ ,‎ ,‎ ,‎ ,‎ ,‎ ,‎ ,‎ ,‎ ,‎ ,‎ ,‎ ,‎ ,‎ ,‎ ,‎ ,‎ ,5,4,0.10256410256410256,4 / 39,2
/1t9i//C/HOH`1165/O,,"4.681,37.55,21.098",1165,1,28.24,‎ ,‎ ,‎ ,‎ ,‎ ,‎ ,102,‎ ,‎ ,‎ ,‎ ,‎ ,‎ ,‎ ,‎ ,‎ ,‎ ,‎ ,‎ ,‎ ,‎ ,‎ ,‎ ,‎ ,‎ ,‎ ,1275,1165,‎ ,‎ ,‎ ,‎ ,‎ ,‎ ,‎ ,1058,1042,2011,2004,2040,‎ ,‎ ,‎ ,‎ ,‎ ,‎ ,‎ ,‎ ,‎ ,‎ ,‎ ,‎ ,8,7,0.1794871794871795,7 / 39,2
/1t9i//B/HOH`1163/O,,"-6.357,40.125,11.565",1163,1,24.97,‎ ,‎ ,‎ ,‎ ,‎ ,‎ ,‎ ,‎ ,‎ ,‎ ,‎ ,‎ ,‎ ,‎ ,‎ ,‎ ,‎ ,‎ ,‎ ,‎ ,‎ ,‎ ,‎ ,‎ ,‎ ,‎ ,‎ ,1163,‎ ,‎ ,‎ ,‎ ,‎ ,‎ ,‎ ,‎ ,‎ ,‎ ,‎ ,2043,‎ ,‎ ,‎ ,‎ ,‎ ,‎ ,‎ ,‎ ,‎ ,‎ ,‎ ,‎ ,2,2,0.05128205128205128,2 / 39,1
/1t9i//B/HOH`1162/O,,"4.547,35.647,15.684",1162,1,23.14,‎ ,‎ ,‎ ,‎ ,‎ ,‎ ,‎ ,‎ ,‎ ,‎ ,‎ ,‎ ,‎ ,‎ ,‎ ,‎ ,‎ ,‎ ,‎ ,‎ ,832,378,183,‎ ,‎ ,‎ ,1144,1162,1121,‎ ,‎ ,28,‎ ,128,‎ ,1043,‎ ,2033,2044,2030,‎ ,‎ ,‎ ,‎ ,‎ ,‎ ,2025,‎ ,‎ ,338,‎ ,516,15,14,0.358974358974359,14 / 39,1
/1t9i//C/HOH`1161/O,,"11.828,47.37,32.277",1161,1,25.33,‎ ,‎ ,‎ ,‎ ,‎ ,‎ ,‎ ,‎ ,‎ ,‎ ,‎ ,‎ ,‎ ,‎ ,‎ ,‎ ,‎ ,‎ ,‎ ,‎ ,811,907,61,2194,‎ ,‎ ,1017,1161,1072,‎ ,‎ ,103,163,34,‎ ,1050,1033,2034,2029,2031,‎ ,‎ ,‎ ,‎ ,‎ ,2018,‎ ,‎ ,‎ ,‎ ,‎ ,‎ ,16,13,0.3333333333333333,13 / 39,1
/1t9i//A/HOH`1158/O,,"18.856,18.463,32.89",1158,1,29.06,‎ ,‎ ,‎ ,‎ ,‎ ,‎ ,‎ ,‎ ,‎ ,‎ ,‎ ,‎ ,‎ ,‎ ,‎ ,‎ ,‎ ,‎ ,‎ ,‎ ,‎ ,298,415,‎ ,‎ ,‎ ,1251,1158,1091,‎ ,‎ ,‎ ,‎ ,‎ ,‎ ,1087,‎ ,‎ ,2127,2135,‎ ,‎ ,‎ ,‎ ,‎ ,2056,‎ ,‎ ,‎ ,‎ ,‎ ,‎ ,9,8,0.20512820512820512,8 / 39,1
/1t9i//B/HOH`1157/O,,"-8.65,60.215,28.444",1157,1,28.91,‎ ,‎ ,‎ ,‎ ,‎ ,‎ ,‎ ,‎ ,‎ ,‎ ,‎ ,‎ ,‎ ,‎ ,‎ ,‎ ,‎ ,‎ ,‎ ,‎ ,‎ ,457,246,‎ ,‎ ,‎ ,‎ ,1157,‎ ,‎ ,‎ ,‎ ,‎ ,‎ ,‎ ,‎ ,‎ ,‎ ,‎ ,‎ ,‎ ,‎ ,‎ ,‎ ,‎ ,‎ ,‎ ,‎ ,‎ ,‎ ,‎ ,‎ ,3,2,0.05128205128205128,2 / 39,1
/1t9i//A/HOH`1156/O,,"18.699,36.198,23.279",1156,1,26.17,‎ ,‎ ,‎ ,‎ ,‎ ,‎ ,‎ ,‎ ,‎ ,‎ ,‎ ,‎ ,‎ ,‎ ,‎ ,‎ ,‎ ,‎ ,‎ ,‎ ,‎ ,‎ ,‎ ,‎ ,‎ ,‎ ,‎ ,1156,‎ ,‎ ,‎ ,‎ ,‎ ,‎ ,‎ ,‎ ,‎ ,2133,‎ ,2120,‎ ,‎ ,‎ ,‎ ,‎ ,‎ ,‎ ,‎ ,‎ ,‎ ,‎ ,‎ ,3,3,0.07692307692307693,3 / 39,1
/1t9i//B/HOH`1154/O,,"-5.254,42.6,11.326",1154,1,25.63,‎ ,‎ ,‎ ,‎ ,‎ ,‎ ,‎ ,‎ ,‎ ,‎ ,‎ ,‎ ,‎ ,‎ ,‎ ,‎ ,‎ ,‎ ,‎ ,‎ ,‎ ,375,184,‎ ,‎ ,‎ ,‎ ,1154,‎ ,73,‎ ,127,‎ ,‎ ,‎ ,‎ ,‎ ,2043,2053,‎ ,‎ ,‎ ,‎ ,‎ ,‎ ,‎ ,‎ ,‎ ,‎ ,‎ ,‎ ,‎ ,7,6,0.15384615384615385,6 / 39,1
/1t9i//B/HOH`1153/O,,"-6.766,58.946,26.828",1153,1,29.2,‎ ,‎ ,‎ ,‎ ,82,‎ ,‎ ,‎ ,‎ ,‎ ,‎ ,‎ ,‎ ,‎ ,‎ ,‎ ,‎ ,‎ ,‎ ,‎ ,849,435,173,‎ ,1020,1052,1097,1153,‎ ,‎ ,‎ ,‎ ,‎ ,‎ ,‎ ,‎ ,‎ ,‎ ,‎ ,‎ ,‎ ,‎ ,‎ ,‎ ,‎ ,‎ ,‎ ,‎ ,‎ ,‎ ,324,‎ ,9,7,0.1794871794871795,7 / 39,2
/1t9i//A/HOH`1152/O,,"-5.343,27.109,18.997",1152,1,24.86,‎ ,‎ ,‎ ,‎ ,‎ ,60,‎ ,‎ ,‎ ,‎ ,‎ ,‎ ,‎ ,‎ ,‎ ,‎ ,‎ ,‎ ,‎ ,‎ ,900,‎ ,447,‎ ,‎ ,1102,1156,1152,‎ ,‎ ,‎ ,225,‎ ,‎ ,‎ ,1062,1087,2106,2094,2093,‎ ,‎ ,‎ ,‎ ,‎ ,‎ ,‎ ,‎ ,‎ ,‎ ,‎ ,‎ ,12,11,0.28205128205128205,11 / 39,2
/1t9i//A/HOH`1151/O,,"-6.526,23.302,22.049",1151,1,28.9,‎ ,‎ ,‎ ,‎ ,‎ ,‎ ,‎ ,‎ ,‎ ,‎ ,‎ ,‎ ,‎ ,‎ ,‎ ,‎ ,‎ ,‎ ,‎ ,‎ ,‎ ,‎ ,460,‎ ,‎ ,‎ ,‎ ,1151,‎ ,‎ ,‎ ,‎ ,‎ ,‎ ,‎ ,‎ ,‎ ,‎ ,2028,‎ ,‎ ,‎ ,‎ ,‎ ,‎ ,‎ ,‎ ,‎ ,‎ ,‎ ,‎ ,‎ ,3,3,0.07692307692307693,3 / 39,1
/1t9i//A/HOH`1148/O,,"-7.454,24.358,24.491",1148,1,23.82,‎ ,‎ ,‎ ,‎ ,‎ ,‎ ,‎ ,‎ ,‎ ,‎ ,‎ ,‎ ,‎ ,‎ ,‎ ,‎ ,‎ ,‎ ,777,‎ ,‎ ,175,391,2447,‎ ,‎ ,1219,1148,‎ ,‎ ,‎ ,‎ ,125,186,‎ ,1061,1086,2107,‎ ,2094,‎ ,‎ ,‎ ,‎ ,‎ ,‎ ,‎ ,‎ ,‎ ,‎ ,‎ ,‎ ,12,10,0.2564102564102564,10 / 39,2
/1t9i//A/HOH`1145/O,,"3.722,33.381,17.136",1145,1,22.01,‎ ,‎ ,‎ ,‎ ,‎ ,‎ ,‎ ,‎ ,‎ ,‎ ,‎ ,‎ ,‎ ,‎ ,‎ ,‎ ,‎ ,‎ ,‎ ,‎ ,825,172,389,‎ ,‎ ,‎ ,1460,1145,‎ ,‎ ,‎ ,165,‎ ,172,‎ ,1074,1096,2125,2111,2109,‎ ,‎ ,‎ ,‎ ,‎ ,‎ ,‎ ,‎ ,‎ ,‎ ,‎ ,‎ ,12,10,0.2564102564102564,10 / 39,1
/1t9i//A/HOH`1142/O,,"-10.253,35.579,16.734",1142,1,24.83,‎ ,‎ ,‎ ,‎ ,‎ ,‎ ,‎ ,‎ ,‎ ,‎ ,‎ ,‎ ,‎ ,‎ ,‎ ,‎ ,‎ ,‎ ,‎ ,‎ ,830,279,362,2442,1048,1016,1364,1142,1078,‎ ,‎ ,‎ ,95,192,‎ ,1051,1077,2094,2082,‎ ,‎ ,‎ ,‎ ,‎ ,‎ ,‎ ,‎ ,‎ ,‎ ,311,‎ ,316,17,14,0.358974358974359,14 / 39,1
/1t9i//A/HOH`1141/O,,"7.926,23.076,20.67",1141,1,24.79,‎ ,‎ ,‎ ,‎ ,‎ ,‎ ,‎ ,‎ ,‎ ,‎ ,‎ ,‎ ,‎ ,‎ ,‎ ,‎ ,‎ ,‎ ,‎ ,‎ ,‎ ,‎ ,‎ ,‎ ,‎ ,‎ ,‎ ,1141,‎ ,‎ ,‎ ,‎ ,‎ ,‎ ,‎ ,‎ ,1093,‎ ,‎ ,‎ ,‎ ,‎ ,‎ ,‎ ,‎ ,‎ ,‎ ,‎ ,‎ ,‎ ,‎ ,‎ ,2,2,0.05128205128205128,2 / 39,1
/1t9i//A/HOH`1139/O,,"0.864,15.814,22.924",1139,1,24.87,‎ ,‎ ,‎ ,‎ ,‎ ,‎ ,‎ ,‎ ,‎ ,‎ ,‎ ,‎ ,‎ ,‎ ,‎ ,‎ ,‎ ,‎ ,‎ ,‎ ,‎ ,‎ ,453,2174,1043,‎ ,‎ ,1139,‎ ,‎ ,‎ ,‎ ,‎ ,‎ ,‎ ,‎ ,‎ ,‎ ,‎ ,‎ ,‎ ,‎ ,‎ ,‎ ,‎ ,‎ ,‎ ,‎ ,‎ ,‎ ,‎ ,‎ ,4,4,0.10256410256410256,4 / 39,1
/1t9i//A/HOH`1136/O,,"-6.241,21.846,36.765",1136,1,26.9,‎ ,‎ ,‎ ,‎ ,‎ ,‎ ,‎ ,‎ ,‎ ,‎ ,‎ ,‎ ,‎ ,‎ ,‎ ,‎ ,‎ ,‎ ,‎ ,‎ ,896,‎ ,419,2346,‎ ,‎ ,‎ ,1136,‎ ,‎ ,‎ ,192,‎ ,179,‎ ,‎ ,‎ ,‎ ,‎ ,2096,‎ ,‎ ,2037,‎ ,‎ ,‎ ,‎ ,‎ ,‎ ,‎ ,‎ ,‎ ,8,8,0.20512820512820512,8 / 39,1
/1t9i//B/HOH`1134/O,,"-13.515,50.651,25.238",1134,1,24.46,‎ ,‎ ,‎ ,‎ ,‎ ,‎ ,‎ ,‎ ,‎ ,‎ ,‎ ,‎ ,‎ ,‎ ,‎ ,‎ ,‎ ,‎ ,‎ ,‎ ,826,388,192,‎ ,1023,1177,1179,1134,‎ ,‎ ,‎ ,211,‎ ,‎ ,‎ ,‎ ,‎ ,‎ ,‎ ,‎ ,‎ ,‎ ,‎ ,‎ ,‎ ,‎ ,‎ ,‎ ,‎ ,323,‎ ,‎ ,9,7,0.1794871794871795,7 / 39,1
/1t9i//A/HOH`1133/O,,"-5.75,18.907,28.007",1133,1,26.34,‎ ,‎ ,‎ ,‎ ,‎ ,‎ ,‎ ,‎ ,‎ ,‎ ,‎ ,‎ ,‎ ,‎ ,‎ ,‎ ,‎ ,‎ ,‎ ,‎ ,926,384,440,‎ ,‎ ,‎ ,1362,1133,‎ ,‎ ,‎ ,‎ ,‎ ,‎ ,‎ ,1067,‎ ,2111,2097,2095,‎ ,‎ ,‎ ,‎ ,‎ ,‎ ,‎ ,‎ ,‎ ,‎ ,‎ ,‎ ,9,8,0.20512820512820512,8 / 39,1
/1t9i//A/HOH`1131/O,,"-18.294,35.253,28.158",1131,1,21.63,‎ ,‎ ,‎ ,‎ ,‎ ,‎ ,‎ ,‎ ,‎ ,‎ ,‎ ,‎ ,‎ ,‎ ,‎ ,‎ ,‎ ,‎ ,‎ ,‎ ,821,240,399,‎ ,1152,‎ ,1171,1131,1105,‎ ,64,‎ ,181,‎ ,10,1050,1074,2089,2079,2080,‎ ,‎ ,‎ ,‎ ,‎ ,‎ ,‎ ,‎ ,‎ ,307,312,‎ ,17,14,0.358974358974359,14 / 39,1
/1t9i//D/HOH`1130/O,,"16.852,47.294,30.205",1130,1,24.97,‎ ,‎ ,‎ ,‎ ,‎ ,‎ ,‎ ,‎ ,‎ ,‎ ,‎ ,‎ ,‎ ,‎ ,‎ ,‎ ,‎ ,‎ ,‎ ,‎ ,‎ ,‎ ,‎ ,‎ ,‎ ,‎ ,‎ ,1130,‎ ,‎ ,‎ ,109,‎ ,‎ ,‎ ,1025,1041,2041,2026,2018,‎ ,‎ ,‎ ,‎ ,‎ ,‎ ,‎ ,‎ ,‎ ,‎ ,‎ ,‎ ,7,6,0.15384615384615385,6 / 39,1
/1t9i//B/HOH`1129/O,,"-17.576,54.358,16.606",1129,1,25.07,‎ ,‎ ,‎ ,‎ ,‎ ,‎ ,‎ ,‎ ,‎ ,‎ ,‎ ,‎ ,‎ ,‎ ,‎ ,‎ ,‎ ,‎ ,‎ ,‎ ,806,373,169,‎ ,1079,1191,1038,1129,1089,35,629,‎ ,226,103,‎ ,‎ ,‎ ,‎ ,‎ ,‎ ,‎ ,‎ ,‎ ,‎ ,‎ ,‎ ,‎ ,‎ ,‎ ,337,326,‎ ,14,10,0.2564102564102564,10 / 39,1
/1t9i//A/HOH`1128/O,,"8.766,54.898,33.709",1128,1,24.23,‎ ,‎ ,‎ ,‎ ,‎ ,‎ ,‎ ,‎ ,‎ ,‎ ,‎ ,‎ ,‎ ,‎ ,‎ ,‎ ,‎ ,‎ ,‎ ,‎ ,893,‎ ,438,‎ ,‎ ,‎ ,‎ ,1128,‎ ,‎ ,‎ ,‎ ,‎ ,‎ ,‎ ,1046,‎ ,‎ ,‎ ,2070,‎ ,‎ ,‎ ,‎ ,‎ ,‎ ,‎ ,‎ ,‎ ,‎ ,‎ ,‎ ,5,5,0.1282051282051282,5 / 39,1
/1t9i//B/HOH`1126/O,,"14.274,50.821,13.634",1126,1,22.68,‎ ,‎ ,‎ ,‎ ,‎ ,‎ ,‎ ,‎ ,‎ ,‎ ,‎ ,‎ ,‎ ,‎ ,‎ ,‎ ,‎ ,‎ ,‎ ,‎ ,‎ ,‎ ,‎ ,‎ ,‎ ,‎ ,1083,1126,‎ ,‎ ,‎ ,152,161,‎ ,‎ ,‎ ,‎ ,‎ ,‎ ,‎ ,‎ ,‎ ,‎ ,‎ ,‎ ,‎ ,‎ ,‎ ,‎ ,‎ ,‎ ,‎ ,4,3,0.07692307692307693,3 / 39,1
/1t9i//C/HOH`1125/O,,"6.729,34.167,48.177",1125,1,22.39,‎ ,‎ ,‎ ,‎ ,‎ ,‎ ,‎ ,‎ ,‎ ,‎ ,‎ ,‎ ,‎ ,‎ ,‎ ,‎ ,‎ ,‎ ,210,‎ ,840,17,903,2057,1104,‎ ,1015,1125,1057,17,‎ ,86,73,56,96,‎ ,‎ ,‎ ,‎ ,‎ ,‎ ,‎ ,2005,2003,2016,2006,2004,‎ ,‎ ,‎ ,‎ ,‎ ,19,14,0.358974358974359,14 / 39,2
/1t9i//A/HOH`1123/O,,"-4.55,42.824,43.84",1123,1,23.03,‎ ,‎ ,‎ ,‎ ,‎ ,‎ ,‎ ,‎ ,‎ ,‎ ,‎ ,‎ ,‎ ,‎ ,‎ ,‎ ,‎ ,‎ ,576,‎ ,849,206,403,‎ ,‎ ,‎ ,1139,1123,‎ ,‎ ,‎ ,‎ ,‎ ,‎ ,‎ ,1040,1058,2072,2063,2063,‎ ,‎ ,‎ ,2032,‎ ,2031,‎ ,‎ ,‎ ,‎ ,‎ ,323,14,12,0.3076923076923077,12 / 39,2
/1t9i//B/HOH`1119/O,,"-13.127,42.072,16.812",1119,1,22.58,‎ ,‎ ,‎ ,‎ ,‎ ,‎ ,‎ ,‎ ,‎ ,‎ ,‎ ,‎ ,‎ ,‎ ,‎ ,‎ ,‎ ,‎ ,‎ ,‎ ,825,371,199,‎ ,‎ ,‎ ,‎ ,1119,‎ ,‎ ,‎ ,‎ ,‎ ,‎ ,‎ ,‎ ,‎ ,2008,2017,2006,‎ ,‎ ,‎ ,‎ ,‎ ,‎ ,‎ ,‎ ,‎ ,345,331,‎ ,9,7,0.1794871794871795,7 / 39,1
/1t9i//A/HOH`1117/O,,"-5.563,35.307,13.637",1117,1,19.97,‎ ,‎ ,‎ ,‎ ,‎ ,‎ ,‎ ,‎ ,‎ ,‎ ,‎ ,‎ ,‎ ,‎ ,‎ ,‎ ,‎ ,‎ ,‎ ,‎ ,‎ ,‎ ,507,‎ ,‎ ,‎ ,1375,1117,‎ ,‎ ,‎ ,‎ ,‎ ,‎ ,‎ ,1054,‎ ,‎ ,2084,‎ ,‎ ,‎ ,‎ ,‎ ,‎ ,‎ ,‎ ,‎ ,‎ ,‎ ,‎ ,‎ ,5,5,0.1282051282051282,5 / 39,1
/1t9i//B/HOH`1115/O,,"0.032,54.784,25.616",1115,1,16.11,‎ ,‎ ,‎ ,‎ ,‎ ,‎ ,‎ ,‎ ,‎ ,‎ ,‎ ,‎ ,‎ ,‎ ,‎ ,‎ ,‎ ,‎ ,‎ ,‎ ,‎ ,‎ ,‎ ,‎ ,‎ ,‎ ,‎ ,1115,‎ ,76,‎ ,‎ ,‎ ,‎ ,‎ ,‎ ,‎ ,‎ ,‎ ,‎ ,‎ ,‎ ,‎ ,‎ ,‎ ,‎ ,‎ ,‎ ,‎ ,344,‎ ,‎ ,3,3,0.07692307692307693,3 / 39,1
/1t9i//C/HOH`1113/O,,"9.22,58.574,28.409",1113,1,21.66,‎ ,‎ ,‎ ,‎ ,‎ ,‎ ,‎ ,‎ ,‎ ,‎ ,‎ ,‎ ,‎ ,‎ ,‎ ,‎ ,‎ ,‎ ,‎ ,‎ ,833,‎ ,‎ ,‎ ,‎ ,‎ ,‎ ,1113,1111,‎ ,‎ ,‎ ,‎ ,‎ ,‎ ,1046,1029,2045,2024,2045,‎ ,‎ ,‎ ,‎ ,‎ ,‎ ,‎ ,‎ ,‎ ,‎ ,‎ ,‎ ,8,7,0.1794871794871795,7 / 39,1
/1t9i//A/HOH`1112/O,,"15.096,31.651,24.524",1112,1,21.36,‎ ,‎ ,‎ ,‎ ,‎ ,‎ ,‎ ,‎ ,‎ ,‎ ,‎ ,‎ ,‎ ,‎ ,‎ ,‎ ,‎ ,‎ ,‎ ,‎ ,844,217,381,2066,1163,‎ ,1168,1112,1075,628,‎ ,210,61,‎ ,109,1079,1100,2130,2117,2127,2042,‎ ,‎ ,2046,‎ ,‎ ,‎ ,‎ ,‎ ,321,340,317,22,18,0.46153846153846156,18 / 39,1
/1t9i//D/HOH`1111/O,,"15.292,45.684,33.474",1111,1,22.95,‎ ,‎ ,‎ ,‎ ,‎ ,‎ ,‎ ,‎ ,‎ ,‎ ,‎ ,‎ ,‎ ,‎ ,‎ ,‎ ,‎ ,‎ ,‎ ,‎ ,‎ ,‎ ,‎ ,2433,‎ ,‎ ,1068,1111,‎ ,‎ ,‎ ,‎ ,‎ ,‎ ,‎ ,‎ ,‎ ,‎ ,‎ ,‎ ,‎ ,‎ ,‎ ,2011,‎ ,‎ ,2011,‎ ,‎ ,‎ ,‎ ,‎ ,5,5,0.1282051282051282,5 / 39,1
/1t9i//A/HOH`1109/O,,"-7.961,48.784,32.569",1109,1,19.98,‎ ,‎ ,‎ ,‎ ,‎ ,‎ ,‎ ,‎ ,‎ ,‎ ,‎ ,‎ ,‎ ,‎ ,‎ ,‎ ,‎ ,‎ ,‎ ,‎ ,848,184,375,‎ ,‎ ,‎ ,‎ ,1109,‎ ,‎ ,73,‎ ,127,‎ ,‎ ,‎ ,‎ ,‎ ,2054,2055,‎ ,‎ ,‎ ,‎ ,‎ ,‎ ,‎ ,‎ ,‎ ,‎ ,‎ ,‎ ,8,7,0.1794871794871795,7 / 39,1
/1t9i//A/HOH`1108/O,,"2.487,25.085,18.2",1108,1,27.02,‎ ,‎ ,‎ ,‎ ,‎ ,‎ ,‎ ,‎ ,‎ ,‎ ,‎ ,‎ ,‎ ,‎ ,‎ ,‎ ,‎ ,‎ ,661,‎ ,‎ ,245,541,‎ ,‎ ,‎ ,1469,1108,‎ ,620,‎ ,‎ ,‎ ,‎ ,‎ ,‎ ,1040,2120,‎ ,2044,‎ ,‎ ,‎ ,‎ ,‎ ,‎ ,‎ ,‎ ,‎ ,‎ ,‎ ,‎ ,9,8,0.20512820512820512,8 / 39,2
/1t9i//A/HOH`1106/O,,"12.374,45.804,34.469",1106,1,24.47,‎ ,‎ ,‎ ,‎ ,‎ ,‎ ,‎ ,‎ ,‎ ,‎ ,‎ ,‎ ,‎ ,‎ ,‎ ,‎ ,‎ ,‎ ,‎ ,‎ ,841,171,372,‎ ,‎ ,‎ ,1012,1106,‎ ,‎ ,‎ ,161,152,193,94,‎ ,1014,‎ ,‎ ,‎ ,‎ ,‎ ,‎ ,‎ ,‎ ,‎ ,‎ ,‎ ,‎ ,‎ ,‎ ,‎ ,10,7,0.1794871794871795,7 / 39,1
/1t9i//A/HOH`1104/O,,"6.845,20.42,21.227",1104,1,22.59,‎ ,‎ ,‎ ,‎ ,‎ ,‎ ,‎ ,‎ ,‎ ,‎ ,‎ ,‎ ,‎ ,‎ ,‎ ,‎ ,‎ ,‎ ,‎ ,‎ ,856,398,476,‎ ,‎ ,‎ ,‎ ,1104,‎ ,‎ ,‎ ,‎ ,‎ ,‎ ,‎ ,‎ ,1095,‎ ,‎ ,2103,‎ ,‎ ,2039,‎ ,‎ ,2046,‎ ,‎ ,‎ ,‎ ,‎ ,‎ ,8,7,0.1794871794871795,7 / 39,1
/1t9i//A/HOH`1103/O,,"3.296,29.995,38.883",1103,1,18.2,‎ ,‎ ,‎ ,‎ ,‎ ,‎ ,‎ ,‎ ,‎ ,‎ ,‎ ,‎ ,‎ ,‎ ,‎ ,‎ ,‎ ,‎ ,‎ ,‎ ,822,165,402,2073,‎ ,‎ ,1101,1103,1170,625,41,199,38,189,43,‎ ,‎ ,‎ ,‎ ,‎ ,‎ ,‎ ,‎ ,2023,2012,2020,‎ ,‎ ,‎ ,‎ ,306,‎ ,17,12,0.3076923076923077,12 / 39,1
/1t9i//C/HOH`1102/O,,"16.078,58.741,16.441",1102,1,18.84,136,‎ ,‎ ,‎ ,‎ ,‎ ,‎ ,‎ ,‎ ,‎ ,‎ ,‎ ,‎ ,‎ ,‎ ,2003,‎ ,‎ ,‎ ,‎ ,‎ ,‎ ,‎ ,‎ ,‎ ,‎ ,‎ ,1102,‎ ,‎ ,‎ ,52,‎ ,‎ ,‎ ,‎ ,‎ ,‎ ,‎ ,‎ ,‎ ,‎ ,‎ ,‎ ,‎ ,2010,‎ ,‎ ,‎ ,‎ ,‎ ,‎ ,5,5,0.1282051282051282,5 / 39,3
/1t9i//A/HOH`1100/O,,"-12.068,26.279,27.765",1100,1,21.2,‎ ,‎ ,‎ ,‎ ,‎ ,‎ ,‎ ,‎ ,‎ ,‎ ,‎ ,‎ ,‎ ,‎ ,‎ ,‎ ,‎ ,‎ ,‎ ,‎ ,‎ ,233,382,2329,‎ ,‎ ,1132,1100,‎ ,‎ ,‎ ,219,‎ ,‎ ,‎ ,1049,1073,‎ ,2077,2078,‎ ,‎ ,‎ ,‎ ,‎ ,‎ ,‎ ,‎ ,‎ ,‎ ,‎ ,‎ ,10,8,0.20512820512820512,8 / 39,1
/1t9i//A/HOH`1095/O,,"-11.984,42.489,14.358",1095,1,24.67,‎ ,‎ ,‎ ,‎ ,‎ ,‎ ,‎ ,‎ ,‎ ,‎ ,‎ ,‎ ,‎ ,‎ ,‎ ,‎ ,‎ ,‎ ,‎ ,‎ ,‎ ,220,406,‎ ,‎ ,‎ ,‎ ,1095,‎ ,‎ ,‎ ,‎ ,‎ ,‎ ,‎ ,‎ ,1078,2096,2083,2085,‎ ,‎ ,‎ ,‎ ,‎ ,‎ ,‎ ,‎ ,‎ ,‎ ,‎ ,‎ ,7,6,0.15384615384615385,6 / 39,1
/1t9i//A/HOH`1094/O,,"-3.664,47.212,42.102",1094,1,23.12,‎ ,‎ ,‎ ,‎ ,‎ ,‎ ,‎ ,‎ ,‎ ,‎ ,‎ ,‎ ,‎ ,‎ ,‎ ,‎ ,‎ ,‎ ,‎ ,‎ ,827,209,‎ ,2439,1116,‎ ,1070,1094,1107,607,‎ ,‎ ,‎ ,198,‎ ,1036,1051,2060,2056,2058,‎ ,‎ ,‎ ,2029,2016,2027,‎ ,‎ ,‎ ,‎ ,‎ ,319,18,16,0.41025641025641024,16 / 39,1
/1t9i//A/HOH`1093/O,,"5.276,34.999,36.496",1093,1,21.02,‎ ,‎ ,‎ ,‎ ,‎ ,‎ ,‎ ,‎ ,‎ ,‎ ,‎ ,‎ ,‎ ,‎ ,‎ ,‎ ,‎ ,‎ ,220,‎ ,836,159,429,2295,‎ ,‎ ,1085,1093,1042,‎ ,86,‎ ,‎ ,‎ ,‎ ,‎ ,‎ ,‎ ,‎ ,‎ ,‎ ,‎ ,‎ ,2026,2013,‎ ,2017,‎ ,‎ ,‎ ,‎ ,‎ ,12,10,0.2564102564102564,10 / 39,2
/1t9i//D/HOH`1092/O,,"10.913,35.189,46.612",1092,1,24.6,‎ ,‎ ,‎ ,‎ ,‎ ,‎ ,‎ ,‎ ,‎ ,‎ ,‎ ,‎ ,‎ ,‎ ,‎ ,‎ ,‎ ,‎ ,121,‎ ,810,82,909,2121,1166,‎ ,1057,1092,1039,‎ ,‎ ,175,39,70,18,‎ ,‎ ,‎ ,‎ ,‎ ,‎ ,‎ ,2007,2006,2015,2004,2007,‎ ,‎ ,‎ ,‎ ,‎ ,18,13,0.3333333333333333,13 / 39,2
/1t9i//B/HOH`1090/O,,"7.716,61.022,27.668",1090,1,21.6,‎ ,‎ ,‎ ,‎ ,‎ ,‎ ,‎ ,‎ ,‎ ,‎ ,‎ ,‎ ,‎ ,‎ ,‎ ,‎ ,‎ ,‎ ,‎ ,‎ ,‎ ,424,356,‎ ,‎ ,‎ ,1489,1090,‎ ,‎ ,‎ ,‎ ,‎ ,131,‎ ,‎ ,‎ ,2099,2103,2099,‎ ,‎ ,‎ ,‎ ,‎ ,‎ ,‎ ,‎ ,‎ ,‎ ,‎ ,‎ ,8,7,0.1794871794871795,7 / 39,1
/1t9i//A/HOH`1088/O,,"9.103,19.722,22.548",1088,1,20.63,‎ ,‎ ,‎ ,‎ ,‎ ,‎ ,‎ ,‎ ,‎ ,‎ ,‎ ,‎ ,‎ ,‎ ,‎ ,‎ ,‎ ,‎ ,‎ ,‎ ,‎ ,‎ ,‎ ,2076,‎ ,‎ ,‎ ,1088,‎ ,621,‎ ,171,199,‎ ,‎ ,1070,1092,2118,2104,2100,‎ ,‎ ,‎ ,‎ ,‎ ,‎ ,‎ ,‎ ,‎ ,‎ ,‎ ,‎ ,10,8,0.20512820512820512,8 / 39,1
/1t9i//A/HOH`1087/O,,"6.547,56.253,34.485",1087,1,22.85,‎ ,‎ ,‎ ,‎ ,‎ ,‎ ,‎ ,‎ ,‎ ,‎ ,‎ ,‎ ,‎ ,‎ ,‎ ,‎ ,‎ ,‎ ,‎ ,‎ ,881,255,407,‎ ,‎ ,‎ ,‎ ,1087,1076,‎ ,‎ ,162,‎ ,176,‎ ,1033,1045,2051,2046,2050,2027,‎ ,‎ ,‎ ,‎ ,‎ ,‎ ,‎ ,‎ ,‎ ,‎ ,‎ ,13,11,0.28205128205128205,11 / 39,1
/1t9i//D/HOH`1086/O,,"8.604,46.229,22.79",1086,1,21.89,‎ ,‎ ,‎ ,‎ ,‎ ,39,144,‎ ,‎ ,‎ ,‎ ,‎ ,2017,‎ ,‎ ,‎ ,‎ ,‎ ,122,‎ ,806,33,9,2060,1109,‎ ,1002,1086,1014,36,6,31,16,2,13,1053,1039,2005,2001,2037,‎ ,‎ ,‎ ,‎ ,‎ ,2016,2014,‎ ,‎ ,725,724,814,28,21,0.5384615384615384,21 / 39,5
/1t9i//B/HOH`1085/O,,"-18.541,53.824,13.953",1085,1,22.97,‎ ,‎ ,‎ ,‎ ,‎ ,‎ ,‎ ,‎ ,‎ ,‎ ,‎ ,‎ ,‎ ,‎ ,‎ ,‎ ,‎ ,‎ ,‎ ,‎ ,‎ ,‎ ,‎ ,‎ ,‎ ,‎ ,‎ ,1085,‎ ,‎ ,‎ ,‎ ,‎ ,‎ ,‎ ,‎ ,‎ ,‎ ,‎ ,‎ ,‎ ,‎ ,‎ ,‎ ,‎ ,‎ ,‎ ,‎ ,‎ ,312,307,‎ ,3,2,0.05128205128205128,2 / 39,1
/1t9i//A/HOH`1084/O,,"13.367,27.093,24.007",1084,1,35.39,‎ ,‎ ,‎ ,‎ ,‎ ,‎ ,‎ ,‎ ,‎ ,‎ ,‎ ,‎ ,‎ ,‎ ,‎ ,‎ ,‎ ,‎ ,‎ ,‎ ,‎ ,‎ ,546,2406,1171,‎ ,‎ ,1084,‎ ,‎ ,‎ ,‎ ,98,‎ ,‎ ,‎ ,1104,‎ ,2122,2124,‎ ,‎ ,‎ ,‎ ,‎ ,‎ ,‎ ,‎ ,‎ ,‎ ,‎ ,‎ ,8,8,0.20512820512820512,8 / 39,1
/1t9i//A/HOH`1082/O,,"1.857,36.489,18.173",1082,1,32.22,‎ ,‎ ,‎ ,‎ ,‎ ,‎ ,‎ ,‎ ,‎ ,‎ ,‎ ,‎ ,‎ ,‎ ,‎ ,‎ ,‎ ,‎ ,‎ ,‎ ,‎ ,305,‎ ,‎ ,‎ ,‎ ,‎ ,1082,‎ ,‎ ,‎ ,‎ ,‎ ,‎ ,‎ ,‎ ,‎ ,‎ ,‎ ,‎ ,‎ ,‎ ,‎ ,‎ ,‎ ,‎ ,‎ ,‎ ,‎ ,‎ ,‎ ,‎ ,2,2,0.05128205128205128,2 / 39,1
/1t9i//A/HOH`1081/O,,"-11.571,39.736,17.675",1081,1,20.47,‎ ,‎ ,‎ ,‎ ,618,16,‎ ,‎ ,‎ ,‎ ,‎ ,‎ ,‎ ,‎ ,‎ ,‎ ,‎ ,‎ ,‎ ,‎ ,854,192,388,‎ ,‎ ,1008,1455,1081,1143,‎ ,‎ ,‎ ,211,‎ ,‎ ,1053,1076,2093,2081,2084,‎ ,‎ ,‎ ,‎ ,‎ ,2039,‎ ,‎ ,‎ ,‎ ,323,321,18,15,0.38461538461538464,15 / 39,2
/1t9i//D/HOH`1076/O,,"16.234,38.19,31.242",1076,1,18.43,‎ ,‎ ,‎ ,‎ ,‎ ,‎ ,‎ ,‎ ,‎ ,‎ ,‎ ,‎ ,‎ ,‎ ,‎ ,‎ ,‎ ,‎ ,112,‎ ,142,37,925,‎ ,‎ ,1011,1124,1076,1136,‎ ,32,‎ ,‎ ,144,17,‎ ,‎ ,‎ ,‎ ,‎ ,‎ ,‎ ,‎ ,‎ ,‎ ,‎ ,‎ ,‎ ,‎ ,702,‎ ,‎ ,12,10,0.2564102564102564,10 / 39,2
/1t9i//A/HOH`1074/O,,"-3.022,33.194,17.543",1074,1,20.82,‎ ,‎ ,‎ ,‎ ,‎ ,‎ ,‎ ,‎ ,‎ ,‎ ,‎ ,‎ ,‎ ,‎ ,‎ ,‎ ,‎ ,‎ ,‎ ,‎ ,835,173,435,2250,1036,1004,1116,1074,1141,‎ ,‎ ,‎ ,‎ ,‎ ,‎ ,‎ ,‎ ,2104,2089,2091,‎ ,‎ ,‎ ,‎ ,‎ ,‎ ,‎ ,‎ ,‎ ,324,‎ ,‎ ,13,11,0.28205128205128205,11 / 39,1
/1t9i//A/HOH`1073/O,,"-2.207,57.956,31.625",1073,1,22.37,‎ ,‎ ,‎ ,‎ ,‎ ,‎ ,‎ ,‎ ,‎ ,‎ ,‎ ,‎ ,‎ ,‎ ,‎ ,‎ ,‎ ,‎ ,‎ ,‎ ,809,234,‎ ,‎ ,‎ ,‎ ,1370,1073,‎ ,‎ ,‎ ,‎ ,161,‎ ,‎ ,‎ ,‎ ,2057,2053,2053,‎ ,‎ ,‎ ,‎ ,‎ ,‎ ,‎ ,‎ ,‎ ,‎ ,‎ ,‎ ,8,8,0.20512820512820512,8 / 39,1
/1t9i//C/HOH`1071/O,,"16.768,51.643,14.812",1071,1,21.07,‎ ,‎ ,‎ ,‎ ,‎ ,‎ ,‎ ,‎ ,‎ ,‎ ,‎ ,‎ ,‎ ,‎ ,‎ ,‎ ,‎ ,‎ ,‎ ,‎ ,‎ ,‎ ,‎ ,‎ ,‎ ,‎ ,1205,1071,‎ ,‎ ,‎ ,‎ ,‎ ,‎ ,14,1036,1021,‎ ,‎ ,‎ ,‎ ,‎ ,‎ ,‎ ,2011,2011,‎ ,‎ ,‎ ,‎ ,‎ ,‎ ,7,6,0.15384615384615385,6 / 39,1
/1t9i//A/HOH`1069/O,,"-2.443,44.916,43.126",1069,1,17.7,572,‎ ,‎ ,‎ ,‎ ,‎ ,‎ ,‎ ,‎ ,‎ ,‎ ,‎ ,‎ ,‎ ,‎ ,‎ ,‎ ,‎ ,645,‎ ,846,168,365,2367,1143,1129,1013,1069,1169,624,‎ ,177,182,194,‎ ,1042,1063,2075,2066,2065,‎ ,‎ ,‎ ,2035,2018,2034,2023,‎ ,‎ ,‎ ,‎ ,324,25,19,0.48717948717948717,19 / 39,3
/1t9i//A/HOH`1068/O,,"-3.934,24.016,21.79",1068,1,18.69,‎ ,‎ ,‎ ,‎ ,‎ ,‎ ,‎ ,‎ ,‎ ,‎ ,‎ ,‎ ,‎ ,‎ ,‎ ,‎ ,‎ ,‎ ,‎ ,‎ ,867,247,464,‎ ,‎ ,‎ ,‎ ,1068,‎ ,635,‎ ,‎ ,‎ ,‎ ,‎ ,1023,1088,2103,2096,‎ ,‎ ,‎ ,‎ ,‎ ,‎ ,‎ ,‎ ,‎ ,‎ ,‎ ,‎ ,‎ ,9,7,0.1794871794871795,7 / 39,1
/1t9i//A/HOH`1066/O,,"-0.882,55.55,37.11",1066,1,21.46,‎ ,‎ ,‎ ,‎ ,‎ ,‎ ,‎ ,‎ ,‎ ,‎ ,‎ ,‎ ,‎ ,‎ ,‎ ,‎ ,‎ ,‎ ,‎ ,‎ ,810,162,398,‎ ,‎ ,‎ ,1151,1066,1137,‎ ,83,‎ ,19,187,21,1032,1044,2050,2045,2054,2028,‎ ,‎ ,‎ ,‎ ,2023,‎ ,‎ ,‎ ,‎ ,‎ ,‎ ,17,14,0.358974358974359,14 / 39,1
/1t9i//A/HOH`1064/O,,"-18.086,36.889,24.737",1064,1,19.51,‎ ,‎ ,‎ ,‎ ,‎ ,‎ ,‎ ,‎ ,‎ ,‎ ,‎ ,‎ ,‎ ,‎ ,‎ ,‎ ,‎ ,‎ ,‎ ,‎ ,‎ ,‎ ,428,‎ ,‎ ,‎ ,1200,1064,1109,‎ ,‎ ,‎ ,‎ ,‎ ,‎ ,‎ ,‎ ,2005,2001,2025,‎ ,‎ ,‎ ,‎ ,‎ ,‎ ,‎ ,‎ ,‎ ,‎ ,‎ ,‎ ,7,7,0.1794871794871795,7 / 39,1
/1t9i//B/HOH`1052/O,,"2.642,35.129,13.193",1052,1,22.65,‎ ,‎ ,‎ ,‎ ,‎ ,‎ ,‎ ,‎ ,‎ ,‎ ,‎ ,‎ ,‎ ,‎ ,‎ ,‎ ,‎ ,‎ ,‎ ,‎ ,‎ ,‎ ,234,‎ ,‎ ,‎ ,‎ ,1052,1098,‎ ,‎ ,161,‎ ,‎ ,‎ ,‎ ,1035,2039,‎ ,2040,‎ ,‎ ,‎ ,‎ ,‎ ,‎ ,‎ ,‎ ,‎ ,‎ ,‎ ,‎ ,7,7,0.1794871794871795,7 / 39,1
/1t9i//A/HOH`1047/O,,"-17.114,42.362,32.439",1047,1,17.33,‎ ,‎ ,‎ ,‎ ,‎ ,‎ ,‎ ,‎ ,‎ ,‎ ,‎ ,‎ ,‎ ,‎ ,‎ ,‎ ,‎ ,‎ ,‎ ,‎ ,829,197,‎ ,‎ ,‎ ,1105,1008,1047,‎ ,‎ ,‎ ,‎ ,‎ ,‎ ,134,1007,1010,2014,2006,2008,2002,‎ ,‎ ,‎ ,2002,‎ ,‎ ,‎ ,‎ ,333,336,‎ ,15,13,0.3333333333333333,13 / 39,1
/1t9i//B/HOH`1046/O,,"10.456,38.683,12.588",1046,1,21.03,‎ ,‎ ,‎ ,‎ ,‎ ,‎ ,‎ ,‎ ,‎ ,‎ ,‎ ,‎ ,‎ ,‎ ,‎ ,‎ ,‎ ,‎ ,‎ ,‎ ,‎ ,‎ ,‎ ,‎ ,‎ ,‎ ,‎ ,1046,‎ ,‎ ,‎ ,‎ ,162,‎ ,176,1045,1033,2035,2043,2034,‎ ,‎ ,‎ ,‎ ,‎ ,‎ ,‎ ,‎ ,‎ ,‎ ,‎ ,‎ ,8,7,0.1794871794871795,7 / 39,1
/1t9i//A/HOH`1045/O,,"-16.232,34.833,24.909",1045,1,19.24,‎ ,‎ ,‎ ,‎ ,‎ ,‎ ,‎ ,‎ ,‎ ,‎ ,‎ ,‎ ,‎ ,‎ ,‎ ,‎ ,‎ ,‎ ,‎ ,‎ ,820,169,373,‎ ,‎ ,‎ ,1094,1045,1031,629,35,226,‎ ,‎ ,103,‎ ,1075,2090,2080,2079,‎ ,‎ ,‎ ,‎ ,‎ ,‎ ,‎ ,‎ ,‎ ,326,337,‎ ,16,13,0.3333333333333333,13 / 39,1
/1t9i//A/HOH`1044/O,,"10.783,31.238,17.72",1044,1,33.81,‎ ,‎ ,‎ ,‎ ,‎ ,‎ ,‎ ,‎ ,‎ ,‎ ,‎ ,‎ ,‎ ,‎ ,‎ ,‎ ,‎ ,‎ ,‎ ,‎ ,‎ ,‎ ,‎ ,‎ ,‎ ,‎ ,‎ ,1044,‎ ,‎ ,‎ ,‎ ,‎ ,‎ ,‎ ,‎ ,‎ ,‎ ,2108,2107,‎ ,‎ ,‎ ,‎ ,‎ ,‎ ,‎ ,‎ ,‎ ,‎ ,‎ ,‎ ,3,3,0.07692307692307693,3 / 39,1
/1t9i//C/HOH`1043/O,,"8.151,48.888,24.104",1043,1,18.24,‎ ,‎ ,‎ ,‎ ,‎ ,8,‎ ,‎ ,‎ ,‎ ,‎ ,‎ ,‎ ,‎ ,‎ ,‎ ,‎ ,‎ ,211,‎ ,4,9,33,2288,1211,1094,1003,1043,1007,6,36,16,31,‎ ,2,1039,1053,2006,2001,2033,‎ ,‎ ,‎ ,‎ ,‎ ,2014,2016,‎ ,‎ ,724,725,612,26,19,0.48717948717948717,19 / 39,3
/1t9i//D/HOH`1039/O,,"21.565,42.77,25.672",1039,1,18.38,‎ ,‎ ,‎ ,‎ ,‎ ,‎ ,‎ ,‎ ,‎ ,‎ ,‎ ,‎ ,‎ ,‎ ,‎ ,‎ ,‎ ,‎ ,‎ ,‎ ,‎ ,‎ ,‎ ,‎ ,1125,‎ ,‎ ,1039,‎ ,‎ ,‎ ,50,‎ ,‎ ,‎ ,‎ ,‎ ,‎ ,‎ ,‎ ,‎ ,‎ ,‎ ,‎ ,‎ ,‎ ,‎ ,‎ ,‎ ,‎ ,‎ ,‎ ,3,3,0.07692307692307693,3 / 39,1
/1t9i//A/HOH`1038/O,,"9.229,27.883,29.322",1038,1,15.83,‎ ,‎ ,‎ ,‎ ,‎ ,‎ ,‎ ,‎ ,‎ ,‎ ,‎ ,‎ ,‎ ,‎ ,‎ ,‎ ,‎ ,‎ ,‎ ,‎ ,‎ ,‎ ,427,2255,1210,1122,1064,1038,1046,618,‎ ,174,‎ ,‎ ,‎ ,‎ ,1105,2137,2123,2128,2010,2005,‎ ,2008,‎ ,‎ ,2006,301,‎ ,301,310,‎ ,20,17,0.4358974358974359,17 / 39,1
/1t9i//A/HOH`1031/O,,"4.862,26.225,18.886",1031,1,16.2,‎ ,‎ ,‎ ,‎ ,‎ ,‎ ,‎ ,‎ ,‎ ,‎ ,‎ ,‎ ,‎ ,2069,‎ ,‎ ,‎ ,‎ ,‎ ,‎ ,814,243,368,‎ ,1042,‎ ,1232,1031,1092,‎ ,‎ ,‎ ,‎ ,168,44,1071,1094,‎ ,2107,2101,‎ ,‎ ,‎ ,‎ ,‎ ,‎ ,2035,‎ ,‎ ,‎ ,‎ ,‎ ,15,12,0.3076923076923077,12 / 39,2
/1t9i//B/HOH`1025/O,,"3.564,62.461,11.659",1025,1,16.57,‎ ,‎ ,‎ ,‎ ,‎ ,‎ ,‎ ,‎ ,‎ ,‎ ,‎ ,‎ ,‎ ,‎ ,‎ ,‎ ,‎ ,‎ ,‎ ,‎ ,‎ ,‎ ,‎ ,‎ ,1123,‎ ,1077,1025,‎ ,‎ ,‎ ,23,159,‎ ,‎ ,‎ ,1026,2026,2034,2020,2007,2011,‎ ,2007,‎ ,‎ ,2011,‎ ,‎ ,‎ ,‎ ,‎ ,13,11,0.28205128205128205,11 / 39,1
/1t9i//A/HOH`1024/O,,"-3.088,26.316,20.457",1024,1,15.27,‎ ,‎ ,‎ ,‎ ,‎ ,‎ ,‎ ,‎ ,‎ ,‎ ,‎ ,‎ ,‎ ,‎ ,‎ ,‎ ,‎ ,‎ ,‎ ,‎ ,859,191,360,‎ ,‎ ,1009,1256,1024,‎ ,609,‎ ,170,‎ ,164,51,1059,1083,2102,2091,2092,‎ ,‎ ,‎ ,‎ ,‎ ,‎ ,2032,‎ ,‎ ,‎ ,‎ ,‎ ,16,13,0.3333333333333333,13 / 39,1
/1t9i//A/HOH`1022/O,,"-11.728,34.602,35.935",1022,1,16.51,‎ ,‎ ,‎ ,‎ ,‎ ,‎ ,‎ ,‎ ,‎ ,‎ ,‎ ,‎ ,‎ ,‎ ,‎ ,‎ ,‎ ,‎ ,‎ ,‎ ,813,176,383,‎ ,1041,1012,1255,1022,1164,617,‎ ,175,111,173,75,1006,1070,2012,2005,2074,2001,2001,‎ ,‎ ,2001,2002,‎ ,‎ ,‎ ,323,327,318,25,18,0.46153846153846156,18 / 39,1
/1t9i//A/HOH`1019/O,,"4.861,31.518,34.381",1019,1,15.54,‎ ,‎ ,‎ ,‎ ,‎ ,‎ ,‎ ,‎ ,‎ ,‎ ,‎ ,‎ ,‎ ,‎ ,‎ ,‎ ,‎ ,‎ ,‎ ,‎ ,805,156,356,2037,‎ ,1089,1019,1019,1020,623,‎ ,159,23,156,46,1026,1018,2025,2031,2037,2011,2007,2012,2010,2007,2011,2008,‎ ,‎ ,312,321,306,28,20,0.5128205128205128,20 / 39,1
/1t9i//C/HOH`1009/O,,"9.336,51.588,23.108",1009,1,12.71,‎ ,‎ ,‎ ,‎ ,‎ ,‎ ,‎ ,‎ ,‎ ,‎ ,‎ ,‎ ,2014,2015,‎ ,‎ ,‎ ,‎ ,‎ ,‎ ,‎ ,‎ ,‎ ,‎ ,‎ ,‎ ,‎ ,1009,‎ ,‎ ,‎ ,‎ ,‎ ,‎ ,‎ ,1034,1054,‎ ,‎ ,‎ ,‎ ,‎ ,‎ ,2013,‎ ,2005,2019,‎ ,‎ ,‎ ,‎ ,‎ ,8,5,0.1282051282051282,5 / 39,2
/1t9i//B/HOH`1006/O,,"0.378,52.005,26.168",1006,1,12.73,‎ ,‎ ,‎ ,‎ ,‎ ,‎ ,‎ ,‎ ,‎ ,‎ ,‎ ,‎ ,‎ ,‎ ,‎ ,2009,‎ ,‎ ,‎ ,‎ ,‎ ,‎ ,‎ ,‎ ,1017,1049,1001,1006,1001,619,606,‎ ,‎ ,155,116,1016,1013,‎ ,‎ ,‎ ,‎ ,‎ ,‎ ,‎ ,‎ ,‎ ,‎ ,‎ ,‎ ,‎ ,‎ ,‎ ,12,8,0.20512820512820512,8 / 39,2
/1t9i//D/HOH`1003/O,,"10.126,43.641,24.139",1003,1,11.95,103,‎ ,‎ ,‎ ,‎ ,‎ ,‎ ,‎ ,‎ ,‎ ,‎ ,‎ ,‎ ,‎ ,‎ ,‎ ,‎ ,‎ ,‎ ,‎ ,‎ ,‎ ,‎ ,2336,‎ ,‎ ,‎ ,1003,‎ ,‎ ,‎ ,‎ ,‎ ,50,7,1054,1034,2002,2028,2038,‎ ,‎ ,‎ ,‎ ,2013,2019,2005,‎ ,‎ ,‎ ,‎ ,‎ ,13,10,0.2564102564102564,10 / 39,2
/1t9i//A/HOH`1002/O,,"2.193,41.463,19.39",1002,1,11.7,555,‎ ,‎ ,‎ ,‎ ,‎ ,‎ ,‎ ,‎ ,‎ ,‎ ,‎ ,2004,2005,2009,‎ ,‎ ,‎ ,‎ ,‎ ,803,154,355,‎ ,‎ ,‎ ,‎ ,1002,1008,606,619,‎ ,‎ ,116,155,1013,1016,2023,2014,2022,‎ ,‎ ,‎ ,2001,2005,2004,2006,‎ ,‎ ,‎ ,‎ ,‎ ,22,15,0.38461538461538464,15 / 39,3
