selector,interface,coords,main_protein_location,occupancy,tempFactor,4yhx_A,2qoj_Z,2ex5_A,1m5x_A,1m5x_B,2fld_A,6bce,6bci_A,6bcn,4lox,5e5o_A,5e5s,5a74_B,5a77_B,5a78,3qqy_A,6bd0_A,6bda_A,6bdb,1g9y_B,1g9z_A,1g9z_B,1mow_A,1mow_D,1n3e_A,1n3e_B,1n3e_H,1n3f,1t9i_A,1t9j_A,1t9j_B,1u0c_B,2i3p_A,2i3p_B,2i3q_A,2i3q_B,2vbj,2vbl_A,2vbn_A,2vbo_A,2vbo_B,4aab_A,4aaf_A,4aqu_B,4aqx_A,4aqx_B,6fb0,6fb5_A,6fb8_A,6fb8_B,sum_with_chain,sum,cons,cons_exp,sum_prot_ac
Protein_AC, , , , , ,0,1,2,3,3,3,4,4,4,5,5,5,6,6,6,7,7,7,7,8,8,8,8,8,8,8,8,8,8,8,8,8,8,8,8,8,8,8,8,8,8,8,8,8,8,8,8,8,8,8, , , , , 
Protein_AC, , , , , ,🦄,🐝,🦊,💚,💚,💚,💙 ↑↑↑ ,💙,💙,💛,💛,💛,💜,💜,💜,🦋,🦋,🦋,🦋,🐕,🐕,🐕,🐕,🐕,🐕,🐕,🐕,🐕,🐕,🐕,🐕,🐕,🐕,🐕,🐕,🐕,🐕,🐕,🐕,🐕,🐕,🐕,🐕,🐕,🐕,🐕,🐕,🐕,🐕,🐕, , , , , 
Protein_AC, , , , , ,C7SQG1,P03880,P32761,C0JWR6,C0JWR6,C0JWR6,C7SWF3,C7SWF3,C7SWF3,F7WD42,F7WD42,F7WD42,P56347,P56347,P56347,Q4VWW5,Q4VWW5,Q4VWW5,Q4VWW5,P05725,P05725,P05725,P05725,P05725,P05725,P05725,P05725,P05725,P05725,P05725,P05725,P05725,P05725,P05725,P05725,P05725,P05725,P05725,P05725,P05725,P05725,P05725,P05725,P05725,P05725,P05725,P05725,P05725,P05725,P05725, , , , , 
/6bce//C/HOH`131/O,///C/HOH`131/,"2.504,7.018,23.654",131,1,32.09,‎ ,‎ ,‎ ,‎ ,‎ ,‎ ,131,‎ ,‎ ,‎ ,‎ ,‎ ,‎ ,‎ ,‎ ,‎ ,‎ ,‎ ,‎ ,‎ ,‎ ,‎ ,‎ ,‎ ,‎ ,‎ ,‎ ,‎ ,‎ ,‎ ,‎ ,‎ ,‎ ,‎ ,‎ ,‎ ,‎ ,2077,‎ ,‎ ,‎ ,‎ ,‎ ,‎ ,‎ ,‎ ,‎ ,‎ ,‎ ,‎ ,2,2,0.05128205128205128,2 / 39,2
/6bce//C/HOH`130/O,///C/HOH`130/,"-8.837,24.599,42.441",130,1,37.57,‎ ,‎ ,‎ ,‎ ,‎ ,‎ ,130,‎ ,‎ ,‎ ,‎ ,‎ ,‎ ,‎ ,‎ ,29,‎ ,‎ ,‎ ,‎ ,‎ ,‎ ,‎ ,‎ ,‎ ,‎ ,‎ ,‎ ,‎ ,‎ ,‎ ,‎ ,‎ ,‎ ,‎ ,‎ ,‎ ,‎ ,‎ ,‎ ,‎ ,‎ ,‎ ,‎ ,‎ ,‎ ,‎ ,‎ ,‎ ,‎ ,2,2,0.05128205128205128,2 / 39,2
/6bce//C/HOH`129/O,///C/HOH`129/,"1.024,10.791,47.169",129,1,29.13,‎ ,‎ ,‎ ,‎ ,‎ ,‎ ,129,‎ ,‎ ,‎ ,‎ ,‎ ,‎ ,‎ ,‎ ,‎ ,113,‎ ,‎ ,‎ ,‎ ,‎ ,‎ ,‎ ,1209,‎ ,1232,‎ ,‎ ,‎ ,‎ ,‎ ,‎ ,‎ ,‎ ,‎ ,‎ ,‎ ,‎ ,‎ ,‎ ,‎ ,‎ ,‎ ,‎ ,‎ ,‎ ,‎ ,‎ ,‎ ,4,3,0.07692307692307693,3 / 39,3
/6bce//C/HOH`123/O,///C/HOH`123/,"-1.137,17.348,43.54",123,1,33.85,‎ ,‎ ,‎ ,‎ ,‎ ,‎ ,123,‎ ,‎ ,‎ ,‎ ,‎ ,‎ ,‎ ,‎ ,48,‎ ,‎ ,‎ ,‎ ,‎ ,‎ ,‎ ,‎ ,‎ ,‎ ,‎ ,‎ ,‎ ,‎ ,‎ ,‎ ,‎ ,‎ ,‎ ,‎ ,‎ ,‎ ,‎ ,‎ ,‎ ,‎ ,‎ ,‎ ,2014,2018,‎ ,‎ ,‎ ,‎ ,4,3,0.07692307692307693,3 / 39,3
/6bce//C/HOH`120/O,///C/HOH`120/,"26.065,2.459,20.372",120,1,22.43,115,623,‎ ,1006,1021,20,120,‎ ,‎ ,‎ ,513,‎ ,2005,‎ ,‎ ,44,‎ ,213,‎ ,824,16,7,2240,2277,1034,1018,1050,‎ ,1001,1029,1024,37,167,33,‎ ,98,‎ ,2092,2007,2041,2038,2008,2008,2005,2007,2004,‎ ,303,805,603,37,27,0.6923076923076923,27 / 39,8
/6bce//C/HOH`110/O,///C/HOH`110/,"0.26,8.259,37.293",110,1,24.73,‎ ,‎ ,‎ ,‎ ,‎ ,‎ ,110,103,‎ ,‎ ,‎ ,‎ ,‎ ,‎ ,‎ ,‎ ,‎ ,‎ ,‎ ,‎ ,‎ ,‎ ,‎ ,‎ ,‎ ,‎ ,‎ ,‎ ,‎ ,‎ ,‎ ,‎ ,‎ ,‎ ,‎ ,‎ ,‎ ,‎ ,‎ ,‎ ,‎ ,‎ ,‎ ,‎ ,‎ ,‎ ,‎ ,‎ ,‎ ,‎ ,2,2,0.05128205128205128,2 / 39,1
/6bce//C/HOH`104/O,///C/HOH`104/,"-1.522,18.62,46.346",104,1,30.27,‎ ,‎ ,‎ ,‎ ,‎ ,‎ ,104,101,‎ ,‎ ,‎ ,‎ ,‎ ,‎ ,‎ ,‎ ,‎ ,‎ ,‎ ,‎ ,‎ ,‎ ,‎ ,‎ ,‎ ,‎ ,‎ ,‎ ,‎ ,‎ ,‎ ,‎ ,‎ ,‎ ,‎ ,‎ ,‎ ,‎ ,‎ ,‎ ,‎ ,‎ ,‎ ,‎ ,‎ ,‎ ,‎ ,‎ ,‎ ,‎ ,2,2,0.05128205128205128,2 / 39,1
/6bce//B/HOH`137/O,///B/HOH`137/,"43.516,-2.039,3.6",137,1,36.4,‎ ,‎ ,‎ ,‎ ,‎ ,‎ ,137,‎ ,‎ ,‎ ,‎ ,‎ ,2061,‎ ,‎ ,‎ ,‎ ,‎ ,‎ ,83,‎ ,‎ ,2006,2021,‎ ,‎ ,‎ ,‎ ,‎ ,1154,1041,‎ ,‎ ,‎ ,‎ ,‎ ,‎ ,2022,2027,2028,2015,2021,‎ ,‎ ,‎ ,‎ ,‎ ,‎ ,‎ ,‎ ,12,9,0.23076923076923078,9 / 39,3
/6bce//B/HOH`135/O,///B/HOH`135/,"37.462,20.072,16.061",135,1,51.68,600,‎ ,‎ ,‎ ,‎ ,‎ ,135,‎ ,‎ ,‎ ,219,‎ ,‎ ,‎ ,‎ ,‎ ,‎ ,‎ ,‎ ,‎ ,‎ ,‎ ,‎ ,‎ ,‎ ,‎ ,‎ ,‎ ,‎ ,‎ ,‎ ,‎ ,‎ ,‎ ,‎ ,‎ ,‎ ,‎ ,‎ ,‎ ,‎ ,‎ ,‎ ,‎ ,‎ ,‎ ,‎ ,‎ ,‎ ,‎ ,3,3,0.07692307692307693,3 / 39,3
/6bce//B/HOH`133/O,///B/HOH`133/,"8.481,8.687,25.609",133,1,26.57,‎ ,‎ ,‎ ,‎ ,‎ ,‎ ,133,‎ ,‎ ,‎ ,‎ ,‎ ,‎ ,‎ ,‎ ,‎ ,‎ ,‎ ,‎ ,‎ ,‎ ,‎ ,‎ ,‎ ,‎ ,‎ ,‎ ,‎ ,‎ ,‎ ,‎ ,‎ ,‎ ,‎ ,‎ ,‎ ,‎ ,2001,2003,2036,2034,‎ ,‎ ,‎ ,‎ ,‎ ,‎ ,334,520,815,8,6,0.15384615384615385,6 / 39,2
/6bce//B/HOH`131/O,///B/HOH`131/,"2.346,14.61,30.373",131,1,31.75,137,‎ ,‎ ,‎ ,‎ ,‎ ,131,‎ ,‎ ,‎ ,‎ ,‎ ,‎ ,‎ ,‎ ,‎ ,‎ ,‎ ,‎ ,‎ ,‎ ,‎ ,‎ ,‎ ,‎ ,‎ ,‎ ,‎ ,‎ ,‎ ,‎ ,‎ ,‎ ,‎ ,‎ ,‎ ,‎ ,‎ ,‎ ,‎ ,‎ ,‎ ,‎ ,‎ ,‎ ,‎ ,‎ ,‎ ,‎ ,‎ ,2,2,0.05128205128205128,2 / 39,2
/6bce//B/HOH`128/O,///B/HOH`128/,"12.975,21.644,26.503",128,1,37.38,124,‎ ,‎ ,‎ ,‎ ,‎ ,128,‎ ,‎ ,‎ ,‎ ,‎ ,‎ ,‎ ,‎ ,‎ ,156,‎ ,‎ ,‎ ,‎ ,‎ ,‎ ,‎ ,‎ ,‎ ,‎ ,‎ ,‎ ,‎ ,‎ ,‎ ,‎ ,‎ ,‎ ,‎ ,‎ ,‎ ,‎ ,‎ ,‎ ,‎ ,‎ ,‎ ,‎ ,‎ ,‎ ,‎ ,‎ ,‎ ,3,3,0.07692307692307693,3 / 39,3
/6bce//B/HOH`126/O,///B/HOH`126/,"-0.815,21.761,29.999",126,1,25.39,‎ ,‎ ,‎ ,‎ ,‎ ,‎ ,126,‎ ,‎ ,‎ ,‎ ,‎ ,‎ ,‎ ,‎ ,‎ ,757,‎ ,‎ ,‎ ,‎ ,‎ ,‎ ,‎ ,‎ ,‎ ,‎ ,‎ ,‎ ,‎ ,‎ ,‎ ,‎ ,‎ ,‎ ,‎ ,‎ ,‎ ,‎ ,‎ ,‎ ,‎ ,‎ ,‎ ,‎ ,‎ ,‎ ,‎ ,‎ ,‎ ,2,2,0.05128205128205128,2 / 39,2
/6bce//B/HOH`123/O,///B/HOH`123/,"16.685,6.971,15.86",123,1,39.4,‎ ,‎ ,‎ ,‎ ,‎ ,‎ ,123,‎ ,‎ ,‎ ,‎ ,‎ ,‎ ,‎ ,‎ ,‎ ,‎ ,141,‎ ,‎ ,‎ ,‎ ,‎ ,‎ ,‎ ,‎ ,‎ ,‎ ,‎ ,‎ ,‎ ,‎ ,‎ ,‎ ,‎ ,‎ ,‎ ,‎ ,‎ ,‎ ,‎ ,‎ ,‎ ,‎ ,‎ ,‎ ,‎ ,‎ ,‎ ,‎ ,2,2,0.05128205128205128,2 / 39,2
/6bce//B/HOH`122/O,///B/HOH`122/,"41.476,0.897,7.407",122,1,30.07,‎ ,‎ ,‎ ,‎ ,‎ ,‎ ,122,‎ ,‎ ,‎ ,‎ ,‎ ,‎ ,‎ ,‎ ,‎ ,‎ ,‎ ,‎ ,74,113,376,2018,2027,‎ ,‎ ,‎ ,‎ ,‎ ,1086,1040,‎ ,‎ ,‎ ,178,‎ ,‎ ,‎ ,2032,‎ ,‎ ,2024,2014,‎ ,2019,2015,‎ ,320,‎ ,‎ ,15,11,0.28205128205128205,11 / 39,2
/6bce//B/HOH`118/O,///B/HOH`118/,"44.606,1.709,13.121",118,1,35.11,‎ ,‎ ,‎ ,‎ ,‎ ,‎ ,118,‎ ,‎ ,‎ ,‎ ,‎ ,‎ ,‎ ,‎ ,‎ ,‎ ,135,‎ ,‎ ,‎ ,‎ ,‎ ,‎ ,‎ ,‎ ,‎ ,‎ ,‎ ,‎ ,‎ ,‎ ,‎ ,‎ ,‎ ,‎ ,‎ ,‎ ,‎ ,‎ ,‎ ,‎ ,‎ ,‎ ,‎ ,‎ ,‎ ,‎ ,‎ ,‎ ,2,2,0.05128205128205128,2 / 39,2
/6bce//B/HOH`117/O,///B/HOH`117/,"40.019,11.359,18.68",117,1,36.18,123,‎ ,‎ ,‎ ,‎ ,‎ ,117,‎ ,‎ ,‎ ,214,‎ ,‎ ,‎ ,‎ ,27,‎ ,120,‎ ,‎ ,163,384,‎ ,‎ ,‎ ,‎ ,‎ ,‎ ,‎ ,‎ ,‎ ,‎ ,‎ ,119,‎ ,73,‎ ,2012,2064,2009,2009,‎ ,2026,‎ ,2037,2025,‎ ,‎ ,‎ ,508,17,14,0.358974358974359,14 / 39,5
/6bce//B/HOH`116/O,///B/HOH`116/,"-1.976,23.547,26.415",116,1,32.46,‎ ,‎ ,‎ ,‎ ,‎ ,‎ ,116,103,‎ ,‎ ,‎ ,‎ ,‎ ,‎ ,‎ ,‎ ,‎ ,‎ ,‎ ,‎ ,‎ ,‎ ,‎ ,‎ ,‎ ,‎ ,‎ ,‎ ,‎ ,‎ ,‎ ,‎ ,‎ ,‎ ,‎ ,‎ ,‎ ,‎ ,‎ ,‎ ,‎ ,‎ ,‎ ,‎ ,‎ ,‎ ,‎ ,‎ ,‎ ,‎ ,2,2,0.05128205128205128,2 / 39,1
/6bce//B/HOH`115/O,///B/HOH`115/,"5.778,21.092,31.021",115,1,29.29,‎ ,‎ ,‎ ,‎ ,‎ ,‎ ,115,‎ ,‎ ,‎ ,‎ ,‎ ,‎ ,‎ ,‎ ,31,‎ ,‎ ,‎ ,‎ ,‎ ,‎ ,‎ ,‎ ,‎ ,‎ ,‎ ,‎ ,‎ ,‎ ,‎ ,‎ ,‎ ,‎ ,‎ ,‎ ,‎ ,‎ ,‎ ,‎ ,‎ ,‎ ,‎ ,‎ ,‎ ,‎ ,‎ ,‎ ,‎ ,‎ ,2,2,0.05128205128205128,2 / 39,2
/6bce//B/HOH`114/O,///B/HOH`114/,"12.822,18.422,31.186",114,1,23.0,551,‎ ,‎ ,‎ ,‎ ,‎ ,114,‎ ,‎ ,‎ ,‎ ,‎ ,‎ ,‎ ,‎ ,‎ ,650,‎ ,‎ ,‎ ,‎ ,‎ ,‎ ,‎ ,‎ ,‎ ,‎ ,‎ ,‎ ,‎ ,‎ ,‎ ,‎ ,‎ ,‎ ,‎ ,‎ ,‎ ,‎ ,‎ ,‎ ,‎ ,‎ ,‎ ,‎ ,‎ ,‎ ,‎ ,‎ ,‎ ,3,3,0.07692307692307693,3 / 39,3
/6bce//B/HOH`108/O,///B/HOH`108/,"35.144,12.154,12.246",108,1,31.22,‎ ,‎ ,‎ ,‎ ,‎ ,31,108,‎ ,‎ ,‎ ,‎ ,‎ ,2007,‎ ,‎ ,337,‎ ,‎ ,‎ ,‎ ,‎ ,‎ ,‎ ,‎ ,‎ ,‎ ,‎ ,‎ ,‎ ,‎ ,‎ ,‎ ,‎ ,‎ ,‎ ,‎ ,‎ ,‎ ,‎ ,‎ ,‎ ,‎ ,‎ ,‎ ,‎ ,‎ ,‎ ,‎ ,‎ ,‎ ,4,4,0.10256410256410256,4 / 39,4
/6bce//B/HOH`107/O,///B/HOH`107/,"40.964,6.767,13.279",107,1,39.6,‎ ,‎ ,‎ ,‎ ,‎ ,‎ ,107,‎ ,‎ ,‎ ,‎ ,‎ ,‎ ,‎ ,‎ ,‎ ,‎ ,536,‎ ,84,223,543,2110,2140,‎ ,‎ ,‎ ,‎ ,1568,1124,‎ ,‎ ,105,‎ ,‎ ,‎ ,‎ ,‎ ,‎ ,‎ ,‎ ,‎ ,‎ ,‎ ,‎ ,‎ ,‎ ,‎ ,‎ ,‎ ,10,8,0.20512820512820512,8 / 39,3
/6bce//A/HOH`658/O,///A/HOH`658/,"20.463,5.69,22.481",658,1,25.04,145,‎ ,‎ ,1226,1228,‎ ,658,106,‎ ,‎ ,205,‎ ,‎ ,‎ ,‎ ,‎ ,837,‎ ,‎ ,805,‎ ,‎ ,‎ ,‎ ,‎ ,‎ ,‎ ,‎ ,‎ ,‎ ,‎ ,‎ ,‎ ,‎ ,‎ ,31,‎ ,2005,2004,2032,2037,‎ ,‎ ,2052,‎ ,‎ ,‎ ,704,816,607,17,14,0.358974358974359,14 / 39,6
/6bce//A/HOH`639/O,///A/HOH`639/,"13.61,-0.555,16.653",639,1,49.26,‎ ,‎ ,‎ ,‎ ,‎ ,‎ ,639,‎ ,‎ ,‎ ,‎ ,‎ ,‎ ,‎ ,‎ ,‎ ,‎ ,‎ ,‎ ,‎ ,‎ ,221,‎ ,‎ ,‎ ,‎ ,‎ ,‎ ,‎ ,‎ ,‎ ,‎ ,‎ ,‎ ,‎ ,‎ ,‎ ,‎ ,‎ ,‎ ,‎ ,‎ ,‎ ,‎ ,‎ ,‎ ,‎ ,‎ ,‎ ,‎ ,2,2,0.05128205128205128,2 / 39,2
/6bce//A/HOH`631/O,///A/HOH`631/,"21.602,7.085,10.083",631,1,40.63,‎ ,‎ ,‎ ,‎ ,‎ ,‎ ,631,‎ ,‎ ,‎ ,‎ ,‎ ,‎ ,‎ ,‎ ,‎ ,‎ ,‎ ,‎ ,‎ ,‎ ,‎ ,‎ ,‎ ,‎ ,‎ ,‎ ,‎ ,1026,‎ ,‎ ,‎ ,‎ ,‎ ,‎ ,‎ ,‎ ,‎ ,‎ ,‎ ,‎ ,‎ ,‎ ,‎ ,‎ ,‎ ,‎ ,‎ ,‎ ,‎ ,2,2,0.05128205128205128,2 / 39,2
/6bce//A/HOH`593/O,///A/HOH`593/,"7.983,10.762,27.822",593,1,33.6,‎ ,‎ ,1207,‎ ,‎ ,‎ ,593,‎ ,‎ ,‎ ,‎ ,‎ ,‎ ,‎ ,‎ ,‎ ,‎ ,‎ ,‎ ,‎ ,‎ ,‎ ,‎ ,‎ ,‎ ,‎ ,‎ ,‎ ,‎ ,‎ ,‎ ,‎ ,‎ ,‎ ,‎ ,‎ ,‎ ,‎ ,‎ ,‎ ,‎ ,‎ ,‎ ,‎ ,‎ ,‎ ,‎ ,‎ ,‎ ,‎ ,2,2,0.05128205128205128,2 / 39,2
/6bce//A/HOH`584/O,///A/HOH`584/,"15.338,19.92,29.117",584,1,31.0,115,‎ ,‎ ,‎ ,‎ ,‎ ,584,505,‎ ,‎ ,‎ ,‎ ,‎ ,‎ ,‎ ,‎ ,664,‎ ,‎ ,‎ ,‎ ,‎ ,‎ ,‎ ,‎ ,‎ ,‎ ,‎ ,‎ ,‎ ,‎ ,‎ ,‎ ,‎ ,‎ ,‎ ,‎ ,‎ ,‎ ,‎ ,‎ ,‎ ,‎ ,‎ ,‎ ,‎ ,‎ ,‎ ,‎ ,‎ ,4,4,0.10256410256410256,4 / 39,3
/6bce//A/HOH`581/O,///A/HOH`581/,"30.35,3.488,7.835",581,1,31.94,‎ ,‎ ,‎ ,‎ ,‎ ,‎ ,581,‎ ,‎ ,‎ ,‎ ,‎ ,‎ ,‎ ,‎ ,328,‎ ,549,‎ ,‎ ,‎ ,‎ ,‎ ,‎ ,‎ ,‎ ,‎ ,‎ ,‎ ,‎ ,‎ ,‎ ,‎ ,‎ ,‎ ,‎ ,‎ ,‎ ,‎ ,‎ ,‎ ,‎ ,‎ ,‎ ,‎ ,‎ ,‎ ,‎ ,‎ ,‎ ,3,3,0.07692307692307693,3 / 39,2
/6bce//A/HOH`573/O,///A/HOH`573/,"19.782,5.212,25.519",573,1,25.77,555,‎ ,‎ ,1227,1225,607,573,516,‎ ,‎ ,‎ ,‎ ,2005,2009,‎ ,‎ ,731,207,‎ ,803,154,355,2058,2224,1033,1017,1049,‎ ,‎ ,1008,1001,619,‎ ,145,‎ ,155,‎ ,2012,2037,2022,2007,2005,‎ ,2005,2004,2006,‎ ,314,311,511,34,25,0.6410256410256411,25 / 39,6
/6bce//A/HOH`564/O,///A/HOH`564/,"24.564,-1.643,12.186",564,1,37.67,‎ ,‎ ,‎ ,‎ ,‎ ,‎ ,564,‎ ,‎ ,‎ ,‎ ,‎ ,‎ ,‎ ,‎ ,321,‎ ,204,‎ ,‎ ,‎ ,‎ ,‎ ,‎ ,‎ ,‎ ,‎ ,‎ ,‎ ,‎ ,‎ ,‎ ,‎ ,‎ ,‎ ,‎ ,‎ ,‎ ,‎ ,‎ ,‎ ,‎ ,‎ ,‎ ,‎ ,‎ ,‎ ,‎ ,‎ ,‎ ,3,3,0.07692307692307693,3 / 39,2
/6bce//A/HOH`563/O,///A/HOH`563/,"6.069,23.523,29.704",563,1,34.27,554,‎ ,‎ ,‎ ,‎ ,‎ ,563,‎ ,‎ ,‎ ,‎ ,‎ ,‎ ,‎ ,‎ ,30,‎ ,‎ ,‎ ,‎ ,‎ ,‎ ,‎ ,‎ ,‎ ,‎ ,‎ ,‎ ,‎ ,‎ ,‎ ,‎ ,‎ ,‎ ,‎ ,‎ ,‎ ,‎ ,‎ ,‎ ,‎ ,‎ ,‎ ,‎ ,‎ ,‎ ,‎ ,‎ ,‎ ,‎ ,3,3,0.07692307692307693,3 / 39,3
/6bce//A/HOH`555/O,///A/HOH`555/,"16.964,1.779,23.196",555,1,27.76,‎ ,‎ ,‎ ,‎ ,‎ ,‎ ,555,‎ ,‎ ,‎ ,‎ ,‎ ,‎ ,‎ ,‎ ,‎ ,‎ ,‎ ,‎ ,‎ ,‎ ,‎ ,‎ ,‎ ,‎ ,‎ ,‎ ,‎ ,‎ ,‎ ,‎ ,‎ ,‎ ,‎ ,‎ ,‎ ,‎ ,‎ ,‎ ,‎ ,‎ ,‎ ,2022,‎ ,‎ ,‎ ,‎ ,‎ ,‎ ,‎ ,2,2,0.05128205128205128,2 / 39,2
/6bce//A/HOH`553/O,///A/HOH`553/,"23.029,1.632,21.127",553,1,27.5,526,‎ ,‎ ,1112,‎ ,‎ ,553,‎ ,‎ ,‎ ,‎ ,‎ ,2054,‎ ,‎ ,322,‎ ,534,‎ ,‎ ,375,‎ ,‎ ,‎ ,‎ ,‎ ,‎ ,‎ ,‎ ,1157,‎ ,‎ ,‎ ,‎ ,‎ ,‎ ,‎ ,2007,‎ ,‎ ,‎ ,‎ ,‎ ,‎ ,2044,‎ ,‎ ,‎ ,‎ ,‎ ,10,10,0.2564102564102564,10 / 39,6
/6bce//A/HOH`542/O,///A/HOH`542/,"12.408,10.166,27.486",542,1,22.61,541,607,‎ ,‎ ,‎ ,‎ ,542,‎ ,‎ ,‎ ,‎ ,‎ ,‎ ,‎ ,‎ ,‎ ,‎ ,‎ ,‎ ,‎ ,‎ ,‎ ,‎ ,‎ ,‎ ,‎ ,‎ ,‎ ,‎ ,‎ ,‎ ,‎ ,‎ ,‎ ,‎ ,‎ ,‎ ,‎ ,‎ ,‎ ,‎ ,‎ ,‎ ,‎ ,‎ ,‎ ,‎ ,‎ ,‎ ,‎ ,3,3,0.07692307692307693,3 / 39,3
/6bce//A/HOH`541/O,///A/HOH`541/,"27.582,12.602,15.023",541,1,34.19,‎ ,‎ ,‎ ,‎ ,‎ ,623,541,‎ ,‎ ,‎ ,‎ ,‎ ,‎ ,‎ ,‎ ,‎ ,635,‎ ,‎ ,811,158,426,2082,2091,1037,1021,1053,‎ ,1051,1069,1037,9,197,46,‎ ,66,‎ ,‎ ,2006,2039,2039,2025,2015,2014,2021,2019,‎ ,‎ ,308,‎ ,27,19,0.48717948717948717,19 / 39,4
/6bce//A/HOH`536/O,///A/HOH`536/,"41.68,3.318,10.229",536,1,30.51,‎ ,‎ ,‎ ,‎ ,‎ ,‎ ,536,‎ ,‎ ,‎ ,‎ ,‎ ,‎ ,‎ ,‎ ,‎ ,‎ ,602,‎ ,812,161,914,2012,2015,‎ ,‎ ,‎ ,‎ ,‎ ,1093,1032,‎ ,176,58,‎ ,‎ ,‎ ,2024,‎ ,‎ ,‎ ,2023,‎ ,2011,2018,2014,‎ ,‎ ,‎ ,‎ ,16,11,0.28205128205128205,11 / 39,3
/6bce//A/HOH`527/O,///A/HOH`527/,"38.537,6.636,4.441",527,1,34.97,‎ ,‎ ,‎ ,‎ ,‎ ,‎ ,527,‎ ,‎ ,‎ ,‎ ,‎ ,‎ ,‎ ,‎ ,‎ ,‎ ,‎ ,‎ ,‎ ,‎ ,‎ ,‎ ,‎ ,‎ ,‎ ,‎ ,‎ ,‎ ,‎ ,‎ ,‎ ,‎ ,‎ ,169,‎ ,‎ ,‎ ,‎ ,‎ ,‎ ,‎ ,‎ ,‎ ,‎ ,‎ ,‎ ,‎ ,‎ ,‎ ,2,2,0.05128205128205128,2 / 39,2
/6bce//A/HOH`526/O,///A/HOH`526/,"-3.185,22.767,28.65",526,1,33.86,‎ ,‎ ,‎ ,‎ ,‎ ,‎ ,526,‎ ,‎ ,‎ ,‎ ,‎ ,‎ ,‎ ,‎ ,‎ ,‎ ,‎ ,‎ ,‎ ,‎ ,‎ ,‎ ,‎ ,‎ ,‎ ,‎ ,‎ ,‎ ,‎ ,‎ ,‎ ,‎ ,‎ ,‎ ,‎ ,‎ ,‎ ,‎ ,2108,2131,‎ ,‎ ,‎ ,‎ ,‎ ,‎ ,‎ ,‎ ,‎ ,3,2,0.05128205128205128,2 / 39,2
/6bce//A/HOH`525/O,///A/HOH`525/,"2.073,10.21,32.187",525,1,26.42,‎ ,‎ ,‎ ,‎ ,‎ ,‎ ,525,504,‎ ,‎ ,‎ ,‎ ,‎ ,‎ ,‎ ,‎ ,‎ ,‎ ,‎ ,‎ ,‎ ,‎ ,‎ ,‎ ,‎ ,‎ ,‎ ,‎ ,‎ ,‎ ,‎ ,‎ ,‎ ,‎ ,‎ ,‎ ,‎ ,‎ ,‎ ,‎ ,‎ ,‎ ,2009,‎ ,2008,2003,‎ ,‎ ,‎ ,‎ ,5,4,0.10256410256410256,4 / 39,2
/6bce//A/HOH`518/O,///A/HOH`518/,"19.368,19.79,25.201",518,1,37.16,‎ ,‎ ,‎ ,‎ ,‎ ,‎ ,518,‎ ,‎ ,‎ ,‎ ,‎ ,2071,‎ ,‎ ,‎ ,120,‎ ,‎ ,‎ ,‎ ,‎ ,‎ ,‎ ,‎ ,‎ ,‎ ,‎ ,‎ ,‎ ,‎ ,‎ ,‎ ,‎ ,‎ ,‎ ,‎ ,‎ ,‎ ,‎ ,‎ ,‎ ,‎ ,‎ ,‎ ,‎ ,‎ ,‎ ,‎ ,‎ ,3,3,0.07692307692307693,3 / 39,3
/6bce//A/HOH`517/O,///A/HOH`517/,"17.626,3.549,25.768",517,1,26.92,‎ ,‎ ,‎ ,‎ ,‎ ,‎ ,517,‎ ,‎ ,‎ ,‎ ,‎ ,‎ ,‎ ,‎ ,‎ ,670,‎ ,‎ ,‎ ,‎ ,‎ ,‎ ,‎ ,‎ ,‎ ,‎ ,‎ ,‎ ,‎ ,‎ ,‎ ,‎ ,‎ ,‎ ,‎ ,‎ ,‎ ,‎ ,‎ ,‎ ,‎ ,‎ ,‎ ,‎ ,‎ ,‎ ,‎ ,‎ ,‎ ,2,2,0.05128205128205128,2 / 39,2
/6bce//A/HOH`685/O,,"-7.364,24.165,50.791",685,1,45.93,‎ ,‎ ,‎ ,‎ ,‎ ,‎ ,685,‎ ,‎ ,‎ ,‎ ,‎ ,‎ ,‎ ,‎ ,‎ ,‎ ,‎ ,‎ ,‎ ,‎ ,‎ ,‎ ,‎ ,‎ ,‎ ,‎ ,‎ ,1436,‎ ,‎ ,‎ ,‎ ,‎ ,‎ ,‎ ,‎ ,‎ ,‎ ,‎ ,‎ ,‎ ,‎ ,‎ ,‎ ,‎ ,‎ ,‎ ,‎ ,‎ ,2,2,0.05128205128205128,2 / 39,2
/6bce//A/HOH`684/O,,"27.503,18.002,42.815",684,1,44.79,‎ ,‎ ,‎ ,‎ ,‎ ,‎ ,684,‎ ,‎ ,‎ ,‎ ,‎ ,‎ ,‎ ,‎ ,‎ ,‎ ,‎ ,‎ ,‎ ,461,229,‎ ,‎ ,‎ ,‎ ,‎ ,‎ ,1302,‎ ,‎ ,‎ ,‎ ,‎ ,‎ ,‎ ,‎ ,‎ ,‎ ,‎ ,‎ ,‎ ,‎ ,‎ ,‎ ,‎ ,‎ ,‎ ,‎ ,‎ ,4,3,0.07692307692307693,3 / 39,2
/6bce//A/HOH`681/O,,"36.886,23.14,20.113",681,1,49.68,‎ ,‎ ,‎ ,1212,‎ ,‎ ,681,‎ ,‎ ,‎ ,‎ ,‎ ,‎ ,‎ ,‎ ,‎ ,‎ ,‎ ,‎ ,‎ ,‎ ,‎ ,‎ ,‎ ,‎ ,‎ ,‎ ,‎ ,‎ ,‎ ,‎ ,‎ ,‎ ,‎ ,‎ ,‎ ,‎ ,‎ ,‎ ,‎ ,‎ ,‎ ,‎ ,‎ ,‎ ,‎ ,‎ ,‎ ,‎ ,‎ ,2,2,0.05128205128205128,2 / 39,2
/6bce//A/HOH`678/O,,"5.386,35.659,40.023",678,1,44.08,‎ ,‎ ,‎ ,‎ ,‎ ,‎ ,678,‎ ,‎ ,‎ ,‎ ,‎ ,‎ ,‎ ,‎ ,‎ ,‎ ,‎ ,‎ ,‎ ,‎ ,‎ ,‎ ,‎ ,‎ ,‎ ,‎ ,‎ ,1492,‎ ,‎ ,‎ ,‎ ,‎ ,‎ ,‎ ,‎ ,‎ ,‎ ,‎ ,‎ ,‎ ,‎ ,‎ ,‎ ,‎ ,‎ ,‎ ,‎ ,‎ ,2,2,0.05128205128205128,2 / 39,2
/6bce//A/HOH`677/O,,"47.061,-8.356,2.442",677,1,62.22,‎ ,‎ ,‎ ,‎ ,‎ ,‎ ,677,‎ ,‎ ,‎ ,‎ ,‎ ,‎ ,‎ ,‎ ,‎ ,916,‎ ,‎ ,‎ ,‎ ,‎ ,‎ ,‎ ,‎ ,‎ ,‎ ,‎ ,‎ ,‎ ,‎ ,‎ ,‎ ,‎ ,‎ ,‎ ,‎ ,‎ ,‎ ,‎ ,‎ ,‎ ,‎ ,‎ ,‎ ,‎ ,‎ ,‎ ,‎ ,‎ ,2,2,0.05128205128205128,2 / 39,2
/6bce//A/HOH`674/O,,"27.414,-10.353,16.682",674,1,53.43,‎ ,‎ ,1128,‎ ,‎ ,‎ ,674,‎ ,‎ ,‎ ,‎ ,‎ ,‎ ,‎ ,‎ ,‎ ,‎ ,‎ ,‎ ,‎ ,‎ ,‎ ,‎ ,‎ ,‎ ,‎ ,‎ ,‎ ,‎ ,‎ ,‎ ,‎ ,‎ ,‎ ,‎ ,‎ ,‎ ,‎ ,‎ ,‎ ,‎ ,‎ ,‎ ,‎ ,‎ ,‎ ,‎ ,‎ ,‎ ,‎ ,2,2,0.05128205128205128,2 / 39,2
/6bce//A/HOH`670/O,,"20.361,1.455,22.557",670,1,32.65,155,‎ ,‎ ,‎ ,‎ ,‎ ,670,‎ ,‎ ,‎ ,‎ ,‎ ,‎ ,‎ ,‎ ,‎ ,‎ ,‎ ,‎ ,‎ ,‎ ,‎ ,‎ ,‎ ,‎ ,‎ ,‎ ,‎ ,‎ ,‎ ,‎ ,‎ ,‎ ,‎ ,‎ ,‎ ,‎ ,‎ ,‎ ,‎ ,‎ ,‎ ,‎ ,‎ ,‎ ,‎ ,‎ ,‎ ,‎ ,‎ ,2,2,0.05128205128205128,2 / 39,2
/6bce//A/HOH`668/O,,"36.176,23.13,18.029",668,1,51.64,‎ ,‎ ,‎ ,‎ ,‎ ,‎ ,668,‎ ,‎ ,‎ ,‎ ,‎ ,‎ ,‎ ,‎ ,‎ ,‎ ,‎ ,‎ ,‎ ,376,‎ ,‎ ,‎ ,‎ ,‎ ,‎ ,‎ ,1547,‎ ,‎ ,‎ ,‎ ,‎ ,‎ ,‎ ,‎ ,‎ ,‎ ,‎ ,‎ ,‎ ,‎ ,‎ ,‎ ,‎ ,‎ ,‎ ,‎ ,‎ ,3,3,0.07692307692307693,3 / 39,2
/6bce//A/HOH`667/O,,"17.074,20.53,23.761",667,1,42.75,‎ ,‎ ,‎ ,‎ ,‎ ,‎ ,667,‎ ,‎ ,‎ ,‎ ,‎ ,‎ ,‎ ,‎ ,‎ ,751,‎ ,‎ ,‎ ,‎ ,‎ ,‎ ,‎ ,‎ ,‎ ,‎ ,‎ ,‎ ,‎ ,‎ ,‎ ,‎ ,‎ ,‎ ,‎ ,‎ ,‎ ,‎ ,‎ ,‎ ,‎ ,‎ ,‎ ,‎ ,‎ ,‎ ,‎ ,‎ ,‎ ,2,2,0.05128205128205128,2 / 39,2
/6bce//A/HOH`663/O,,"10.7,-2.035,43.557",663,1,36.2,‎ ,‎ ,‎ ,‎ ,‎ ,‎ ,663,‎ ,‎ ,‎ ,‎ ,‎ ,‎ ,‎ ,‎ ,‎ ,‎ ,‎ ,‎ ,‎ ,‎ ,‎ ,‎ ,‎ ,‎ ,1184,‎ ,‎ ,‎ ,‎ ,‎ ,633,‎ ,‎ ,‎ ,‎ ,‎ ,‎ ,‎ ,‎ ,‎ ,‎ ,‎ ,‎ ,‎ ,‎ ,‎ ,‎ ,‎ ,‎ ,3,3,0.07692307692307693,3 / 39,2
/6bce//A/HOH`657/O,,"23.056,-9.289,17.152",657,1,42.0,‎ ,‎ ,‎ ,‎ ,‎ ,‎ ,657,‎ ,‎ ,‎ ,‎ ,‎ ,‎ ,‎ ,‎ ,‎ ,‎ ,‎ ,‎ ,‎ ,‎ ,‎ ,‎ ,‎ ,‎ ,‎ ,‎ ,‎ ,‎ ,‎ ,‎ ,‎ ,‎ ,‎ ,‎ ,‎ ,‎ ,‎ ,‎ ,2046,‎ ,‎ ,‎ ,‎ ,‎ ,‎ ,‎ ,‎ ,‎ ,‎ ,2,2,0.05128205128205128,2 / 39,2
/6bce//A/HOH`656/O,,"10.548,11.787,28.819",656,1,28.08,586,‎ ,‎ ,‎ ,‎ ,‎ ,656,‎ ,‎ ,‎ ,‎ ,‎ ,‎ ,‎ ,‎ ,‎ ,‎ ,‎ ,‎ ,‎ ,‎ ,‎ ,‎ ,‎ ,‎ ,‎ ,‎ ,‎ ,‎ ,‎ ,‎ ,‎ ,‎ ,‎ ,‎ ,‎ ,‎ ,‎ ,‎ ,‎ ,‎ ,‎ ,‎ ,‎ ,‎ ,‎ ,‎ ,‎ ,‎ ,‎ ,2,2,0.05128205128205128,2 / 39,2
/6bce//A/HOH`645/O,,"19.761,20.528,17.861",645,1,48.07,114,‎ ,‎ ,‎ ,‎ ,‎ ,645,‎ ,‎ ,‎ ,‎ ,‎ ,‎ ,‎ ,‎ ,‎ ,128,‎ ,‎ ,‎ ,‎ ,‎ ,‎ ,‎ ,‎ ,‎ ,‎ ,‎ ,‎ ,‎ ,‎ ,‎ ,‎ ,‎ ,‎ ,‎ ,‎ ,‎ ,‎ ,‎ ,‎ ,‎ ,‎ ,‎ ,‎ ,‎ ,‎ ,‎ ,‎ ,‎ ,3,3,0.07692307692307693,3 / 39,3
/6bce//A/HOH`642/O,,"5.457,-0.444,38.123",642,1,30.15,‎ ,‎ ,‎ ,‎ ,‎ ,‎ ,642,515,‎ ,‎ ,‎ ,‎ ,‎ ,‎ ,‎ ,‎ ,‎ ,‎ ,‎ ,‎ ,‎ ,‎ ,2032,2425,‎ ,‎ ,‎ ,‎ ,1150,‎ ,‎ ,‎ ,‎ ,‎ ,‎ ,‎ ,‎ ,2072,2063,2047,2063,‎ ,‎ ,‎ ,‎ ,‎ ,‎ ,‎ ,‎ ,‎ ,9,7,0.1794871794871795,7 / 39,2
/6bce//A/HOH`640/O,,"17.599,2.255,20.274",640,1,39.88,‎ ,‎ ,‎ ,‎ ,‎ ,‎ ,640,‎ ,‎ ,‎ ,‎ ,‎ ,‎ ,‎ ,‎ ,‎ ,715,‎ ,‎ ,‎ ,‎ ,‎ ,‎ ,‎ ,‎ ,‎ ,‎ ,‎ ,‎ ,‎ ,‎ ,‎ ,‎ ,‎ ,‎ ,‎ ,‎ ,‎ ,‎ ,‎ ,‎ ,‎ ,‎ ,‎ ,‎ ,‎ ,‎ ,‎ ,‎ ,‎ ,2,2,0.05128205128205128,2 / 39,2
/6bce//A/HOH`638/O,,"38.12,20.807,25.723",638,1,46.27,‎ ,‎ ,‎ ,‎ ,‎ ,‎ ,638,‎ ,‎ ,‎ ,‎ ,‎ ,‎ ,‎ ,‎ ,‎ ,‎ ,‎ ,‎ ,‎ ,‎ ,550,‎ ,‎ ,‎ ,‎ ,‎ ,‎ ,‎ ,‎ ,‎ ,‎ ,‎ ,‎ ,‎ ,‎ ,‎ ,‎ ,‎ ,‎ ,‎ ,‎ ,‎ ,‎ ,‎ ,‎ ,‎ ,‎ ,‎ ,‎ ,2,2,0.05128205128205128,2 / 39,2
/6bce//A/HOH`637/O,,"24.438,1.54,44.321",637,1,37.59,‎ ,‎ ,‎ ,‎ ,‎ ,‎ ,637,‎ ,‎ ,‎ ,‎ ,‎ ,‎ ,‎ ,‎ ,‎ ,‎ ,‎ ,‎ ,‎ ,‎ ,‎ ,‎ ,‎ ,‎ ,‎ ,‎ ,‎ ,‎ ,‎ ,‎ ,‎ ,‎ ,‎ ,‎ ,‎ ,‎ ,2021,‎ ,‎ ,‎ ,‎ ,‎ ,‎ ,‎ ,‎ ,‎ ,‎ ,‎ ,‎ ,2,2,0.05128205128205128,2 / 39,2
/6bce//A/HOH`636/O,,"37.875,20.481,19.627",636,1,45.48,‎ ,‎ ,‎ ,‎ ,‎ ,‎ ,636,‎ ,‎ ,‎ ,533,‎ ,‎ ,‎ ,‎ ,‎ ,809,‎ ,‎ ,846,168,365,2367,‎ ,1143,1077,‎ ,‎ ,1069,1169,1083,‎ ,177,182,‎ ,‎ ,‎ ,‎ ,‎ ,‎ ,‎ ,‎ ,‎ ,‎ ,‎ ,‎ ,‎ ,318,324,‎ ,16,12,0.3076923076923077,12 / 39,4
/6bce//A/HOH`634/O,,"2.289,-1.782,30.57",634,1,25.03,‎ ,‎ ,‎ ,‎ ,‎ ,‎ ,634,513,‎ ,‎ ,‎ ,‎ ,‎ ,‎ ,‎ ,‎ ,‎ ,‎ ,‎ ,‎ ,‎ ,339,‎ ,‎ ,‎ ,‎ ,‎ ,‎ ,‎ ,‎ ,‎ ,‎ ,‎ ,‎ ,‎ ,‎ ,‎ ,2055,‎ ,‎ ,‎ ,‎ ,‎ ,‎ ,‎ ,‎ ,‎ ,‎ ,‎ ,‎ ,4,4,0.10256410256410256,4 / 39,2
/6bce//A/HOH`633/O,,"37.794,-9.735,18.751",633,1,43.58,‎ ,‎ ,1091,‎ ,‎ ,‎ ,633,‎ ,‎ ,‎ ,‎ ,‎ ,‎ ,‎ ,‎ ,‎ ,‎ ,610,‎ ,‎ ,‎ ,‎ ,‎ ,‎ ,‎ ,‎ ,‎ ,‎ ,‎ ,‎ ,‎ ,‎ ,‎ ,‎ ,‎ ,‎ ,‎ ,‎ ,‎ ,‎ ,‎ ,‎ ,‎ ,‎ ,‎ ,‎ ,‎ ,‎ ,‎ ,‎ ,3,3,0.07692307692307693,3 / 39,3
/6bce//A/HOH`630/O,,"20.723,-2.917,31.739",630,1,42.11,‎ ,‎ ,‎ ,‎ ,‎ ,‎ ,630,‎ ,‎ ,‎ ,‎ ,‎ ,‎ ,‎ ,‎ ,‎ ,‎ ,621,‎ ,‎ ,‎ ,‎ ,‎ ,‎ ,‎ ,‎ ,‎ ,‎ ,‎ ,‎ ,‎ ,‎ ,‎ ,‎ ,‎ ,‎ ,‎ ,‎ ,‎ ,‎ ,‎ ,‎ ,‎ ,‎ ,‎ ,‎ ,‎ ,‎ ,‎ ,‎ ,2,2,0.05128205128205128,2 / 39,2
/6bce//A/HOH`628/O,,"19.196,18.409,40.162",628,1,26.4,577,‎ ,‎ ,‎ ,‎ ,‎ ,628,‎ ,‎ ,‎ ,‎ ,‎ ,‎ ,‎ ,‎ ,‎ ,700,‎ ,‎ ,‎ ,‎ ,‎ ,‎ ,‎ ,‎ ,‎ ,‎ ,‎ ,‎ ,‎ ,‎ ,‎ ,‎ ,‎ ,‎ ,‎ ,‎ ,‎ ,‎ ,‎ ,‎ ,‎ ,‎ ,‎ ,‎ ,‎ ,‎ ,‎ ,‎ ,‎ ,3,3,0.07692307692307693,3 / 39,3
/6bce//A/HOH`617/O,,"40.103,3.071,14.896",617,1,38.05,‎ ,‎ ,‎ ,‎ ,‎ ,‎ ,617,‎ ,‎ ,‎ ,531,‎ ,‎ ,‎ ,‎ ,‎ ,‎ ,671,‎ ,‎ ,‎ ,‎ ,‎ ,‎ ,‎ ,‎ ,‎ ,‎ ,‎ ,‎ ,‎ ,‎ ,‎ ,‎ ,‎ ,‎ ,‎ ,‎ ,‎ ,‎ ,‎ ,‎ ,‎ ,‎ ,‎ ,‎ ,‎ ,‎ ,‎ ,‎ ,3,3,0.07692307692307693,3 / 39,3
/6bce//A/HOH`614/O,,"27.122,23.285,29.838",614,1,32.68,‎ ,‎ ,‎ ,‎ ,‎ ,‎ ,614,‎ ,‎ ,‎ ,‎ ,‎ ,‎ ,‎ ,‎ ,‎ ,544,‎ ,‎ ,‎ ,‎ ,‎ ,‎ ,‎ ,‎ ,‎ ,‎ ,‎ ,‎ ,‎ ,‎ ,‎ ,‎ ,‎ ,‎ ,‎ ,‎ ,‎ ,‎ ,‎ ,‎ ,‎ ,‎ ,‎ ,‎ ,‎ ,‎ ,‎ ,‎ ,‎ ,2,2,0.05128205128205128,2 / 39,2
/6bce//A/HOH`613/O,,"-5.711,16.271,49.635",613,1,41.39,‎ ,‎ ,‎ ,‎ ,‎ ,‎ ,613,‎ ,‎ ,‎ ,‎ ,‎ ,‎ ,‎ ,‎ ,‎ ,‎ ,‎ ,‎ ,‎ ,‎ ,‎ ,‎ ,‎ ,‎ ,‎ ,‎ ,‎ ,‎ ,‎ ,‎ ,‎ ,‎ ,‎ ,‎ ,‎ ,‎ ,‎ ,2003,‎ ,‎ ,‎ ,‎ ,‎ ,‎ ,‎ ,‎ ,‎ ,‎ ,‎ ,2,2,0.05128205128205128,2 / 39,2
/6bce//A/HOH`612/O,,"28.974,-0.337,14.341",612,1,33.42,‎ ,‎ ,‎ ,1092,1158,‎ ,612,‎ ,‎ ,‎ ,‎ ,‎ ,‎ ,‎ ,‎ ,323,‎ ,619,‎ ,807,‎ ,‎ ,‎ ,‎ ,1045,1030,1066,‎ ,‎ ,‎ ,‎ ,‎ ,‎ ,‎ ,‎ ,‎ ,‎ ,2008,‎ ,2043,2044,2009,‎ ,‎ ,2009,‎ ,‎ ,‎ ,‎ ,‎ ,14,10,0.2564102564102564,10 / 39,4
/6bce//A/HOH`610/O,,"33.029,21.787,14.155",610,1,45.77,581,‎ ,‎ ,‎ ,‎ ,‎ ,610,‎ ,‎ ,‎ ,‎ ,‎ ,‎ ,‎ ,‎ ,‎ ,768,‎ ,‎ ,828,170,374,2383,‎ ,1170,‎ ,‎ ,‎ ,1241,‎ ,1034,‎ ,‎ ,69,‎ ,‎ ,‎ ,‎ ,‎ ,‎ ,‎ ,‎ ,‎ ,‎ ,‎ ,‎ ,‎ ,‎ ,‎ ,‎ ,11,10,0.2564102564102564,10 / 39,4
/6bce//A/HOH`608/O,,"27.06,25.798,27.304",608,1,37.59,‎ ,‎ ,‎ ,‎ ,‎ ,‎ ,608,‎ ,‎ ,‎ ,‎ ,‎ ,‎ ,‎ ,‎ ,‎ ,730,‎ ,‎ ,‎ ,‎ ,‎ ,‎ ,‎ ,‎ ,‎ ,‎ ,‎ ,‎ ,‎ ,‎ ,‎ ,‎ ,‎ ,‎ ,‎ ,‎ ,‎ ,‎ ,‎ ,‎ ,‎ ,‎ ,‎ ,‎ ,‎ ,‎ ,‎ ,‎ ,‎ ,2,2,0.05128205128205128,2 / 39,2
/6bce//A/HOH`606/O,,"35.398,16.989,37.729",606,1,50.63,‎ ,‎ ,‎ ,‎ ,‎ ,‎ ,606,‎ ,‎ ,‎ ,‎ ,‎ ,‎ ,‎ ,‎ ,‎ ,‎ ,595,‎ ,‎ ,‎ ,‎ ,‎ ,‎ ,‎ ,‎ ,‎ ,‎ ,‎ ,‎ ,‎ ,‎ ,‎ ,‎ ,‎ ,‎ ,‎ ,‎ ,‎ ,‎ ,‎ ,‎ ,‎ ,‎ ,‎ ,‎ ,‎ ,‎ ,‎ ,‎ ,2,2,0.05128205128205128,2 / 39,2
/6bce//A/HOH`604/O,,"-0.364,2.893,33.474",604,1,34.27,‎ ,‎ ,‎ ,‎ ,‎ ,‎ ,604,‎ ,‎ ,‎ ,‎ ,‎ ,‎ ,‎ ,‎ ,‎ ,‎ ,‎ ,‎ ,‎ ,‎ ,‎ ,‎ ,‎ ,‎ ,‎ ,‎ ,‎ ,1387,‎ ,‎ ,‎ ,‎ ,‎ ,‎ ,‎ ,‎ ,‎ ,‎ ,‎ ,‎ ,‎ ,‎ ,‎ ,‎ ,‎ ,‎ ,‎ ,‎ ,‎ ,2,2,0.05128205128205128,2 / 39,2
/6bce//A/HOH`600/O,,"8.122,26.668,22.209",600,1,47.46,‎ ,‎ ,‎ ,‎ ,‎ ,‎ ,600,‎ ,‎ ,‎ ,‎ ,‎ ,‎ ,‎ ,‎ ,‎ ,‎ ,‎ ,‎ ,‎ ,‎ ,‎ ,‎ ,‎ ,‎ ,‎ ,‎ ,‎ ,‎ ,‎ ,‎ ,‎ ,‎ ,‎ ,‎ ,‎ ,‎ ,‎ ,‎ ,‎ ,2117,‎ ,‎ ,‎ ,‎ ,‎ ,‎ ,‎ ,‎ ,‎ ,2,2,0.05128205128205128,2 / 39,2
/6bce//A/HOH`599/O,,"17.941,14.699,49.693",599,1,33.27,‎ ,‎ ,‎ ,‎ ,‎ ,‎ ,599,‎ ,‎ ,‎ ,‎ ,‎ ,‎ ,‎ ,‎ ,‎ ,722,‎ ,‎ ,‎ ,‎ ,‎ ,‎ ,‎ ,‎ ,‎ ,‎ ,‎ ,‎ ,‎ ,‎ ,‎ ,‎ ,‎ ,‎ ,‎ ,‎ ,‎ ,‎ ,‎ ,‎ ,‎ ,‎ ,‎ ,‎ ,‎ ,‎ ,‎ ,‎ ,‎ ,2,2,0.05128205128205128,2 / 39,2
/6bce//A/HOH`597/O,,"4.481,4.833,33.039",597,1,23.29,‎ ,‎ ,‎ ,‎ ,‎ ,‎ ,597,‎ ,‎ ,‎ ,‎ ,‎ ,‎ ,‎ ,‎ ,‎ ,‎ ,615,‎ ,‎ ,‎ ,‎ ,‎ ,‎ ,‎ ,‎ ,‎ ,‎ ,‎ ,‎ ,‎ ,‎ ,‎ ,‎ ,‎ ,‎ ,‎ ,‎ ,‎ ,‎ ,‎ ,‎ ,‎ ,‎ ,‎ ,‎ ,‎ ,‎ ,‎ ,‎ ,2,2,0.05128205128205128,2 / 39,2
/6bce//A/HOH`592/O,,"15.83,16.718,49.702",592,1,38.68,‎ ,‎ ,‎ ,‎ ,‎ ,‎ ,592,‎ ,‎ ,‎ ,‎ ,‎ ,‎ ,‎ ,‎ ,‎ ,685,‎ ,‎ ,‎ ,‎ ,‎ ,‎ ,‎ ,‎ ,‎ ,‎ ,‎ ,‎ ,‎ ,‎ ,‎ ,‎ ,‎ ,‎ ,‎ ,‎ ,‎ ,2077,2062,2078,‎ ,‎ ,‎ ,‎ ,‎ ,‎ ,‎ ,‎ ,‎ ,5,4,0.10256410256410256,4 / 39,3
/6bce//A/HOH`589/O,,"6.433,30.413,27.39",589,1,38.98,553,‎ ,‎ ,‎ ,‎ ,‎ ,589,‎ ,‎ ,‎ ,‎ ,‎ ,‎ ,‎ ,‎ ,320,568,‎ ,‎ ,‎ ,‎ ,‎ ,‎ ,‎ ,‎ ,‎ ,‎ ,‎ ,‎ ,‎ ,‎ ,‎ ,‎ ,‎ ,‎ ,‎ ,‎ ,‎ ,‎ ,‎ ,‎ ,‎ ,‎ ,‎ ,‎ ,‎ ,‎ ,‎ ,‎ ,‎ ,4,4,0.10256410256410256,4 / 39,3
/6bce//A/HOH`588/O,,"0.354,4.03,28.12",588,1,41.01,‎ ,‎ ,‎ ,‎ ,‎ ,‎ ,588,‎ ,‎ ,‎ ,‎ ,‎ ,‎ ,‎ ,‎ ,‎ ,‎ ,‎ ,‎ ,‎ ,‎ ,‎ ,‎ ,‎ ,‎ ,‎ ,‎ ,‎ ,‎ ,‎ ,‎ ,‎ ,‎ ,‎ ,‎ ,‎ ,‎ ,‎ ,‎ ,‎ ,‎ ,‎ ,‎ ,‎ ,‎ ,‎ ,‎ ,335,‎ ,‎ ,2,2,0.05128205128205128,2 / 39,2
/6bce//A/HOH`587/O,,"7.746,9.898,49.695",587,1,34.59,‎ ,‎ ,‎ ,‎ ,‎ ,‎ ,587,‎ ,‎ ,‎ ,‎ ,‎ ,‎ ,‎ ,‎ ,‎ ,596,‎ ,‎ ,‎ ,‎ ,‎ ,‎ ,‎ ,‎ ,‎ ,‎ ,‎ ,‎ ,‎ ,‎ ,‎ ,‎ ,‎ ,‎ ,‎ ,‎ ,‎ ,‎ ,‎ ,‎ ,‎ ,‎ ,‎ ,‎ ,‎ ,‎ ,‎ ,‎ ,‎ ,2,2,0.05128205128205128,2 / 39,2
/6bce//A/HOH`586/O,,"15.598,27.469,36.61",586,1,26.91,573,630,‎ ,‎ ,‎ ,‎ ,586,514,‎ ,‎ ,‎ ,‎ ,‎ ,‎ ,‎ ,‎ ,‎ ,‎ ,‎ ,‎ ,‎ ,‎ ,‎ ,‎ ,‎ ,‎ ,‎ ,‎ ,‎ ,‎ ,‎ ,‎ ,‎ ,‎ ,‎ ,‎ ,‎ ,‎ ,‎ ,‎ ,‎ ,‎ ,‎ ,‎ ,‎ ,‎ ,‎ ,‎ ,‎ ,‎ ,4,4,0.10256410256410256,4 / 39,3
/6bce//A/HOH`583/O,,"28.767,18.95,39.764",583,1,40.47,515,‎ ,‎ ,‎ ,‎ ,‎ ,583,‎ ,‎ ,‎ ,532,‎ ,‎ ,‎ ,‎ ,‎ ,667,‎ ,‎ ,‎ ,‎ ,‎ ,‎ ,‎ ,‎ ,‎ ,‎ ,‎ ,‎ ,‎ ,‎ ,‎ ,‎ ,‎ ,‎ ,‎ ,‎ ,‎ ,‎ ,‎ ,‎ ,‎ ,‎ ,‎ ,‎ ,‎ ,‎ ,‎ ,‎ ,‎ ,4,4,0.10256410256410256,4 / 39,4
/6bce//A/HOH`582/O,,"26.385,22.585,31.998",582,1,35.06,‎ ,‎ ,‎ ,‎ ,‎ ,‎ ,582,‎ ,‎ ,‎ ,‎ ,‎ ,‎ ,‎ ,‎ ,‎ ,567,‎ ,‎ ,‎ ,‎ ,‎ ,‎ ,‎ ,‎ ,‎ ,‎ ,‎ ,‎ ,‎ ,‎ ,‎ ,‎ ,‎ ,‎ ,‎ ,‎ ,‎ ,‎ ,‎ ,‎ ,‎ ,‎ ,‎ ,‎ ,‎ ,‎ ,‎ ,‎ ,‎ ,2,2,0.05128205128205128,2 / 39,2
/6bce//A/HOH`578/O,,"25.717,-2.619,33.056",578,1,37.36,556,‎ ,‎ ,‎ ,‎ ,‎ ,578,‎ ,‎ ,‎ ,519,‎ ,‎ ,‎ ,‎ ,‎ ,641,‎ ,‎ ,‎ ,‎ ,‎ ,‎ ,‎ ,‎ ,‎ ,‎ ,‎ ,‎ ,‎ ,‎ ,‎ ,‎ ,‎ ,‎ ,‎ ,‎ ,‎ ,‎ ,‎ ,‎ ,‎ ,‎ ,‎ ,‎ ,‎ ,‎ ,‎ ,‎ ,‎ ,4,4,0.10256410256410256,4 / 39,4
/6bce//A/HOH`577/O,,"19.31,18.64,28.947",577,1,27.43,‎ ,‎ ,‎ ,‎ ,‎ ,‎ ,577,‎ ,‎ ,‎ ,‎ ,‎ ,‎ ,‎ ,‎ ,‎ ,686,‎ ,‎ ,‎ ,‎ ,‎ ,‎ ,‎ ,‎ ,‎ ,‎ ,‎ ,‎ ,‎ ,‎ ,‎ ,‎ ,‎ ,‎ ,‎ ,‎ ,‎ ,‎ ,‎ ,‎ ,‎ ,‎ ,‎ ,‎ ,‎ ,‎ ,‎ ,‎ ,‎ ,2,2,0.05128205128205128,2 / 39,2
/6bce//A/HOH`575/O,,"0.847,0.304,29.012",575,1,36.55,‎ ,‎ ,‎ ,‎ ,‎ ,‎ ,575,‎ ,‎ ,‎ ,‎ ,‎ ,‎ ,‎ ,‎ ,‎ ,‎ ,‎ ,‎ ,‎ ,‎ ,‎ ,‎ ,‎ ,‎ ,‎ ,‎ ,‎ ,‎ ,‎ ,‎ ,‎ ,‎ ,‎ ,‎ ,‎ ,‎ ,‎ ,‎ ,‎ ,‎ ,‎ ,‎ ,‎ ,‎ ,‎ ,‎ ,715,‎ ,‎ ,2,2,0.05128205128205128,2 / 39,2
/6bce//A/HOH`571/O,,"9.477,1.155,21.556",571,1,25.9,‎ ,‎ ,‎ ,‎ ,‎ ,‎ ,571,508,‎ ,‎ ,‎ ,‎ ,‎ ,‎ ,‎ ,‎ ,‎ ,‎ ,‎ ,‎ ,‎ ,‎ ,‎ ,‎ ,‎ ,‎ ,‎ ,‎ ,‎ ,‎ ,‎ ,‎ ,‎ ,‎ ,‎ ,‎ ,‎ ,‎ ,‎ ,‎ ,‎ ,‎ ,‎ ,‎ ,‎ ,‎ ,‎ ,‎ ,‎ ,‎ ,2,2,0.05128205128205128,2 / 39,1
/6bce//A/HOH`570/O,,"17.932,-2.349,17.023",570,1,46.15,‎ ,‎ ,‎ ,‎ ,‎ ,‎ ,570,‎ ,‎ ,‎ ,‎ ,‎ ,‎ ,‎ ,‎ ,‎ ,‎ ,633,‎ ,‎ ,174,386,‎ ,‎ ,‎ ,‎ ,‎ ,‎ ,‎ ,‎ ,‎ ,‎ ,‎ ,‎ ,‎ ,‎ ,‎ ,2094,‎ ,2113,2094,‎ ,‎ ,‎ ,‎ ,‎ ,‎ ,‎ ,326,325,9,6,0.15384615384615385,6 / 39,3
/6bce//A/HOH`568/O,,"13.468,25.618,43.156",568,1,37.31,557,‎ ,‎ ,‎ ,‎ ,‎ ,568,‎ ,‎ ,‎ ,‎ ,‎ ,‎ ,‎ ,‎ ,‎ ,806,‎ ,‎ ,‎ ,‎ ,‎ ,‎ ,‎ ,‎ ,‎ ,‎ ,‎ ,‎ ,‎ ,‎ ,‎ ,‎ ,‎ ,‎ ,‎ ,‎ ,‎ ,‎ ,‎ ,‎ ,‎ ,‎ ,‎ ,‎ ,‎ ,‎ ,‎ ,‎ ,‎ ,3,3,0.07692307692307693,3 / 39,3
/6bce//A/HOH`566/O,,"21.357,-1.994,19.63",566,1,30.5,‎ ,‎ ,‎ ,‎ ,‎ ,‎ ,566,506,‎ ,‎ ,‎ ,‎ ,‎ ,‎ ,‎ ,345,‎ ,626,‎ ,‎ ,‎ ,‎ ,‎ ,‎ ,‎ ,‎ ,‎ ,‎ ,‎ ,‎ ,‎ ,‎ ,‎ ,‎ ,‎ ,‎ ,‎ ,‎ ,‎ ,‎ ,‎ ,‎ ,‎ ,‎ ,‎ ,‎ ,‎ ,‎ ,‎ ,‎ ,4,4,0.10256410256410256,4 / 39,2
/6bce//A/HOH`565/O,,"41.298,12.443,20.753",565,1,36.7,‎ ,‎ ,‎ ,‎ ,‎ ,‎ ,565,‎ ,‎ ,‎ ,‎ ,‎ ,‎ ,‎ ,‎ ,343,‎ ,580,‎ ,‎ ,‎ ,‎ ,‎ ,‎ ,‎ ,‎ ,‎ ,‎ ,‎ ,‎ ,‎ ,‎ ,‎ ,‎ ,‎ ,‎ ,‎ ,‎ ,‎ ,‎ ,‎ ,‎ ,‎ ,‎ ,‎ ,‎ ,‎ ,‎ ,‎ ,‎ ,3,3,0.07692307692307693,3 / 39,2
/6bce//A/HOH`561/O,,"27.071,26.19,29.991",561,1,43.84,‎ ,‎ ,‎ ,‎ ,‎ ,‎ ,561,‎ ,‎ ,‎ ,‎ ,‎ ,‎ ,‎ ,‎ ,‎ ,615,‎ ,‎ ,‎ ,‎ ,‎ ,‎ ,‎ ,‎ ,‎ ,‎ ,‎ ,‎ ,‎ ,‎ ,‎ ,‎ ,‎ ,‎ ,‎ ,‎ ,‎ ,‎ ,‎ ,‎ ,‎ ,‎ ,‎ ,‎ ,‎ ,‎ ,‎ ,‎ ,‎ ,2,2,0.05128205128205128,2 / 39,2
/6bce//A/HOH`560/O,,"20.001,-1.483,34.121",560,1,30.68,‎ ,‎ ,‎ ,‎ ,‎ ,‎ ,560,512,‎ ,‎ ,‎ ,‎ ,‎ ,‎ ,‎ ,‎ ,707,524,‎ ,‎ ,‎ ,‎ ,‎ ,‎ ,‎ ,‎ ,‎ ,‎ ,‎ ,‎ ,‎ ,‎ ,‎ ,‎ ,‎ ,‎ ,‎ ,‎ ,‎ ,‎ ,‎ ,‎ ,‎ ,‎ ,‎ ,‎ ,‎ ,‎ ,‎ ,‎ ,4,4,0.10256410256410256,4 / 39,2
/6bce//A/HOH`558/O,,"14.924,9.556,47.178",558,1,32.65,562,‎ ,‎ ,‎ ,‎ ,‎ ,558,‎ ,‎ ,‎ ,‎ ,‎ ,‎ ,‎ ,‎ ,332,754,‎ ,‎ ,‎ ,‎ ,‎ ,‎ ,‎ ,‎ ,‎ ,‎ ,‎ ,‎ ,‎ ,‎ ,‎ ,‎ ,‎ ,‎ ,‎ ,‎ ,‎ ,‎ ,‎ ,‎ ,‎ ,‎ ,‎ ,‎ ,‎ ,‎ ,‎ ,‎ ,‎ ,4,4,0.10256410256410256,4 / 39,3
/6bce//A/HOH`557/O,,"11.605,-7.709,38.566",557,1,36.38,‎ ,‎ ,‎ ,‎ ,‎ ,‎ ,557,‎ ,‎ ,‎ ,‎ ,‎ ,‎ ,‎ ,‎ ,‎ ,‎ ,810,‎ ,‎ ,‎ ,‎ ,‎ ,‎ ,‎ ,‎ ,‎ ,‎ ,‎ ,‎ ,‎ ,‎ ,‎ ,‎ ,‎ ,‎ ,‎ ,‎ ,‎ ,‎ ,‎ ,‎ ,‎ ,‎ ,‎ ,‎ ,‎ ,‎ ,‎ ,‎ ,2,2,0.05128205128205128,2 / 39,2
/6bce//A/HOH`554/O,,"0.633,14.318,38.81",554,1,32.21,‎ ,‎ ,‎ ,‎ ,‎ ,‎ ,554,‎ ,‎ ,‎ ,‎ ,‎ ,‎ ,‎ ,‎ ,‎ ,‎ ,‎ ,‎ ,‎ ,402,165,‎ ,‎ ,‎ ,‎ ,‎ ,‎ ,‎ ,‎ ,‎ ,‎ ,‎ ,‎ ,‎ ,‎ ,‎ ,‎ ,‎ ,‎ ,‎ ,‎ ,‎ ,‎ ,‎ ,2020,‎ ,‎ ,504,‎ ,5,4,0.10256410256410256,4 / 39,2
/6bce//A/HOH`550/O,,"19.005,26.884,31.12",550,1,31.95,‎ ,‎ ,‎ ,‎ ,‎ ,‎ ,550,‎ ,‎ ,‎ ,‎ ,‎ ,‎ ,‎ ,‎ ,‎ ,652,‎ ,‎ ,‎ ,‎ ,‎ ,‎ ,‎ ,‎ ,‎ ,‎ ,‎ ,‎ ,‎ ,‎ ,‎ ,‎ ,‎ ,‎ ,‎ ,‎ ,‎ ,‎ ,‎ ,‎ ,‎ ,‎ ,‎ ,‎ ,‎ ,‎ ,‎ ,‎ ,‎ ,2,2,0.05128205128205128,2 / 39,2
/6bce//A/HOH`549/O,,"30.456,-0.495,29.711",549,1,33.33,‎ ,‎ ,‎ ,‎ ,‎ ,‎ ,549,‎ ,‎ ,‎ ,518,‎ ,‎ ,‎ ,‎ ,310,‎ ,‎ ,‎ ,‎ ,‎ ,‎ ,‎ ,‎ ,‎ ,‎ ,‎ ,‎ ,‎ ,‎ ,‎ ,‎ ,‎ ,‎ ,‎ ,‎ ,‎ ,‎ ,‎ ,‎ ,‎ ,‎ ,‎ ,‎ ,‎ ,‎ ,‎ ,‎ ,‎ ,‎ ,3,3,0.07692307692307693,3 / 39,3
/6bce//A/HOH`547/O,,"27.223,-7.849,16.406",547,1,36.8,‎ ,‎ ,‎ ,‎ ,‎ ,‎ ,547,‎ ,‎ ,‎ ,‎ ,‎ ,‎ ,‎ ,‎ ,325,‎ ,546,‎ ,‎ ,‎ ,‎ ,‎ ,‎ ,‎ ,‎ ,‎ ,‎ ,‎ ,‎ ,‎ ,‎ ,‎ ,‎ ,‎ ,‎ ,‎ ,‎ ,‎ ,‎ ,‎ ,‎ ,‎ ,‎ ,‎ ,‎ ,‎ ,‎ ,‎ ,‎ ,3,3,0.07692307692307693,3 / 39,2
/6bce//A/HOH`546/O,,"25.989,17.618,40.336",546,1,33.49,‎ ,‎ ,‎ ,‎ ,‎ ,‎ ,546,‎ ,‎ ,‎ ,521,‎ ,‎ ,‎ ,‎ ,‎ ,708,‎ ,‎ ,‎ ,362,279,‎ ,‎ ,‎ ,‎ ,‎ ,‎ ,‎ ,‎ ,‎ ,‎ ,‎ ,‎ ,‎ ,‎ ,‎ ,2094,2082,2066,‎ ,‎ ,‎ ,‎ ,‎ ,‎ ,‎ ,‎ ,‎ ,316,9,8,0.20512820512820512,8 / 39,4
/6bce//A/HOH`543/O,,"25.501,10.083,19.762",543,1,26.14,‎ ,‎ ,‎ ,‎ ,‎ ,‎ ,543,‎ ,‎ ,‎ ,207,‎ ,‎ ,‎ ,‎ ,‎ ,‎ ,‎ ,‎ ,804,155,354,2017,2044,1035,1019,1051,‎ ,‎ ,1017,1018,5,156,11,‎ ,6,‎ ,2028,2035,2038,2021,2006,‎ ,2004,2005,2003,‎ ,314,305,515,27,18,0.46153846153846156,18 / 39,3
/6bce//A/HOH`540/O,,"21.53,2.568,27.109",540,1,23.99,531,‎ ,‎ ,‎ ,‎ ,‎ ,540,‎ ,‎ ,‎ ,514,‎ ,‎ ,‎ ,‎ ,‎ ,545,569,‎ ,‎ ,‎ ,‎ ,‎ ,‎ ,‎ ,‎ ,‎ ,‎ ,‎ ,‎ ,‎ ,‎ ,‎ ,‎ ,‎ ,‎ ,‎ ,‎ ,‎ ,‎ ,‎ ,‎ ,‎ ,‎ ,‎ ,‎ ,‎ ,‎ ,‎ ,‎ ,5,5,0.1282051282051282,5 / 39,4
/6bce//A/HOH`534/O,,"16.948,17.974,27.822",534,1,33.79,‎ ,‎ ,‎ ,‎ ,‎ ,‎ ,534,‎ ,‎ ,‎ ,‎ ,‎ ,‎ ,‎ ,‎ ,‎ ,638,‎ ,‎ ,‎ ,‎ ,‎ ,‎ ,‎ ,‎ ,‎ ,‎ ,‎ ,‎ ,‎ ,‎ ,‎ ,‎ ,‎ ,‎ ,‎ ,‎ ,‎ ,‎ ,‎ ,‎ ,‎ ,‎ ,‎ ,‎ ,‎ ,‎ ,‎ ,‎ ,‎ ,2,2,0.05128205128205128,2 / 39,2
/6bce//A/HOH`533/O,,"20.491,0.981,25.185",533,1,23.75,548,‎ ,‎ ,‎ ,‎ ,‎ ,533,510,‎ ,‎ ,‎ ,‎ ,‎ ,‎ ,‎ ,‎ ,‎ ,548,‎ ,‎ ,‎ ,‎ ,‎ ,‎ ,‎ ,‎ ,‎ ,‎ ,‎ ,‎ ,‎ ,‎ ,‎ ,‎ ,‎ ,‎ ,‎ ,‎ ,‎ ,‎ ,‎ ,‎ ,‎ ,‎ ,‎ ,‎ ,‎ ,‎ ,‎ ,‎ ,4,4,0.10256410256410256,4 / 39,3
/6bce//A/HOH`531/O,,"19.939,15.999,27.466",531,1,21.08,552,‎ ,‎ ,1225,1227,9,531,‎ ,‎ ,‎ ,‎ ,‎ ,2004,‎ ,‎ ,‎ ,633,‎ ,‎ ,804,355,154,2095,2173,1017,1033,1001,‎ ,‎ ,‎ ,‎ ,606,145,‎ ,‎ ,‎ ,‎ ,2023,2014,2007,2022,2007,‎ ,2001,2006,2004,‎ ,309,511,311,28,20,0.5128205128205128,20 / 39,6
/6bce//A/HOH`529/O,,"10.443,19.949,52.161",529,1,32.24,‎ ,‎ ,‎ ,‎ ,‎ ,‎ ,529,‎ ,‎ ,‎ ,‎ ,‎ ,‎ ,‎ ,‎ ,‎ ,‎ ,620,‎ ,‎ ,‎ ,‎ ,‎ ,‎ ,‎ ,‎ ,‎ ,‎ ,‎ ,‎ ,‎ ,‎ ,‎ ,‎ ,‎ ,‎ ,‎ ,‎ ,‎ ,‎ ,‎ ,‎ ,‎ ,‎ ,‎ ,‎ ,‎ ,‎ ,‎ ,‎ ,2,2,0.05128205128205128,2 / 39,2
/6bce//A/HOH`528/O,,"-2.021,17.831,41.052",528,1,32.52,‎ ,‎ ,‎ ,‎ ,‎ ,‎ ,528,‎ ,‎ ,‎ ,‎ ,‎ ,‎ ,‎ ,‎ ,334,‎ ,‎ ,‎ ,‎ ,‎ ,‎ ,‎ ,‎ ,‎ ,‎ ,‎ ,‎ ,‎ ,‎ ,‎ ,‎ ,‎ ,‎ ,‎ ,‎ ,‎ ,2038,‎ ,‎ ,‎ ,‎ ,‎ ,‎ ,‎ ,‎ ,‎ ,‎ ,‎ ,‎ ,3,3,0.07692307692307693,3 / 39,3
/6bce//A/HOH`520/O,,"25.461,15.976,47.196",520,1,30.98,‎ ,‎ ,‎ ,‎ ,‎ ,‎ ,520,‎ ,‎ ,‎ ,‎ ,‎ ,‎ ,‎ ,‎ ,‎ ,651,‎ ,‎ ,‎ ,‎ ,‎ ,‎ ,‎ ,‎ ,‎ ,‎ ,‎ ,‎ ,‎ ,‎ ,‎ ,‎ ,‎ ,‎ ,‎ ,‎ ,‎ ,‎ ,‎ ,‎ ,‎ ,‎ ,‎ ,‎ ,‎ ,‎ ,‎ ,‎ ,‎ ,2,2,0.05128205128205128,2 / 39,2
/6bce//A/HOH`519/O,,"7.839,35.712,36.611",519,1,30.31,‎ ,‎ ,‎ ,‎ ,‎ ,‎ ,519,501,‎ ,‎ ,‎ ,‎ ,‎ ,‎ ,‎ ,‎ ,‎ ,‎ ,‎ ,‎ ,‎ ,‎ ,‎ ,‎ ,‎ ,‎ ,‎ ,‎ ,‎ ,‎ ,‎ ,‎ ,‎ ,‎ ,‎ ,‎ ,‎ ,‎ ,‎ ,‎ ,‎ ,‎ ,‎ ,‎ ,‎ ,‎ ,‎ ,‎ ,‎ ,‎ ,2,2,0.05128205128205128,2 / 39,1
/6bce//A/HOH`515/O,,"17.667,-3.399,45.296",515,1,43.1,‎ ,‎ ,‎ ,‎ ,1065,‎ ,515,‎ ,‎ ,‎ ,‎ ,‎ ,‎ ,‎ ,‎ ,‎ ,‎ ,‎ ,‎ ,‎ ,‎ ,‎ ,‎ ,‎ ,‎ ,‎ ,‎ ,‎ ,‎ ,‎ ,‎ ,‎ ,‎ ,‎ ,‎ ,‎ ,‎ ,‎ ,‎ ,‎ ,‎ ,‎ ,‎ ,‎ ,‎ ,‎ ,‎ ,‎ ,‎ ,‎ ,2,2,0.05128205128205128,2 / 39,2
/6bce//A/HOH`514/O,,"16.031,-5.766,25.452",514,1,39.17,‎ ,‎ ,‎ ,‎ ,‎ ,‎ ,514,509,‎ ,‎ ,‎ ,‎ ,‎ ,‎ ,‎ ,‎ ,‎ ,582,‎ ,‎ ,‎ ,‎ ,‎ ,‎ ,‎ ,‎ ,‎ ,‎ ,‎ ,‎ ,‎ ,‎ ,‎ ,‎ ,‎ ,‎ ,‎ ,‎ ,‎ ,‎ ,‎ ,‎ ,‎ ,‎ ,‎ ,‎ ,‎ ,‎ ,‎ ,‎ ,3,3,0.07692307692307693,3 / 39,2
/6bce//A/HOH`513/O,,"3.524,5.118,25.822",513,1,34.17,‎ ,‎ ,‎ ,‎ ,‎ ,‎ ,513,503,‎ ,‎ ,‎ ,‎ ,‎ ,‎ ,‎ ,‎ ,‎ ,‎ ,‎ ,‎ ,‎ ,‎ ,‎ ,‎ ,‎ ,‎ ,‎ ,‎ ,‎ ,‎ ,‎ ,‎ ,‎ ,‎ ,‎ ,‎ ,‎ ,‎ ,‎ ,‎ ,‎ ,‎ ,‎ ,‎ ,‎ ,‎ ,‎ ,‎ ,‎ ,‎ ,2,2,0.05128205128205128,2 / 39,1
/6bce//A/HOH`511/O,,"33.874,-7.182,23.842",511,1,44.56,‎ ,‎ ,‎ ,‎ ,‎ ,‎ ,511,‎ ,‎ ,‎ ,‎ ,‎ ,‎ ,‎ ,‎ ,‎ ,‎ ,592,‎ ,‎ ,‎ ,‎ ,‎ ,‎ ,‎ ,‎ ,‎ ,‎ ,‎ ,‎ ,‎ ,‎ ,‎ ,‎ ,‎ ,‎ ,‎ ,‎ ,‎ ,‎ ,‎ ,‎ ,‎ ,‎ ,‎ ,‎ ,‎ ,‎ ,‎ ,‎ ,2,2,0.05128205128205128,2 / 39,2
/6bce//A/HOH`507/O,,"41.358,-1.208,5.389",507,1,36.29,‎ ,‎ ,‎ ,‎ ,‎ ,‎ ,507,‎ ,‎ ,‎ ,‎ ,‎ ,2017,‎ ,‎ ,‎ ,‎ ,‎ ,‎ ,834,196,544,2004,2023,‎ ,‎ ,‎ ,‎ ,‎ ,1186,1104,‎ ,181,158,‎ ,113,‎ ,‎ ,‎ ,‎ ,‎ ,2022,‎ ,2010,2017,2013,‎ ,‎ ,‎ ,‎ ,16,11,0.28205128205128205,11 / 39,3
/6bce//A/HOH`506/O,,"17.855,-3.26,28.361",506,1,36.21,‎ ,‎ ,‎ ,‎ ,‎ ,‎ ,506,‎ ,‎ ,‎ ,‎ ,‎ ,‎ ,‎ ,‎ ,‎ ,‎ ,612,‎ ,‎ ,‎ ,‎ ,‎ ,‎ ,‎ ,‎ ,‎ ,‎ ,‎ ,‎ ,‎ ,‎ ,‎ ,‎ ,‎ ,‎ ,‎ ,‎ ,‎ ,‎ ,‎ ,‎ ,‎ ,‎ ,‎ ,‎ ,‎ ,‎ ,‎ ,‎ ,2,2,0.05128205128205128,2 / 39,2
/6bce//A/HOH`505/O,,"21.219,19.866,27.145",505,1,29.61,‎ ,‎ ,‎ ,‎ ,‎ ,‎ ,505,507,‎ ,‎ ,‎ ,‎ ,‎ ,‎ ,‎ ,‎ ,542,‎ ,‎ ,‎ ,‎ ,‎ ,‎ ,‎ ,‎ ,‎ ,‎ ,‎ ,‎ ,‎ ,‎ ,‎ ,‎ ,‎ ,31,‎ ,‎ ,‎ ,‎ ,‎ ,‎ ,‎ ,‎ ,‎ ,‎ ,‎ ,‎ ,‎ ,‎ ,‎ ,4,4,0.10256410256410256,4 / 39,3
/6bce//A/HOH`504/O,,"14.012,22.58,28.999",504,1,35.93,‎ ,‎ ,‎ ,‎ ,‎ ,‎ ,504,‎ ,‎ ,‎ ,‎ ,‎ ,‎ ,‎ ,‎ ,‎ ,619,‎ ,‎ ,‎ ,‎ ,‎ ,‎ ,‎ ,‎ ,‎ ,‎ ,‎ ,‎ ,‎ ,‎ ,‎ ,‎ ,‎ ,‎ ,‎ ,‎ ,‎ ,‎ ,‎ ,‎ ,‎ ,‎ ,‎ ,‎ ,‎ ,‎ ,‎ ,‎ ,‎ ,2,2,0.05128205128205128,2 / 39,2
/6bce//A/HOH`502/O,,"50.095,-6.976,-1.412",502,1,70.65,‎ ,‎ ,‎ ,‎ ,‎ ,‎ ,502,‎ ,‎ ,‎ ,‎ ,‎ ,‎ ,‎ ,‎ ,‎ ,‎ ,‎ ,‎ ,‎ ,208,‎ ,‎ ,‎ ,‎ ,‎ ,‎ ,‎ ,‎ ,‎ ,‎ ,‎ ,‎ ,‎ ,‎ ,‎ ,‎ ,‎ ,‎ ,‎ ,‎ ,‎ ,‎ ,‎ ,‎ ,‎ ,‎ ,‎ ,‎ ,‎ ,2,2,0.05128205128205128,2 / 39,2
/6bce//B/HOH`149/O,,"33.126,14.301,13.372",149,1,32.59,‎ ,‎ ,‎ ,1135,‎ ,‎ ,149,‎ ,‎ ,‎ ,‎ ,‎ ,‎ ,‎ ,‎ ,‎ ,‎ ,‎ ,‎ ,921,‎ ,‎ ,‎ ,‎ ,1120,1167,‎ ,‎ ,‎ ,‎ ,‎ ,‎ ,‎ ,‎ ,‎ ,‎ ,‎ ,‎ ,‎ ,‎ ,‎ ,‎ ,‎ ,‎ ,‎ ,‎ ,‎ ,‎ ,‎ ,‎ ,5,4,0.10256410256410256,4 / 39,3
/6bce//B/HOH`147/O,,"3.126,18.347,21.734",147,1,34.94,140,‎ ,‎ ,‎ ,‎ ,‎ ,147,‎ ,‎ ,‎ ,‎ ,‎ ,‎ ,‎ ,‎ ,‎ ,‎ ,‎ ,‎ ,‎ ,‎ ,‎ ,‎ ,‎ ,‎ ,‎ ,‎ ,‎ ,‎ ,‎ ,‎ ,‎ ,‎ ,‎ ,‎ ,‎ ,‎ ,‎ ,‎ ,‎ ,‎ ,‎ ,‎ ,‎ ,‎ ,‎ ,‎ ,‎ ,‎ ,‎ ,2,2,0.05128205128205128,2 / 39,2
/6bce//B/HOH`146/O,,"43.406,9.363,0.347",146,1,39.2,‎ ,‎ ,‎ ,‎ ,‎ ,‎ ,146,‎ ,‎ ,‎ ,‎ ,‎ ,‎ ,‎ ,‎ ,‎ ,‎ ,203,‎ ,‎ ,‎ ,‎ ,‎ ,‎ ,‎ ,‎ ,‎ ,‎ ,‎ ,‎ ,‎ ,‎ ,‎ ,‎ ,‎ ,‎ ,‎ ,‎ ,‎ ,‎ ,‎ ,‎ ,‎ ,‎ ,‎ ,‎ ,‎ ,‎ ,‎ ,‎ ,2,2,0.05128205128205128,2 / 39,2
/6bce//B/HOH`145/O,,"21.208,16.574,10.009",145,1,43.29,‎ ,‎ ,‎ ,‎ ,‎ ,‎ ,145,‎ ,‎ ,‎ ,‎ ,‎ ,‎ ,‎ ,‎ ,‎ ,‎ ,‎ ,‎ ,‎ ,‎ ,‎ ,2433,2145,‎ ,‎ ,‎ ,‎ ,‎ ,1055,‎ ,‎ ,‎ ,‎ ,‎ ,‎ ,‎ ,‎ ,‎ ,‎ ,‎ ,‎ ,‎ ,‎ ,‎ ,‎ ,‎ ,‎ ,‎ ,‎ ,4,3,0.07692307692307693,3 / 39,2
/6bce//B/HOH`144/O,,"16.283,10.385,19.819",144,1,34.93,129,‎ ,‎ ,1128,1201,8,144,‎ ,‎ ,‎ ,‎ ,‎ ,‎ ,‎ ,‎ ,‎ ,177,‎ ,‎ ,806,33,9,2060,2022,1109,1211,1094,‎ ,1086,1014,1007,6,31,16,‎ ,13,‎ ,2006,2001,2037,2033,‎ ,‎ ,‎ ,2016,2014,‎ ,725,814,612,30,20,0.5128205128205128,20 / 39,5
/6bce//B/HOH`143/O,,"0.672,22.497,23.239",143,1,43.18,‎ ,‎ ,‎ ,‎ ,‎ ,‎ ,143,‎ ,‎ ,‎ ,‎ ,‎ ,‎ ,‎ ,‎ ,‎ ,123,‎ ,‎ ,‎ ,‎ ,‎ ,‎ ,‎ ,‎ ,‎ ,‎ ,‎ ,‎ ,‎ ,‎ ,‎ ,‎ ,‎ ,‎ ,‎ ,‎ ,2135,‎ ,‎ ,‎ ,‎ ,‎ ,‎ ,‎ ,‎ ,‎ ,‎ ,‎ ,‎ ,3,3,0.07692307692307693,3 / 39,3
/6bce//B/HOH`142/O,,"6.253,17.584,22.105",142,1,38.38,‎ ,‎ ,‎ ,‎ ,‎ ,‎ ,142,‎ ,‎ ,‎ ,‎ ,‎ ,‎ ,‎ ,‎ ,‎ ,‎ ,208,‎ ,‎ ,‎ ,‎ ,‎ ,‎ ,‎ ,‎ ,‎ ,‎ ,‎ ,‎ ,‎ ,‎ ,‎ ,‎ ,‎ ,‎ ,‎ ,‎ ,‎ ,‎ ,‎ ,‎ ,‎ ,‎ ,‎ ,‎ ,‎ ,‎ ,‎ ,‎ ,2,2,0.05128205128205128,2 / 39,2
/6bce//C/HOH`140/O,,"-9.275,23.099,49.182",140,1,52.18,‎ ,‎ ,‎ ,‎ ,‎ ,‎ ,140,‎ ,‎ ,‎ ,‎ ,‎ ,‎ ,‎ ,‎ ,‎ ,‎ ,‎ ,‎ ,‎ ,‎ ,‎ ,‎ ,2346,‎ ,‎ ,‎ ,‎ ,‎ ,‎ ,‎ ,‎ ,‎ ,‎ ,‎ ,‎ ,‎ ,‎ ,‎ ,‎ ,‎ ,‎ ,‎ ,‎ ,‎ ,‎ ,‎ ,‎ ,‎ ,‎ ,2,2,0.05128205128205128,2 / 39,2
/6bce//C/HOH`139/O,,"0.175,5.912,22.455",139,1,38.41,‎ ,‎ ,‎ ,‎ ,‎ ,‎ ,139,‎ ,‎ ,‎ ,‎ ,‎ ,‎ ,‎ ,‎ ,‎ ,‎ ,‎ ,‎ ,‎ ,459,433,‎ ,‎ ,‎ ,‎ ,‎ ,‎ ,1336,‎ ,‎ ,‎ ,202,‎ ,‎ ,‎ ,‎ ,‎ ,‎ ,‎ ,‎ ,‎ ,‎ ,2038,‎ ,‎ ,‎ ,‎ ,‎ ,‎ ,6,5,0.1282051282051282,5 / 39,2
/6bce//B/HOH`139/O,,"22.617,8.902,7.462",139,1,43.28,‎ ,‎ ,‎ ,‎ ,‎ ,‎ ,139,‎ ,‎ ,‎ ,‎ ,‎ ,‎ ,‎ ,‎ ,47,178,‎ ,‎ ,‎ ,‎ ,‎ ,2296,2101,‎ ,‎ ,‎ ,‎ ,1078,1112,1165,‎ ,210,37,‎ ,‎ ,‎ ,‎ ,‎ ,‎ ,‎ ,‎ ,2035,‎ ,2054,2041,‎ ,‎ ,‎ ,‎ ,13,9,0.23076923076923078,9 / 39,3
/6bce//C/HOH`136/O,,"30.899,14.528,1.545",136,1,45.34,‎ ,‎ ,‎ ,‎ ,‎ ,‎ ,136,‎ ,‎ ,‎ ,‎ ,‎ ,‎ ,‎ ,‎ ,‎ ,‎ ,‎ ,‎ ,‎ ,‎ ,‎ ,‎ ,‎ ,‎ ,‎ ,‎ ,‎ ,‎ ,‎ ,‎ ,‎ ,82,81,‎ ,‎ ,‎ ,‎ ,‎ ,‎ ,‎ ,‎ ,‎ ,‎ ,‎ ,‎ ,‎ ,‎ ,‎ ,‎ ,3,2,0.05128205128205128,2 / 39,2
/6bce//B/HOH`134/O,,"14.456,18.873,24.415",134,1,41.56,‎ ,‎ ,‎ ,‎ ,‎ ,‎ ,134,‎ ,‎ ,‎ ,‎ ,‎ ,‎ ,‎ ,‎ ,‎ ,167,‎ ,‎ ,‎ ,‎ ,‎ ,‎ ,‎ ,‎ ,‎ ,‎ ,‎ ,‎ ,‎ ,‎ ,‎ ,‎ ,‎ ,‎ ,‎ ,‎ ,‎ ,‎ ,‎ ,‎ ,‎ ,‎ ,‎ ,‎ ,‎ ,‎ ,‎ ,‎ ,‎ ,2,2,0.05128205128205128,2 / 39,2
/6bce//C/HOH`133/O,,"16.946,16.144,26.197",133,1,25.38,135,‎ ,‎ ,‎ ,‎ ,‎ ,133,‎ ,‎ ,‎ ,‎ ,‎ ,‎ ,‎ ,‎ ,‎ ,848,‎ ,‎ ,‎ ,‎ ,‎ ,‎ ,‎ ,‎ ,‎ ,‎ ,‎ ,‎ ,‎ ,‎ ,10,‎ ,‎ ,‎ ,‎ ,‎ ,‎ ,‎ ,‎ ,‎ ,‎ ,‎ ,‎ ,‎ ,‎ ,‎ ,‎ ,‎ ,‎ ,4,4,0.10256410256410256,4 / 39,4
/6bce//B/HOH`130/O,,"9.027,4.004,16.248",130,1,47.45,‎ ,‎ ,‎ ,‎ ,‎ ,‎ ,130,‎ ,‎ ,‎ ,‎ ,‎ ,‎ ,‎ ,‎ ,‎ ,‎ ,‎ ,‎ ,861,‎ ,‎ ,‎ ,‎ ,‎ ,‎ ,‎ ,‎ ,‎ ,‎ ,‎ ,‎ ,221,‎ ,‎ ,‎ ,‎ ,‎ ,‎ ,‎ ,2069,‎ ,‎ ,‎ ,‎ ,‎ ,‎ ,‎ ,‎ ,‎ ,4,4,0.10256410256410256,4 / 39,2
/6bce//C/HOH`126/O,,"-1.143,15.107,40.743",126,1,33.03,‎ ,‎ ,‎ ,‎ ,‎ ,‎ ,126,‎ ,‎ ,‎ ,‎ ,‎ ,‎ ,‎ ,‎ ,‎ ,‎ ,‎ ,‎ ,‎ ,‎ ,‎ ,‎ ,‎ ,‎ ,‎ ,‎ ,‎ ,‎ ,‎ ,‎ ,‎ ,‎ ,‎ ,‎ ,‎ ,‎ ,2037,‎ ,2018,2035,‎ ,‎ ,‎ ,‎ ,‎ ,‎ ,‎ ,‎ ,‎ ,4,3,0.07692307692307693,3 / 39,2
/6bce//B/HOH`125/O,,"16.221,2.292,15.653",125,1,43.23,102,‎ ,‎ ,‎ ,‎ ,‎ ,125,‎ ,‎ ,‎ ,‎ ,‎ ,‎ ,‎ ,‎ ,‎ ,‎ ,‎ ,‎ ,‎ ,‎ ,‎ ,‎ ,‎ ,‎ ,‎ ,‎ ,‎ ,‎ ,‎ ,‎ ,‎ ,‎ ,‎ ,‎ ,‎ ,‎ ,‎ ,‎ ,‎ ,‎ ,‎ ,‎ ,‎ ,‎ ,‎ ,‎ ,‎ ,‎ ,‎ ,2,2,0.05128205128205128,2 / 39,2
/6bce//B/HOH`119/O,,"15.913,16.095,23.378",119,1,32.89,112,‎ ,‎ ,‎ ,‎ ,‎ ,119,‎ ,‎ ,‎ ,‎ ,‎ ,‎ ,‎ ,‎ ,‎ ,148,‎ ,‎ ,‎ ,‎ ,‎ ,‎ ,‎ ,‎ ,‎ ,‎ ,‎ ,‎ ,‎ ,‎ ,‎ ,‎ ,‎ ,‎ ,‎ ,‎ ,‎ ,‎ ,‎ ,‎ ,‎ ,‎ ,‎ ,‎ ,‎ ,‎ ,‎ ,‎ ,‎ ,3,3,0.07692307692307693,3 / 39,3
/6bce//C/HOH`118/O,,"18.411,6.401,20.49",118,1,36.41,117,‎ ,‎ ,‎ ,‎ ,‎ ,118,‎ ,‎ ,‎ ,‎ ,‎ ,‎ ,‎ ,‎ ,‎ ,‎ ,‎ ,‎ ,‎ ,‎ ,‎ ,‎ ,‎ ,‎ ,‎ ,‎ ,‎ ,‎ ,‎ ,‎ ,‎ ,‎ ,‎ ,‎ ,‎ ,‎ ,‎ ,‎ ,‎ ,‎ ,‎ ,‎ ,‎ ,‎ ,‎ ,‎ ,‎ ,‎ ,‎ ,2,2,0.05128205128205128,2 / 39,2
/6bce//C/HOH`117/O,,"15.595,13.168,20.513",117,1,35.06,128,‎ ,‎ ,‎ ,‎ ,‎ ,117,‎ ,‎ ,‎ ,‎ ,‎ ,‎ ,‎ ,‎ ,‎ ,‎ ,‎ ,‎ ,‎ ,‎ ,‎ ,‎ ,‎ ,‎ ,‎ ,‎ ,‎ ,‎ ,‎ ,‎ ,‎ ,‎ ,‎ ,‎ ,‎ ,‎ ,2005,‎ ,2033,2037,‎ ,‎ ,‎ ,‎ ,‎ ,‎ ,‎ ,‎ ,‎ ,5,4,0.10256410256410256,4 / 39,3
/6bce//C/HOH`113/O,,"8.45,11.736,13.349",113,1,49.8,‎ ,‎ ,‎ ,‎ ,‎ ,‎ ,113,‎ ,‎ ,‎ ,‎ ,‎ ,‎ ,‎ ,‎ ,‎ ,‎ ,‎ ,‎ ,‎ ,937,‎ ,‎ ,‎ ,‎ ,‎ ,‎ ,‎ ,‎ ,‎ ,‎ ,‎ ,‎ ,‎ ,‎ ,‎ ,‎ ,‎ ,‎ ,‎ ,‎ ,‎ ,‎ ,‎ ,‎ ,‎ ,‎ ,‎ ,‎ ,‎ ,2,2,0.05128205128205128,2 / 39,2
/6bce//B/HOH`112/O,,"8.494,6.298,17.6",112,1,45.71,‎ ,‎ ,‎ ,1057,1033,‎ ,112,‎ ,‎ ,‎ ,‎ ,‎ ,‎ ,‎ ,‎ ,‎ ,‎ ,‎ ,‎ ,117,‎ ,‎ ,‎ ,‎ ,‎ ,‎ ,‎ ,‎ ,‎ ,‎ ,‎ ,‎ ,‎ ,‎ ,‎ ,‎ ,‎ ,‎ ,‎ ,‎ ,‎ ,‎ ,‎ ,‎ ,‎ ,‎ ,‎ ,‎ ,‎ ,‎ ,4,3,0.07692307692307693,3 / 39,3
/6bce//C/HOH`111/O,,"-7.999,6.528,36.23",111,1,35.62,‎ ,‎ ,‎ ,‎ ,‎ ,‎ ,111,105,‎ ,‎ ,‎ ,‎ ,‎ ,‎ ,‎ ,‎ ,‎ ,‎ ,‎ ,‎ ,‎ ,‎ ,‎ ,‎ ,‎ ,‎ ,‎ ,‎ ,‎ ,‎ ,‎ ,‎ ,‎ ,‎ ,‎ ,‎ ,‎ ,‎ ,‎ ,‎ ,‎ ,‎ ,‎ ,‎ ,‎ ,‎ ,‎ ,‎ ,‎ ,‎ ,2,2,0.05128205128205128,2 / 39,1
/6bce//B/HOH`111/O,,"43.368,16.397,16.437",111,1,47.6,‎ ,‎ ,‎ ,‎ ,‎ ,‎ ,111,‎ ,‎ ,‎ ,‎ ,‎ ,‎ ,‎ ,‎ ,‎ ,128,‎ ,‎ ,‎ ,‎ ,‎ ,‎ ,‎ ,‎ ,‎ ,‎ ,‎ ,‎ ,‎ ,‎ ,‎ ,‎ ,‎ ,‎ ,‎ ,‎ ,‎ ,‎ ,‎ ,‎ ,‎ ,‎ ,‎ ,‎ ,‎ ,‎ ,‎ ,‎ ,‎ ,2,2,0.05128205128205128,2 / 39,2
/6bce//C/HOH`109/O,,"32.821,14.338,3.371",109,1,39.27,‎ ,‎ ,‎ ,‎ ,‎ ,‎ ,109,‎ ,‎ ,‎ ,‎ ,‎ ,‎ ,‎ ,‎ ,‎ ,162,‎ ,‎ ,‎ ,‎ ,‎ ,‎ ,‎ ,‎ ,‎ ,‎ ,‎ ,‎ ,‎ ,‎ ,‎ ,‎ ,‎ ,‎ ,‎ ,‎ ,‎ ,‎ ,‎ ,‎ ,‎ ,‎ ,‎ ,‎ ,‎ ,‎ ,‎ ,‎ ,‎ ,2,2,0.05128205128205128,2 / 39,2
/6bce//B/HOH`109/O,,"42.367,3.383,13.18",109,1,35.76,‎ ,‎ ,‎ ,‎ ,‎ ,‎ ,109,‎ ,‎ ,‎ ,206,‎ ,‎ ,‎ ,‎ ,‎ ,‎ ,106,‎ ,‎ ,‎ ,‎ ,‎ ,‎ ,‎ ,‎ ,‎ ,‎ ,‎ ,‎ ,‎ ,‎ ,‎ ,‎ ,‎ ,‎ ,‎ ,2010,‎ ,‎ ,‎ ,‎ ,‎ ,‎ ,‎ ,‎ ,‎ ,‎ ,‎ ,‎ ,4,4,0.10256410256410256,4 / 39,4
/6bce//C/HOH`107/O,,"18.576,8.808,17.914",107,1,35.02,‎ ,‎ ,‎ ,‎ ,‎ ,89,107,‎ ,‎ ,‎ ,‎ ,‎ ,‎ ,‎ ,‎ ,‎ ,102,‎ ,‎ ,809,8,5,2336,2029,‎ ,1229,‎ ,‎ ,‎ ,1013,1006,4,25,10,‎ ,7,‎ ,2002,2002,2038,2035,‎ ,‎ ,‎ ,2019,2005,‎ ,714,802,602,24,17,0.4358974358974359,17 / 39,4
/6bce//C/HOH`106/O,,"6.83,17.184,19.983",106,1,34.89,‎ ,‎ ,‎ ,‎ ,‎ ,‎ ,106,‎ ,‎ ,‎ ,‎ ,‎ ,‎ ,‎ ,‎ ,‎ ,134,‎ ,‎ ,‎ ,‎ ,‎ ,‎ ,‎ ,‎ ,‎ ,‎ ,‎ ,‎ ,‎ ,‎ ,‎ ,‎ ,‎ ,72,‎ ,‎ ,‎ ,‎ ,‎ ,‎ ,‎ ,‎ ,‎ ,‎ ,‎ ,‎ ,‎ ,‎ ,‎ ,3,3,0.07692307692307693,3 / 39,3
/6bce//B/HOH`105/O,,"15.989,8.395,17.946",105,1,27.18,‎ ,‎ ,‎ ,‎ ,‎ ,‎ ,105,‎ ,‎ ,‎ ,‎ ,‎ ,2014,‎ ,‎ ,‎ ,‎ ,116,‎ ,‎ ,132,927,‎ ,‎ ,‎ ,‎ ,‎ ,‎ ,‎ ,‎ ,‎ ,‎ ,‎ ,‎ ,‎ ,‎ ,‎ ,‎ ,‎ ,‎ ,‎ ,‎ ,‎ ,‎ ,2017,2013,‎ ,701,601,811,10,7,0.1794871794871795,7 / 39,4
/6bce//C/HOH`105/O,,"45.759,11.665,0.036",105,1,43.81,‎ ,‎ ,‎ ,‎ ,‎ ,‎ ,105,‎ ,‎ ,‎ ,‎ ,‎ ,‎ ,‎ ,‎ ,‎ ,‎ ,‎ ,‎ ,‎ ,‎ ,‎ ,‎ ,2448,‎ ,‎ ,‎ ,‎ ,‎ ,‎ ,‎ ,‎ ,‎ ,‎ ,‎ ,‎ ,‎ ,‎ ,‎ ,‎ ,‎ ,‎ ,‎ ,‎ ,‎ ,‎ ,‎ ,‎ ,‎ ,‎ ,2,2,0.05128205128205128,2 / 39,2
/6bce//C/HOH`102/O,,"20.76,2.19,20.526",102,1,32.58,‎ ,‎ ,‎ ,‎ ,‎ ,‎ ,102,‎ ,‎ ,‎ ,‎ ,‎ ,‎ ,‎ ,‎ ,‎ ,‎ ,‎ ,‎ ,874,136,60,‎ ,‎ ,‎ ,‎ ,‎ ,‎ ,1165,‎ ,‎ ,‎ ,‎ ,‎ ,‎ ,‎ ,‎ ,‎ ,‎ ,2040,2040,‎ ,‎ ,‎ ,‎ ,‎ ,‎ ,‎ ,‎ ,‎ ,7,5,0.1282051282051282,5 / 39,2
/6bce//B/HOH`102/O,,"51.004,9.626,-2.487",102,1,46.78,‎ ,‎ ,‎ ,‎ ,‎ ,‎ ,102,‎ ,‎ ,‎ ,‎ ,‎ ,‎ ,‎ ,‎ ,‎ ,‎ ,‎ ,‎ ,‎ ,‎ ,‎ ,‎ ,‎ ,‎ ,‎ ,‎ ,‎ ,‎ ,‎ ,‎ ,‎ ,‎ ,‎ ,‎ ,‎ ,‎ ,‎ ,‎ ,‎ ,‎ ,‎ ,2021,‎ ,‎ ,‎ ,‎ ,‎ ,‎ ,‎ ,2,2,0.05128205128205128,2 / 39,2
/6bce//B/HOH`101/O,,"-7.906,7.123,40.948",101,1,33.06,‎ ,‎ ,‎ ,‎ ,‎ ,‎ ,101,‎ ,‎ ,‎ ,‎ ,‎ ,‎ ,‎ ,‎ ,‎ ,‎ ,‎ ,‎ ,‎ ,‎ ,‎ ,‎ ,‎ ,‎ ,‎ ,‎ ,‎ ,‎ ,‎ ,‎ ,‎ ,‎ ,‎ ,‎ ,‎ ,‎ ,2024,‎ ,‎ ,‎ ,‎ ,‎ ,‎ ,‎ ,‎ ,‎ ,‎ ,‎ ,‎ ,2,2,0.05128205128205128,2 / 39,2
