selector,interface,coords,main_protein_location,occupancy,tempFactor,1mow_A,1mow_D,2vs7,2vs8_K,4d6n_K,4d6o_G,4una_D,4una_G,4unc_A,4ut0_K,5a0w_A,5a0w_D,5a0w_G,5akf_I,5akm,5o6i_F,sum_with_chain,sum,cons,cons_exp,sum_prot_ac
Protein_AC, , , , , ,0,0,0,0,0,0,0,0,0,0,0,0,0,0,0,0, , , , , 
Protein_AC, , , , , ,ðŸ¦„,ðŸ¦„,ðŸ¦„ â†‘â†‘â†‘ ,ðŸ¦„,ðŸ¦„,ðŸ¦„,ðŸ¦„,ðŸ¦„,ðŸ¦„,ðŸ¦„,ðŸ¦„,ðŸ¦„,ðŸ¦„,ðŸ¦„,ðŸ¦„,ðŸ¦„, , , , , 
Protein_AC, , , , , ,P21505,P21505,P21505,P21505,P21505,P21505,P21505,P21505,P21505,P21505,P21505,P21505,P21505,P21505,P21505,P21505, , , , , 
/2vs7//A/HOH`2022/O,///A/HOH`2022/,"-101.946,2.882,26.456",2022,1,33.66,2058,2224,2022,â€Ž ,2005,2006,2004,2002,2004,2004,2008,2007,2007,â€Ž ,â€Ž ,309,13,9,0.75,9 / 12,1
/2vs7//A/HOH`2013/O,///A/HOH`2013/,"-69.026,-8.511,13.994",2013,1,40.47,â€Ž ,2163,2013,â€Ž ,â€Ž ,â€Ž ,â€Ž ,â€Ž ,â€Ž ,â€Ž ,2013,2017,â€Ž ,â€Ž ,â€Ž ,334,5,4,0.3333333333333333,4 / 12,1
/2vs7//A/HOH`2006/O,///A/HOH`2006/,"-77.357,-7.873,31.776",2006,1,50.0,2118,2156,2006,â€Ž ,â€Ž ,2001,â€Ž ,â€Ž ,â€Ž ,â€Ž ,â€Ž ,â€Ž ,â€Ž ,2045,â€Ž ,â€Ž ,5,4,0.3333333333333333,4 / 12,1
/2vs7//A/HOH`2002/O,///A/HOH`2002/,"-96.314,-5.209,30.719",2002,1,46.02,2095,2173,2002,2077,2003,2004,2002,2001,2003,2002,â€Ž ,â€Ž ,â€Ž ,2009,â€Ž ,315,12,10,0.8333333333333334,10 / 12,1
/2vs7//A/HOH`2023/O,,"-105.2,7.824,31.418",2023,1,59.86,â€Ž ,â€Ž ,2023,2045,â€Ž ,â€Ž ,â€Ž ,â€Ž ,â€Ž ,â€Ž ,â€Ž ,â€Ž ,2020,â€Ž ,â€Ž ,â€Ž ,3,3,0.25,3 / 12,1
/2vs7//A/HOH`2021/O,,"-85.358,-3.578,46.716",2021,1,58.66,â€Ž ,â€Ž ,2021,â€Ž ,â€Ž ,â€Ž ,â€Ž ,â€Ž ,â€Ž ,â€Ž ,2025,â€Ž ,â€Ž ,â€Ž ,â€Ž ,â€Ž ,2,2,0.16666666666666666,2 / 12,1
/2vs7//A/HOH`2020/O,,"-84.919,-5.569,32.899",2020,1,62.92,â€Ž ,2314,2020,2010,â€Ž ,â€Ž ,â€Ž ,2004,â€Ž ,â€Ž ,2021,2027,â€Ž ,2006,â€Ž ,â€Ž ,7,6,0.5,6 / 12,1
/2vs7//A/HOH`2019/O,,"-77.798,3.447,37.042",2019,1,43.63,â€Ž ,â€Ž ,2019,2002,2001,2009,â€Ž ,â€Ž ,2007,â€Ž ,2020,2026,2017,â€Ž ,â€Ž ,â€Ž ,8,6,0.5,6 / 12,1
/2vs7//A/HOH`2018/O,,"-80.895,2.764,40.202",2018,1,66.48,â€Ž ,â€Ž ,2018,2038,2017,2014,â€Ž ,â€Ž ,â€Ž ,â€Ž ,â€Ž ,2050,2042,â€Ž ,â€Ž ,â€Ž ,6,5,0.4166666666666667,5 / 12,1
/2vs7//A/HOH`2017/O,,"-80.955,-6.419,34.236",2017,1,61.88,â€Ž ,â€Ž ,2017,2011,â€Ž ,â€Ž ,â€Ž ,â€Ž ,â€Ž ,â€Ž ,â€Ž ,â€Ž ,â€Ž ,â€Ž ,â€Ž ,â€Ž ,2,2,0.16666666666666666,2 / 12,1
/2vs7//A/HOH`2015/O,,"-78.516,-11.192,13.497",2015,1,57.8,2125,â€Ž ,2015,â€Ž ,â€Ž ,â€Ž ,â€Ž ,â€Ž ,â€Ž ,â€Ž ,2015,â€Ž ,2011,â€Ž ,â€Ž ,â€Ž ,4,3,0.25,3 / 12,1
/2vs7//A/HOH`2014/O,,"-66.613,-12.249,14.042",2014,1,69.94,â€Ž ,â€Ž ,2014,â€Ž ,â€Ž ,â€Ž ,â€Ž ,â€Ž ,â€Ž ,â€Ž ,2005,2004,â€Ž ,â€Ž ,â€Ž ,â€Ž ,3,2,0.16666666666666666,2 / 12,1
/2vs7//A/HOH`2011/O,,"-72.229,-14.22,18.325",2011,1,51.86,â€Ž ,â€Ž ,2011,â€Ž ,â€Ž ,â€Ž ,â€Ž ,â€Ž ,â€Ž ,â€Ž ,â€Ž ,2015,â€Ž ,â€Ž ,â€Ž ,â€Ž ,2,2,0.16666666666666666,2 / 12,1
/2vs7//A/HOH`2010/O,,"-81.082,-11.996,21.334",2010,1,55.64,2199,2237,2010,â€Ž ,â€Ž ,â€Ž ,â€Ž ,â€Ž ,â€Ž ,â€Ž ,â€Ž ,2012,â€Ž ,2020,â€Ž ,327,6,5,0.4166666666666667,5 / 12,1
/2vs7//A/HOH`2008/O,,"-83.659,-9.331,26.426",2008,1,84.25,2320,2098,2008,â€Ž ,â€Ž ,2007,2007,â€Ž ,â€Ž ,2005,2011,â€Ž ,2009,â€Ž ,â€Ž ,336,9,7,0.5833333333333334,7 / 12,1
/2vs7//A/HOH`2007/O,,"-79.402,-11.552,25.845",2007,1,57.22,2234,2450,2007,â€Ž ,â€Ž ,â€Ž ,â€Ž ,â€Ž ,â€Ž ,â€Ž ,â€Ž ,â€Ž ,â€Ž ,â€Ž ,â€Ž ,â€Ž ,3,2,0.16666666666666666,2 / 12,1
/2vs7//A/HOH`2005/O,,"-89.077,-4.972,30.701",2005,1,62.2,â€Ž ,â€Ž ,2005,â€Ž ,â€Ž ,â€Ž ,2005,â€Ž ,â€Ž ,â€Ž ,â€Ž ,â€Ž ,â€Ž ,â€Ž ,â€Ž ,â€Ž ,2,2,0.16666666666666666,2 / 12,1
/2vs7//A/HOH`2004/O,,"-87.003,-8.304,28.07",2004,1,50.3,â€Ž ,2233,2004,â€Ž ,â€Ž ,â€Ž ,â€Ž ,â€Ž ,â€Ž ,â€Ž ,â€Ž ,â€Ž ,â€Ž ,â€Ž ,â€Ž ,â€Ž ,2,2,0.16666666666666666,2 / 12,1
/2vs7//A/HOH`2003/O,,"-92.749,-4.825,29.273",2003,1,43.02,2113,2132,2003,2003,â€Ž ,â€Ž ,â€Ž ,â€Ž ,â€Ž ,â€Ž ,â€Ž ,â€Ž ,2004,2008,â€Ž ,â€Ž ,6,5,0.4166666666666667,5 / 12,1
