selector,interface,coords,main_protein_location,occupancy,tempFactor,3cro_L,3u3w_A,3s8q_A,3s8q_B,4iwr_A,1lli_A,1lmb,1rio,1per_L,1per_R,1rpe_R,2or1_L,6lb3,7csw,7csy,2r1j,3jxb_C,3jxc_L,3jxc_R,3jxd_L,3jxd_R,4z58_A,4z59_A,4z5c_B,4z5d_A,4z5d_B,4z5h,sum_with_chain,sum,cons,cons_exp,sum_prot_ac
Protein_AC, , , , , ,0,1,2,2,2,3,3,3,4,4,4,4,5,5,5,6,6,6,6,6,6,7,7,7,7,7,7, , , , , 
Protein_AC, , , , , ,🦄,🐝,🦊,🦊,🦊,💚,💚,💚,💙,💙,💙,💙,💛,💛,💛,💜 ↑↑↑ ,💜,💜,💜,💜,💜,🦋,🦋,🦋,🦋,🦋,🦋, , , , , 
Protein_AC, , , , , ,P03036,Q45782,Q8GGH0,Q8GGH0,Q8GGH0,P03034,P03034,P03034,P16117,P16117,P16117,P16117,Q9HVC1,Q9HVC1,Q9HVC1,P69202,P69202,P69202,P69202,P69202,P69202,P23873,P23873,P23873,P23873,P23873,P23873, , , , , 
/2r1j//R/HOH`93/O,///R/HOH`93/,"22.486,8.861,52.96",93,1,34.67,‎ ,‎ ,‎ ,‎ ,‎ ,‎ ,‎ ,‎ ,‎ ,‎ ,‎ ,‎ ,‎ ,‎ ,‎ ,93,171,‎ ,98,‎ ,203,‎ ,‎ ,‎ ,‎ ,‎ ,‎ ,4,4,0.18181818181818182,4 / 22,1
/2r1j//R/HOH`103/O,///R/HOH`103/,"12.485,13.226,51.259",103,1,36.26,‎ ,‎ ,‎ ,‎ ,‎ ,‎ ,‎ ,‎ ,‎ ,‎ ,‎ ,‎ ,‎ ,‎ ,‎ ,103,88,119,46,119,48,‎ ,‎ ,‎ ,‎ ,‎ ,‎ ,6,4,0.18181818181818182,4 / 22,1
/2r1j//L/HOH`86/O,///L/HOH`86/,"11.143,19.341,46.928",86,1,38.33,‎ ,‎ ,‎ ,‎ ,‎ ,‎ ,‎ ,‎ ,‎ ,‎ ,‎ ,‎ ,‎ ,‎ ,‎ ,86,96,98,71,203,71,‎ ,‎ ,‎ ,‎ ,‎ ,‎ ,6,4,0.18181818181818182,4 / 22,1
/2r1j//L/HOH`79/O,///L/HOH`79/,"14.974,23.335,46.273",79,1,34.2,‎ ,‎ ,‎ ,‎ ,‎ ,‎ ,‎ ,‎ ,‎ ,‎ ,‎ ,‎ ,‎ ,‎ ,‎ ,79,73,78,77,81,76,‎ ,‎ ,‎ ,‎ ,‎ ,‎ ,6,4,0.18181818181818182,4 / 22,1
/2r1j//L/HOH`74/O,///L/HOH`74/,"18.324,14.892,54.388",74,1,25.55,‎ ,‎ ,‎ ,‎ ,‎ ,‎ ,‎ ,‎ ,‎ ,‎ ,‎ ,‎ ,‎ ,‎ ,‎ ,74,91,46,119,48,119,‎ ,‎ ,‎ ,‎ ,‎ ,‎ ,6,4,0.18181818181818182,4 / 22,1
/2r1j//L/HOH`72/O,///L/HOH`72/,"15.342,22.442,51.855",72,1,21.73,‎ ,‎ ,‎ ,‎ ,‎ ,‎ ,‎ ,‎ ,‎ ,‎ ,‎ ,‎ ,‎ ,‎ ,‎ ,72,76,72,69,73,69,‎ ,‎ ,‎ ,‎ ,‎ ,‎ ,6,4,0.18181818181818182,4 / 22,1
/2r1j//L/HOH`71/O,///L/HOH`71/,"16.023,34.878,54.844",71,1,31.37,‎ ,‎ ,83,‎ ,‎ ,‎ ,‎ ,‎ ,‎ ,‎ ,‎ ,‎ ,‎ ,‎ ,‎ ,71,80,71,72,72,72,‎ ,‎ ,‎ ,‎ ,‎ ,‎ ,7,5,0.22727272727272727,5 / 22,2
/2r1j//L/HOH`128/O,///L/HOH`128/,"13.333,29.211,44.928",128,1,46.78,‎ ,‎ ,‎ ,‎ ,‎ ,‎ ,‎ ,‎ ,‎ ,‎ ,‎ ,‎ ,‎ ,‎ ,‎ ,128,43,268,28,268,28,‎ ,‎ ,‎ ,‎ ,‎ ,‎ ,6,4,0.18181818181818182,4 / 22,1
/2r1j//L/HOH`108/O,///L/HOH`108/,"8.47,36.812,56.41",108,1,40.75,‎ ,‎ ,95,91,‎ ,‎ ,‎ ,‎ ,‎ ,‎ ,‎ ,‎ ,‎ ,‎ ,‎ ,108,44,193,88,193,31,106,131,‎ ,111,116,‎ ,12,8,0.36363636363636365,8 / 22,3
/2r1j//B/HOH`59/O,///B/HOH`59/,"22.405,21.478,57.783",59,1,40.8,‎ ,‎ ,‎ ,‎ ,‎ ,‎ ,‎ ,‎ ,‎ ,‎ ,‎ ,‎ ,‎ ,‎ ,‎ ,59,90,116,‎ ,116,155,‎ ,‎ ,‎ ,‎ ,‎ ,‎ ,5,4,0.18181818181818182,4 / 22,1
/2r1j//B/HOH`57/O,///B/HOH`57/,"24.17,27.905,56.228",57,1,49.57,‎ ,‎ ,‎ ,‎ ,‎ ,‎ ,‎ ,‎ ,‎ ,‎ ,‎ ,‎ ,‎ ,‎ ,‎ ,57,199,112,77,112,77,‎ ,‎ ,‎ ,‎ ,‎ ,‎ ,6,4,0.18181818181818182,4 / 22,1
/2r1j//B/HOH`21/O,///B/HOH`21/,"11.117,15.604,54.274",21,1,19.73,‎ ,‎ ,‎ ,‎ ,‎ ,‎ ,‎ ,‎ ,‎ ,‎ ,‎ ,‎ ,‎ ,‎ ,‎ ,21,32,25,1,22,1,‎ ,‎ ,‎ ,‎ ,‎ ,‎ ,6,4,0.18181818181818182,4 / 22,1
/2r1j//A/HOH`59/O,///A/HOH`59/,"20.323,34.272,51.787",59,1,38.87,‎ ,‎ ,‎ ,‎ ,‎ ,‎ ,‎ ,‎ ,‎ ,‎ ,‎ ,‎ ,‎ ,‎ ,‎ ,59,49,106,107,106,104,‎ ,‎ ,‎ ,‎ ,‎ ,‎ ,6,4,0.18181818181818182,4 / 22,1
/2r1j//A/HOH`56/O,///A/HOH`56/,"8.39,30.114,45.779",56,1,44.46,‎ ,‎ ,‎ ,‎ ,‎ ,‎ ,‎ ,‎ ,‎ ,‎ ,‎ ,‎ ,‎ ,‎ ,‎ ,56,162,96,137,96,137,‎ ,‎ ,‎ ,‎ ,‎ ,‎ ,6,4,0.18181818181818182,4 / 22,1
/2r1j//A/HOH`53/O,///A/HOH`53/,"16.37,36.075,57.495",53,1,37.51,78,76,‎ ,89,102,‎ ,‎ ,‎ ,‎ ,‎ ,‎ ,‎ ,‎ ,‎ ,‎ ,53,52,68,106,68,102,111,126,107,107,120,‎ ,15,12,0.5454545454545454,12 / 22,5
/2r1j//A/HOH`48/O,///A/HOH`48/,"16.363,27.49,46.13",48,1,30.41,‎ ,‎ ,‎ ,‎ ,‎ ,‎ ,‎ ,‎ ,‎ ,‎ ,‎ ,‎ ,‎ ,‎ ,‎ ,48,7,44,108,76,105,‎ ,‎ ,‎ ,‎ ,‎ ,‎ ,6,4,0.18181818181818182,4 / 22,1
/2r1j//A/HOH`41/O,///A/HOH`41/,"16.435,12.512,57.041",41,1,18.59,‎ ,‎ ,‎ ,‎ ,‎ ,‎ ,‎ ,‎ ,‎ ,‎ ,‎ ,‎ ,‎ ,‎ ,‎ ,41,16,1,25,1,22,‎ ,‎ ,‎ ,‎ ,‎ ,‎ ,6,4,0.18181818181818182,4 / 22,1
/2r1j//A/HOH`112/O,///A/HOH`112/,"6.69,33.984,49.804",112,1,53.11,‎ ,‎ ,‎ ,‎ ,‎ ,‎ ,‎ ,‎ ,‎ ,‎ ,‎ ,‎ ,‎ ,‎ ,‎ ,112,164,324,130,324,130,‎ ,‎ ,‎ ,‎ ,‎ ,‎ ,6,4,0.18181818181818182,4 / 22,1
/2r1j//L/HOH`99/O,,"10.172,39.736,63.671",99,1,37.82,‎ ,‎ ,‎ ,‎ ,‎ ,‎ ,‎ ,‎ ,‎ ,‎ ,‎ ,‎ ,‎ ,‎ ,‎ ,99,‎ ,151,‎ ,151,‎ ,‎ ,‎ ,‎ ,‎ ,‎ ,‎ ,3,3,0.13636363636363635,3 / 22,1
/2r1j//B/HOH`99/O,,"23.089,40.056,47.063",99,1,56.64,‎ ,‎ ,‎ ,‎ ,‎ ,‎ ,‎ ,‎ ,‎ ,‎ ,‎ ,‎ ,‎ ,‎ ,‎ ,99,‎ ,‎ ,202,‎ ,202,‎ ,‎ ,‎ ,‎ ,‎ ,‎ ,3,3,0.13636363636363635,3 / 22,1
/2r1j//L/HOH`98/O,,"1.878,20.202,53.871",98,1,36.86,‎ ,‎ ,‎ ,‎ ,‎ ,‎ ,‎ ,‎ ,‎ ,‎ ,‎ ,‎ ,‎ ,‎ ,‎ ,98,‎ ,150,86,150,86,‎ ,‎ ,‎ ,‎ ,‎ ,‎ ,5,3,0.13636363636363635,3 / 22,1
/2r1j//A/HOH`97/O,,"7.5,36.522,51.764",97,1,43.23,‎ ,‎ ,‎ ,‎ ,‎ ,‎ ,‎ ,‎ ,‎ ,‎ ,‎ ,‎ ,‎ ,‎ ,‎ ,97,231,245,107,245,107,‎ ,‎ ,‎ ,118,‎ ,‎ ,7,5,0.22727272727272727,5 / 22,2
/2r1j//B/HOH`97/O,,"8.329,14.629,48.599",97,1,46.94,‎ ,‎ ,‎ ,‎ ,‎ ,‎ ,‎ ,‎ ,‎ ,‎ ,‎ ,‎ ,‎ ,‎ ,‎ ,97,‎ ,292,295,292,295,‎ ,‎ ,‎ ,‎ ,‎ ,‎ ,5,3,0.13636363636363635,3 / 22,1
/2r1j//L/HOH`97/O,,"9.898,37.81,71.103",97,1,44.38,‎ ,‎ ,‎ ,‎ ,‎ ,‎ ,‎ ,‎ ,‎ ,‎ ,‎ ,‎ ,‎ ,‎ ,‎ ,97,‎ ,149,‎ ,‎ ,‎ ,‎ ,‎ ,‎ ,‎ ,‎ ,‎ ,2,2,0.09090909090909091,2 / 22,1
/2r1j//L/HOH`96/O,,"0.912,35.035,60.032",96,1,43.06,‎ ,‎ ,‎ ,‎ ,‎ ,‎ ,‎ ,‎ ,‎ ,‎ ,‎ ,‎ ,‎ ,‎ ,‎ ,96,94,143,‎ ,143,‎ ,‎ ,‎ ,‎ ,‎ ,‎ ,‎ ,4,4,0.18181818181818182,4 / 22,1
/2r1j//A/HOH`96/O,,"28.98,12.328,47.063",96,1,44.57,‎ ,‎ ,‎ ,‎ ,‎ ,‎ ,‎ ,‎ ,‎ ,‎ ,‎ ,‎ ,‎ ,‎ ,‎ ,96,‎ ,242,‎ ,242,‎ ,‎ ,‎ ,‎ ,‎ ,‎ ,‎ ,3,3,0.13636363636363635,3 / 22,1
/2r1j//L/HOH`95/O,,"15.601,22.906,68.215",95,1,41.12,‎ ,‎ ,‎ ,‎ ,‎ ,‎ ,‎ ,‎ ,‎ ,‎ ,‎ ,‎ ,‎ ,‎ ,‎ ,95,72,129,83,129,83,‎ ,‎ ,‎ ,‎ ,‎ ,‎ ,6,4,0.18181818181818182,4 / 22,1
/2r1j//L/HOH`94/O,,"21.414,31.561,60.389",94,1,36.06,‎ ,‎ ,‎ ,‎ ,‎ ,‎ ,‎ ,‎ ,‎ ,‎ ,‎ ,‎ ,‎ ,‎ ,‎ ,94,‎ ,127,105,127,100,‎ ,141,‎ ,146,139,‎ ,8,5,0.22727272727272727,5 / 22,2
/2r1j//A/HOH`94/O,,"26.077,23.934,45.103",94,1,48.72,‎ ,‎ ,‎ ,‎ ,‎ ,‎ ,‎ ,‎ ,‎ ,‎ ,‎ ,‎ ,‎ ,‎ ,‎ ,94,‎ ,221,‎ ,221,‎ ,‎ ,‎ ,‎ ,‎ ,‎ ,‎ ,3,3,0.13636363636363635,3 / 22,1
/2r1j//L/HOH`93/O,,"18.686,20.179,62.837",93,1,35.86,‎ ,‎ ,‎ ,‎ ,‎ ,‎ ,‎ ,‎ ,‎ ,‎ ,‎ ,‎ ,‎ ,‎ ,‎ ,93,203,121,101,121,101,‎ ,‎ ,‎ ,‎ ,‎ ,‎ ,6,4,0.18181818181818182,4 / 22,1
/2r1j//L/HOH`92/O,,"4.017,20.248,52.102",92,1,40.23,‎ ,‎ ,‎ ,‎ ,‎ ,‎ ,‎ ,‎ ,‎ ,‎ ,‎ ,‎ ,‎ ,‎ ,‎ ,92,‎ ,117,172,117,172,‎ ,‎ ,‎ ,‎ ,‎ ,‎ ,5,3,0.13636363636363635,3 / 22,1
/2r1j//L/HOH`91/O,,"2.19,33.855,58.147",91,1,42.5,‎ ,‎ ,‎ ,‎ ,‎ ,‎ ,‎ ,‎ ,‎ ,‎ ,‎ ,‎ ,‎ ,‎ ,‎ ,91,95,115,100,115,95,‎ ,‎ ,‎ ,‎ ,‎ ,‎ ,6,4,0.18181818181818182,4 / 22,1
/2r1j//L/HOH`90/O,,"11.558,29.288,70.623",90,1,44.16,‎ ,‎ ,‎ ,‎ ,‎ ,‎ ,‎ ,‎ ,‎ ,‎ ,‎ ,‎ ,‎ ,‎ ,‎ ,90,‎ ,114,158,114,158,‎ ,‎ ,‎ ,‎ ,‎ ,‎ ,5,3,0.13636363636363635,3 / 22,1
/2r1j//A/HOH`90/O,,"12.307,10.847,50.211",90,1,44.57,‎ ,‎ ,‎ ,‎ ,‎ ,‎ ,‎ ,‎ ,‎ ,‎ ,‎ ,‎ ,‎ ,‎ ,‎ ,90,63,212,177,212,177,‎ ,‎ ,‎ ,‎ ,‎ ,‎ ,6,4,0.18181818181818182,4 / 22,1
/2r1j//R/HOH`90/O,,"3.648,11.097,58.936",90,1,27.21,‎ ,‎ ,‎ ,‎ ,‎ ,‎ ,‎ ,‎ ,‎ ,‎ ,‎ ,‎ ,‎ ,‎ ,‎ ,90,74,104,77,98,79,‎ ,‎ ,‎ ,‎ ,‎ ,‎ ,6,4,0.18181818181818182,4 / 22,1
/2r1j//L/HOH`89/O,,"15.289,17.782,68.084",89,1,42.44,‎ ,‎ ,‎ ,‎ ,‎ ,‎ ,‎ ,‎ ,‎ ,‎ ,‎ ,‎ ,‎ ,‎ ,‎ ,89,103,111,133,111,133,‎ ,‎ ,‎ ,‎ ,‎ ,‎ ,6,4,0.18181818181818182,4 / 22,1
/2r1j//A/HOH`89/O,,"25.772,27.092,42.992",89,1,45.43,‎ ,‎ ,‎ ,‎ ,‎ ,‎ ,‎ ,‎ ,‎ ,‎ ,‎ ,‎ ,‎ ,‎ ,‎ ,89,87,211,72,211,72,‎ ,‎ ,‎ ,‎ ,‎ ,‎ ,6,4,0.18181818181818182,4 / 22,1
/2r1j//L/HOH`88/O,,"3.573,26.788,51.975",88,1,36.23,‎ ,‎ ,‎ ,205,‎ ,‎ ,‎ ,‎ ,‎ ,‎ ,‎ ,‎ ,‎ ,‎ ,‎ ,88,78,108,80,108,79,‎ ,‎ ,‎ ,137,136,‎ ,9,6,0.2727272727272727,6 / 22,3
/2r1j//L/HOH`87/O,,"1.551,34.415,62.823",87,1,35.28,‎ ,‎ ,87,88,‎ ,‎ ,‎ ,‎ ,‎ ,‎ ,‎ ,‎ ,‎ ,‎ ,‎ ,87,84,100,122,100,122,‎ ,‎ ,‎ ,‎ ,‎ ,‎ ,8,5,0.22727272727272727,5 / 22,2
/2r1j//A/HOH`86/O,,"10.135,10.806,49.444",86,1,39.36,‎ ,‎ ,‎ ,‎ ,‎ ,‎ ,‎ ,‎ ,‎ ,‎ ,‎ ,‎ ,‎ ,‎ ,‎ ,86,‎ ,207,‎ ,207,‎ ,‎ ,‎ ,‎ ,‎ ,‎ ,‎ ,3,3,0.13636363636363635,3 / 22,1
/2r1j//B/HOH`86/O,,"22.181,18.309,53.349",86,1,51.64,‎ ,‎ ,‎ ,‎ ,‎ ,‎ ,‎ ,‎ ,‎ ,‎ ,‎ ,‎ ,‎ ,‎ ,‎ ,86,‎ ,223,‎ ,223,‎ ,‎ ,‎ ,‎ ,‎ ,156,‎ ,4,4,0.18181818181818182,4 / 22,2
/2r1j//L/HOH`85/O,,"15.957,36.019,67.416",85,1,38.91,‎ ,‎ ,‎ ,‎ ,‎ ,‎ ,‎ ,‎ ,‎ ,‎ ,‎ ,‎ ,‎ ,‎ ,‎ ,85,‎ ,91,102,‎ ,‎ ,‎ ,‎ ,‎ ,‎ ,‎ ,‎ ,3,2,0.09090909090909091,2 / 22,1
/2r1j//L/HOH`84/O,,"11.452,41.431,66.498",84,1,37.37,‎ ,‎ ,‎ ,‎ ,‎ ,‎ ,‎ ,‎ ,‎ ,77,‎ ,‎ ,‎ ,‎ ,‎ ,84,‎ ,89,‎ ,89,‎ ,‎ ,‎ ,‎ ,‎ ,‎ ,‎ ,4,4,0.18181818181818182,4 / 22,2
/2r1j//A/HOH`84/O,,"26.102,21.621,47.819",84,1,42.87,22,‎ ,‎ ,‎ ,‎ ,‎ ,‎ ,‎ ,‎ ,‎ ,‎ ,‎ ,‎ ,‎ ,‎ ,84,‎ ,201,‎ ,201,‎ ,‎ ,‎ ,‎ ,‎ ,‎ ,‎ ,4,4,0.18181818181818182,4 / 22,2
/2r1j//A/HOH`83/O,,"12.893,37.231,44.914",83,1,42.53,‎ ,‎ ,‎ ,‎ ,‎ ,‎ ,‎ ,‎ ,‎ ,‎ ,‎ ,‎ ,‎ ,‎ ,‎ ,83,‎ ,199,57,199,57,‎ ,‎ ,‎ ,‎ ,‎ ,‎ ,5,3,0.13636363636363635,3 / 22,1
/2r1j//L/HOH`83/O,,"15.063,37.34,64.807",83,1,38.94,‎ ,‎ ,‎ ,‎ ,‎ ,‎ ,‎ ,‎ ,‎ ,‎ ,‎ ,‎ ,‎ ,‎ ,‎ ,83,155,84,96,84,93,‎ ,‎ ,‎ ,‎ ,‎ ,‎ ,6,4,0.18181818181818182,4 / 22,1
/2r1j//L/HOH`82/O,,"20.439,19.489,57.291",82,1,36.44,‎ ,‎ ,‎ ,‎ ,‎ ,‎ ,‎ ,‎ ,‎ ,‎ ,‎ ,‎ ,‎ ,‎ ,‎ ,82,86,80,78,80,77,‎ ,‎ ,‎ ,‎ ,‎ ,‎ ,6,4,0.18181818181818182,4 / 22,1
/2r1j//L/HOH`81/O,,"1.592,31.541,57.09",81,1,36.93,‎ ,‎ ,172,90,‎ ,‎ ,‎ ,‎ ,‎ ,‎ ,‎ ,‎ ,‎ ,‎ ,‎ ,81,75,69,82,69,81,135,144,‎ ,133,125,‎ ,12,8,0.36363636363636365,8 / 22,3
/2r1j//B/HOH`81/O,,"24.759,30.597,53.879",81,1,50.61,‎ ,‎ ,‎ ,‎ ,‎ ,‎ ,‎ ,‎ ,‎ ,‎ ,‎ ,‎ ,‎ ,‎ ,‎ ,81,‎ ,‎ ,118,‎ ,118,‎ ,‎ ,‎ ,152,‎ ,‎ ,4,4,0.18181818181818182,4 / 22,2
/2r1j//L/HOH`80/O,,"4.184,38.866,64.952",80,1,32.27,‎ ,‎ ,‎ ,‎ ,‎ ,‎ ,‎ ,‎ ,‎ ,‎ ,‎ ,‎ ,‎ ,‎ ,‎ ,80,278,79,‎ ,82,‎ ,‎ ,‎ ,‎ ,‎ ,‎ ,‎ ,4,4,0.18181818181818182,4 / 22,1
/2r1j//R/HOH`79/O,,"15.378,10.898,60.509",79,1,23.89,‎ ,‎ ,‎ ,‎ ,‎ ,‎ ,‎ ,‎ ,‎ ,‎ ,‎ ,‎ ,‎ ,‎ ,‎ ,79,94,84,75,82,77,‎ ,‎ ,‎ ,‎ ,‎ ,‎ ,6,4,0.18181818181818182,4 / 22,1
/2r1j//L/HOH`78/O,,"16.628,17.126,65.934",78,1,29.31,‎ ,‎ ,‎ ,‎ ,‎ ,‎ ,‎ ,‎ ,‎ ,‎ ,‎ ,‎ ,‎ ,‎ ,‎ ,78,77,77,104,79,98,‎ ,‎ ,‎ ,‎ ,‎ ,‎ ,6,4,0.18181818181818182,4 / 22,1
/2r1j//L/HOH`77/O,,"11.841,38.074,69.181",77,1,33.13,‎ ,‎ ,‎ ,‎ ,‎ ,‎ ,‎ ,‎ ,‎ ,‎ ,‎ ,‎ ,‎ ,‎ ,‎ ,77,‎ ,76,120,78,‎ ,‎ ,‎ ,‎ ,‎ ,‎ ,‎ ,4,3,0.13636363636363635,3 / 22,1
/2r1j//B/HOH`77/O,,"15.978,36.454,43.81",77,1,36.66,‎ ,‎ ,‎ ,‎ ,‎ ,‎ ,‎ ,‎ ,21,‎ ,‎ ,‎ ,‎ ,‎ ,‎ ,77,13,‎ ,42,187,46,‎ ,‎ ,‎ ,‎ ,‎ ,‎ ,6,5,0.22727272727272727,5 / 22,2
/2r1j//A/HOH`76/O,,"12.102,40.671,51.8",76,1,53.95,‎ ,‎ ,‎ ,‎ ,‎ ,‎ ,‎ ,‎ ,23,‎ ,‎ ,‎ ,‎ ,‎ ,‎ ,76,55,179,113,179,113,‎ ,‎ ,‎ ,‎ ,‎ ,‎ ,7,5,0.22727272727272727,5 / 22,2
/2r1j//L/HOH`76/O,,"8.812,17.175,57.132",76,1,28.24,‎ ,‎ ,‎ ,‎ ,‎ ,‎ ,‎ ,‎ ,‎ ,‎ ,‎ ,‎ ,‎ ,‎ ,‎ ,76,71,75,84,77,82,‎ ,‎ ,‎ ,‎ ,‎ ,‎ ,6,4,0.18181818181818182,4 / 22,1
/2r1j//B/HOH`75/O,,"23.322,39.623,49.512",75,1,58.38,‎ ,‎ ,‎ ,‎ ,‎ ,‎ ,‎ ,‎ ,‎ ,‎ ,48,‎ ,‎ ,‎ ,‎ ,75,‎ ,‎ ,315,‎ ,315,‎ ,‎ ,‎ ,‎ ,‎ ,‎ ,4,4,0.18181818181818182,4 / 22,2
/2r1j//L/HOH`75/O,,"4.893,22.53,53.205",75,1,30.58,‎ ,‎ ,‎ ,‎ ,‎ ,‎ ,‎ ,‎ ,‎ ,‎ ,‎ ,‎ ,‎ ,‎ ,‎ ,75,90,74,81,75,80,‎ ,‎ ,‎ ,‎ ,‎ ,‎ ,6,4,0.18181818181818182,4 / 22,1
/2r1j//B/HOH`74/O,,"8.613,15.107,51.308",74,1,40.41,‎ ,‎ ,‎ ,‎ ,‎ ,‎ ,‎ ,‎ ,‎ ,‎ ,‎ ,‎ ,‎ ,‎ ,‎ ,74,120,182,136,182,136,‎ ,‎ ,‎ ,‎ ,‎ ,‎ ,6,4,0.18181818181818182,4 / 22,1
/2r1j//A/HOH`73/O,,"13.341,38.282,47.213",73,1,41.13,‎ ,‎ ,‎ ,‎ ,‎ ,‎ ,‎ ,‎ ,‎ ,‎ ,‎ ,26,‎ ,‎ ,‎ ,73,72,163,55,163,55,‎ ,‎ ,‎ ,‎ ,‎ ,‎ ,7,5,0.22727272727272727,5 / 22,2
/2r1j//B/HOH`73/O,,"19.435,17.487,53.77",73,1,40.4,‎ ,‎ ,‎ ,‎ ,‎ ,‎ ,‎ ,‎ ,‎ ,‎ ,‎ ,‎ ,‎ ,‎ ,‎ ,73,247,177,212,177,212,‎ ,‎ ,‎ ,‎ ,‎ ,‎ ,6,4,0.18181818181818182,4 / 22,1
/2r1j//L/HOH`73/O,,"7.467,41.694,71.43",73,1,24.29,‎ ,‎ ,‎ ,‎ ,‎ ,‎ ,‎ ,‎ ,‎ ,‎ ,‎ ,‎ ,‎ ,‎ ,‎ ,73,‎ ,73,‎ ,74,‎ ,‎ ,‎ ,‎ ,‎ ,‎ ,‎ ,3,3,0.13636363636363635,3 / 22,1
/2r1j//R/HOH`72/O,,"17.287,13.015,59.542",72,1,23.82,‎ ,‎ ,‎ ,‎ ,‎ ,‎ ,‎ ,‎ ,‎ ,‎ ,‎ ,‎ ,‎ ,‎ ,‎ ,72,93,74,76,74,71,‎ ,‎ ,‎ ,‎ ,‎ ,‎ ,6,4,0.18181818181818182,4 / 22,1
/2r1j//A/HOH`71/O,,"27.472,14.108,44.4",71,1,41.14,‎ ,‎ ,‎ ,‎ ,‎ ,‎ ,‎ ,‎ ,‎ ,‎ ,‎ ,‎ ,‎ ,‎ ,‎ ,71,‎ ,159,‎ ,159,‎ ,‎ ,‎ ,‎ ,‎ ,‎ ,‎ ,3,3,0.13636363636363635,3 / 22,1
/2r1j//L/HOH`70/O,,"8.397,15.063,55.03",70,1,21.79,‎ ,‎ ,‎ ,‎ ,‎ ,‎ ,‎ ,‎ ,‎ ,‎ ,‎ ,‎ ,‎ ,‎ ,‎ ,70,74,76,74,71,74,‎ ,‎ ,‎ ,‎ ,‎ ,‎ ,6,4,0.18181818181818182,4 / 22,1
/2r1j//L/HOH`69/O,,"7.46,22.695,53.757",69,1,26.3,‎ ,380,‎ ,‎ ,‎ ,‎ ,‎ ,‎ ,‎ ,‎ ,‎ ,‎ ,‎ ,‎ ,‎ ,69,79,70,73,70,73,‎ ,‎ ,‎ ,‎ ,‎ ,‎ ,7,5,0.22727272727272727,5 / 22,2
/2r1j//A/HOH`68/O,,"16.088,22.792,43.278",68,1,41.09,‎ ,‎ ,‎ ,‎ ,‎ ,‎ ,‎ ,‎ ,‎ ,‎ ,‎ ,‎ ,‎ ,‎ ,‎ ,68,‎ ,145,‎ ,145,‎ ,‎ ,‎ ,‎ ,‎ ,‎ ,‎ ,3,3,0.13636363636363635,3 / 22,1
/2r1j//B/HOH`68/O,,"17.63,20.519,42.819",68,1,53.08,‎ ,‎ ,‎ ,‎ ,‎ ,‎ ,‎ ,‎ ,‎ ,‎ ,‎ ,‎ ,‎ ,‎ ,‎ ,68,42,168,‎ ,168,‎ ,‎ ,‎ ,‎ ,‎ ,‎ ,‎ ,4,4,0.18181818181818182,4 / 22,1
/2r1j//A/HOH`66/O,,"16.715,25.164,43.787",66,1,40.47,‎ ,‎ ,‎ ,‎ ,‎ ,‎ ,‎ ,‎ ,‎ ,‎ ,‎ ,‎ ,‎ ,‎ ,‎ ,66,71,139,21,139,‎ ,‎ ,‎ ,‎ ,‎ ,‎ ,‎ ,5,4,0.18181818181818182,4 / 22,1
/2r1j//B/HOH`66/O,,"24.271,25.541,60.333",66,1,45.93,‎ ,‎ ,‎ ,‎ ,‎ ,‎ ,‎ ,‎ ,‎ ,‎ ,‎ ,‎ ,‎ ,‎ ,‎ ,66,‎ ,157,‎ ,157,‎ ,‎ ,‎ ,‎ ,‎ ,‎ ,‎ ,3,3,0.13636363636363635,3 / 22,1
/2r1j//A/HOH`65/O,,"20.348,13.265,57.321",65,1,39.23,‎ ,‎ ,‎ ,‎ ,‎ ,‎ ,‎ ,‎ ,26,‎ ,‎ ,‎ ,‎ ,‎ ,‎ ,65,50,136,182,136,182,‎ ,‎ ,‎ ,‎ ,‎ ,‎ ,7,5,0.22727272727272727,5 / 22,2
/2r1j//A/HOH`64/O,,"24.834,18.608,49.571",64,1,44.07,‎ ,‎ ,‎ ,‎ ,‎ ,‎ ,‎ ,‎ ,‎ ,‎ ,‎ ,27,‎ ,‎ ,‎ ,64,127,134,‎ ,134,‎ ,‎ ,‎ ,‎ ,‎ ,‎ ,‎ ,5,5,0.22727272727272727,5 / 22,2
/2r1j//A/HOH`60/O,,"21.973,10.053,56.666",60,1,35.32,‎ ,‎ ,‎ ,‎ ,‎ ,‎ ,‎ ,‎ ,‎ ,‎ ,‎ ,‎ ,‎ ,‎ ,‎ ,60,170,109,‎ ,‎ ,‎ ,‎ ,‎ ,‎ ,‎ ,‎ ,‎ ,3,3,0.13636363636363635,3 / 22,1
/2r1j//B/HOH`60/O,,"22.468,32.607,51.182",60,1,40.99,‎ ,‎ ,‎ ,‎ ,‎ ,‎ ,‎ ,‎ ,‎ ,‎ ,‎ ,‎ ,‎ ,‎ ,‎ ,60,‎ ,123,18,123,18,‎ ,‎ ,‎ ,‎ ,‎ ,‎ ,5,3,0.13636363636363635,3 / 22,1
/2r1j//B/HOH`54/O,,"24.075,21.061,50.381",54,1,38.49,‎ ,‎ ,‎ ,‎ ,‎ ,‎ ,‎ ,‎ ,‎ ,‎ ,‎ ,‎ ,‎ ,‎ ,‎ ,54,‎ ,102,‎ ,102,‎ ,‎ ,‎ ,‎ ,‎ ,‎ ,‎ ,3,3,0.13636363636363635,3 / 22,1
/2r1j//B/HOH`53/O,,"8.253,16.677,46.787",53,1,38.83,‎ ,‎ ,‎ ,‎ ,‎ ,‎ ,‎ ,‎ ,‎ ,‎ ,‎ ,‎ ,‎ ,‎ ,‎ ,53,‎ ,95,‎ ,95,‎ ,‎ ,‎ ,‎ ,‎ ,‎ ,‎ ,3,3,0.13636363636363635,3 / 22,1
/2r1j//A/HOH`52/O,,"23.788,9.853,45.996",52,1,29.3,‎ ,‎ ,‎ ,‎ ,‎ ,‎ ,‎ ,‎ ,‎ ,‎ ,‎ ,‎ ,‎ ,‎ ,‎ ,52,‎ ,62,‎ ,62,‎ ,‎ ,‎ ,‎ ,‎ ,‎ ,‎ ,3,3,0.13636363636363635,3 / 22,1
/2r1j//B/HOH`52/O,,"8.071,12.778,45.289",52,1,35.7,‎ ,‎ ,‎ ,‎ ,‎ ,‎ ,‎ ,‎ ,‎ ,‎ ,‎ ,‎ ,‎ ,‎ ,‎ ,52,‎ ,94,‎ ,94,‎ ,‎ ,‎ ,‎ ,‎ ,‎ ,‎ ,3,3,0.13636363636363635,3 / 22,1
/2r1j//B/HOH`49/O,,"6.526,16.813,43.594",49,1,38.49,‎ ,‎ ,‎ ,‎ ,‎ ,‎ ,‎ ,‎ ,‎ ,‎ ,‎ ,‎ ,‎ ,‎ ,‎ ,49,‎ ,88,‎ ,88,‎ ,‎ ,‎ ,‎ ,‎ ,‎ ,‎ ,3,3,0.13636363636363635,3 / 22,1
/2r1j//B/HOH`47/O,,"11.984,18.755,44.506",47,1,36.73,‎ ,‎ ,‎ ,‎ ,‎ ,‎ ,‎ ,‎ ,‎ ,‎ ,‎ ,‎ ,‎ ,‎ ,‎ ,47,242,82,161,82,161,‎ ,‎ ,‎ ,‎ ,‎ ,‎ ,6,4,0.18181818181818182,4 / 22,1
/2r1j//A/HOH`46/O,,"23.343,11.416,43.61",46,1,31.47,‎ ,‎ ,‎ ,‎ ,‎ ,‎ ,‎ ,‎ ,‎ ,‎ ,‎ ,‎ ,‎ ,‎ ,‎ ,46,168,41,175,44,175,‎ ,‎ ,‎ ,‎ ,‎ ,‎ ,6,4,0.18181818181818182,4 / 22,1
/2r1j//A/HOH`45/O,,"18.527,15.177,51.711",45,1,21.71,‎ ,‎ ,‎ ,‎ ,‎ ,‎ ,‎ ,‎ ,‎ ,‎ ,‎ ,‎ ,‎ ,‎ ,‎ ,45,186,20,22,30,42,‎ ,‎ ,‎ ,‎ ,‎ ,‎ ,6,4,0.18181818181818182,4 / 22,1
/2r1j//A/HOH`43/O,,"13.631,11.247,46.482",43,1,25.25,‎ ,‎ ,‎ ,‎ ,‎ ,‎ ,‎ ,‎ ,‎ ,‎ ,46,‎ ,‎ ,‎ ,‎ ,43,274,27,45,27,45,‎ ,‎ ,‎ ,‎ ,‎ ,‎ ,7,5,0.22727272727272727,5 / 22,2
/2r1j//A/HOH`42/O,,"16.902,14.139,49.728",42,1,18.95,‎ ,‎ ,‎ ,‎ ,‎ ,‎ ,‎ ,‎ ,22,22,‎ ,‎ ,‎ ,‎ ,‎ ,42,130,5,5,25,25,‎ ,‎ ,‎ ,‎ ,‎ ,‎ ,8,5,0.22727272727272727,5 / 22,2
/2r1j//B/HOH`38/O,,"24.074,25.61,57.591",38,1,35.04,‎ ,‎ ,‎ ,97,‎ ,‎ ,‎ ,‎ ,‎ ,‎ ,‎ ,‎ ,‎ ,‎ ,‎ ,38,126,60,105,60,105,‎ ,‎ ,‎ ,‎ ,117,‎ ,8,6,0.2727272727272727,6 / 22,3
/2r1j//B/HOH`35/O,,"20.886,16.398,50.297",35,1,28.26,‎ ,‎ ,‎ ,‎ ,‎ ,‎ ,‎ ,‎ ,‎ ,‎ ,‎ ,‎ ,‎ ,‎ ,‎ ,35,‎ ,45,‎ ,45,27,‎ ,‎ ,‎ ,‎ ,‎ ,‎ ,4,3,0.13636363636363635,3 / 22,1
/2r1j//B/HOH`26/O,,"14.337,12.882,49.596",26,1,22.8,‎ ,‎ ,‎ ,‎ ,‎ ,‎ ,‎ ,‎ ,‎ ,‎ ,‎ ,‎ ,‎ ,‎ ,‎ ,26,34,22,20,42,30,‎ ,‎ ,‎ ,‎ ,‎ ,‎ ,6,4,0.18181818181818182,4 / 22,1
/2r1j//R/HOH`162/O,,"2.797,9.562,56.826",162,1,61.09,‎ ,‎ ,‎ ,‎ ,‎ ,‎ ,‎ ,‎ ,‎ ,‎ ,‎ ,‎ ,‎ ,‎ ,‎ ,162,‎ ,339,152,‎ ,152,‎ ,‎ ,‎ ,‎ ,‎ ,‎ ,4,3,0.13636363636363635,3 / 22,1
/2r1j//R/HOH`160/O,,"7.159,10.754,52.37",160,1,59.6,‎ ,‎ ,‎ ,‎ ,‎ ,‎ ,‎ ,‎ ,‎ ,‎ ,‎ ,‎ ,‎ ,‎ ,‎ ,160,269,335,252,‎ ,‎ ,‎ ,‎ ,‎ ,‎ ,‎ ,‎ ,4,3,0.13636363636363635,3 / 22,1
/2r1j//R/HOH`156/O,,"9.947,13.204,70.021",156,1,52.35,‎ ,‎ ,‎ ,‎ ,‎ ,‎ ,‎ ,‎ ,‎ ,‎ ,‎ ,‎ ,‎ ,‎ ,‎ ,156,79,310,‎ ,‎ ,‎ ,‎ ,‎ ,‎ ,‎ ,‎ ,‎ ,3,3,0.13636363636363635,3 / 22,1
/2r1j//L/HOH`145/O,,"3.434,20.655,49.428",145,1,54.43,‎ ,‎ ,262,‎ ,‎ ,‎ ,‎ ,‎ ,‎ ,‎ ,‎ ,‎ ,‎ ,‎ ,‎ ,145,‎ ,‎ ,‎ ,325,‎ ,‎ ,‎ ,‎ ,‎ ,‎ ,‎ ,3,3,0.13636363636363635,3 / 22,2
/2r1j//L/HOH`144/O,,"5.98,13.075,68.302",144,1,53.27,‎ ,‎ ,‎ ,‎ ,‎ ,‎ ,‎ ,‎ ,‎ ,‎ ,‎ ,‎ ,‎ ,‎ ,‎ ,144,193,311,‎ ,311,‎ ,‎ ,‎ ,‎ ,‎ ,‎ ,‎ ,4,4,0.18181818181818182,4 / 22,1
/2r1j//L/HOH`143/O,,"12.977,39.446,65.21",143,1,52.47,‎ ,‎ ,‎ ,‎ ,‎ ,‎ ,‎ ,‎ ,‎ ,‎ ,‎ ,‎ ,‎ ,‎ ,‎ ,143,‎ ,305,167,305,167,‎ ,‎ ,‎ ,‎ ,‎ ,‎ ,5,3,0.13636363636363635,3 / 22,1
/2r1j//L/HOH`142/O,,"2.886,34.442,53.648",142,1,44.87,‎ ,‎ ,‎ ,‎ ,‎ ,‎ ,‎ ,‎ ,‎ ,‎ ,‎ ,‎ ,‎ ,‎ ,‎ ,142,165,‎ ,‎ ,‎ ,‎ ,‎ ,145,‎ ,‎ ,‎ ,‎ ,3,3,0.13636363636363635,3 / 22,2
/2r1j//L/HOH`141/O,,"2.141,14.104,56.037",141,1,52.36,76,‎ ,‎ ,‎ ,‎ ,412,‎ ,‎ ,‎ ,‎ ,74,‎ ,‎ ,‎ ,‎ ,141,119,300,‎ ,‎ ,‎ ,‎ ,‎ ,‎ ,‎ ,‎ ,‎ ,6,6,0.2727272727272727,6 / 22,4
/2r1j//L/HOH`139/O,,"10.078,22.607,44.846",139,1,44.59,‎ ,‎ ,‎ ,‎ ,‎ ,‎ ,‎ ,‎ ,‎ ,‎ ,‎ ,‎ ,‎ ,‎ ,‎ ,139,280,‎ ,278,‎ ,‎ ,‎ ,‎ ,‎ ,‎ ,‎ ,‎ ,3,3,0.13636363636363635,3 / 22,1
/2r1j//L/HOH`138/O,,"7.184,20.546,49.275",138,1,39.75,‎ ,‎ ,‎ ,‎ ,‎ ,‎ ,‎ ,‎ ,‎ ,‎ ,‎ ,‎ ,‎ ,‎ ,‎ ,138,267,291,126,291,126,‎ ,‎ ,‎ ,‎ ,‎ ,‎ ,6,4,0.18181818181818182,4 / 22,1
/2r1j//L/HOH`136/O,,"10.427,34.31,70.552",136,1,51.11,‎ ,‎ ,‎ ,‎ ,‎ ,‎ ,‎ ,‎ ,‎ ,‎ ,‎ ,‎ ,‎ ,‎ ,‎ ,136,211,287,94,287,90,‎ ,‎ ,‎ ,‎ ,‎ ,‎ ,6,4,0.18181818181818182,4 / 22,1
/2r1j//R/HOH`135/O,,"20.168,12.43,62.76",135,1,51.39,‎ ,‎ ,‎ ,‎ ,‎ ,‎ ,‎ ,‎ ,‎ ,‎ ,‎ ,‎ ,‎ ,‎ ,‎ ,135,‎ ,250,‎ ,250,‎ ,‎ ,‎ ,‎ ,‎ ,‎ ,‎ ,3,3,0.13636363636363635,3 / 22,1
/2r1j//R/HOH`134/O,,"20.348,9.988,64.529",134,1,41.72,‎ ,‎ ,‎ ,‎ ,‎ ,‎ ,‎ ,‎ ,‎ ,‎ ,‎ ,‎ ,‎ ,‎ ,‎ ,134,76,249,176,‎ ,176,‎ ,‎ ,‎ ,‎ ,‎ ,‎ ,5,4,0.18181818181818182,4 / 22,1
/2r1j//L/HOH`132/O,,"0.88,25.249,70.016",132,1,58.03,‎ ,‎ ,‎ ,‎ ,‎ ,‎ ,‎ ,‎ ,‎ ,‎ ,‎ ,‎ ,‎ ,‎ ,‎ ,132,‎ ,282,‎ ,282,‎ ,‎ ,‎ ,‎ ,‎ ,‎ ,‎ ,3,3,0.13636363636363635,3 / 22,1
/2r1j//L/HOH`130/O,,"-0.709,32.436,63.603",130,1,52.76,‎ ,‎ ,‎ ,‎ ,‎ ,‎ ,‎ ,‎ ,‎ ,‎ ,‎ ,‎ ,‎ ,‎ ,‎ ,130,‎ ,274,‎ ,274,‎ ,‎ ,‎ ,‎ ,‎ ,‎ ,‎ ,3,3,0.13636363636363635,3 / 22,1
/2r1j//L/HOH`129/O,,"8.622,20.153,43.393",129,1,54.12,‎ ,‎ ,‎ ,‎ ,‎ ,‎ ,‎ ,‎ ,‎ ,‎ ,‎ ,‎ ,‎ ,‎ ,‎ ,129,‎ ,269,‎ ,‎ ,‎ ,‎ ,‎ ,‎ ,‎ ,‎ ,‎ ,2,2,0.09090909090909091,2 / 22,1
/2r1j//L/HOH`127/O,,"6.482,25.716,46.115",127,1,47.94,‎ ,‎ ,‎ ,‎ ,‎ ,‎ ,‎ ,‎ ,‎ ,‎ ,‎ ,‎ ,‎ ,‎ ,‎ ,127,163,267,85,267,85,‎ ,‎ ,‎ ,‎ ,‎ ,‎ ,6,4,0.18181818181818182,4 / 22,1
/2r1j//L/HOH`126/O,,"9.616,27.247,44.814",126,1,46.16,‎ ,‎ ,‎ ,‎ ,‎ ,‎ ,‎ ,‎ ,‎ ,‎ ,‎ ,‎ ,‎ ,‎ ,‎ ,126,239,266,210,266,210,‎ ,‎ ,‎ ,‎ ,‎ ,‎ ,6,4,0.18181818181818182,4 / 22,1
/2r1j//L/HOH`124/O,,"18.444,37.833,58.065",124,1,53.96,‎ ,‎ ,‎ ,‎ ,‎ ,‎ ,‎ ,‎ ,‎ ,‎ ,‎ ,‎ ,‎ ,‎ ,‎ ,124,154,254,76,254,76,‎ ,‎ ,‎ ,‎ ,‎ ,‎ ,6,4,0.18181818181818182,4 / 22,1
/2r1j//L/HOH`123/O,,"23.586,27.618,62.142",123,1,66.2,‎ ,‎ ,‎ ,‎ ,‎ ,‎ ,‎ ,‎ ,‎ ,‎ ,‎ ,‎ ,‎ ,‎ ,‎ ,123,‎ ,253,‎ ,253,‎ ,‎ ,‎ ,‎ ,‎ ,‎ ,‎ ,3,3,0.13636363636363635,3 / 22,1
/2r1j//L/HOH`122/O,,"20.319,16.37,58.951",122,1,48.3,‎ ,‎ ,‎ ,‎ ,‎ ,‎ ,‎ ,‎ ,‎ ,‎ ,‎ ,‎ ,‎ ,‎ ,‎ ,122,262,252,335,252,‎ ,‎ ,‎ ,‎ ,‎ ,‎ ,‎ ,5,4,0.18181818181818182,4 / 22,1
/2r1j//L/HOH`121/O,,"21.96,20.222,61.677",121,1,57.36,‎ ,‎ ,177,80,‎ ,‎ ,‎ ,‎ ,‎ ,‎ ,‎ ,‎ ,‎ ,‎ ,‎ ,121,‎ ,251,258,251,‎ ,‎ ,‎ ,‎ ,‎ ,‎ ,‎ ,6,4,0.18181818181818182,4 / 22,2
/2r1j//L/HOH`120/O,,"15.605,25.327,69.759",120,1,49.26,‎ ,‎ ,‎ ,‎ ,‎ ,‎ ,‎ ,‎ ,‎ ,‎ ,‎ ,‎ ,‎ ,‎ ,‎ ,120,102,‎ ,262,‎ ,‎ ,‎ ,163,‎ ,‎ ,‎ ,‎ ,4,4,0.18181818181818182,4 / 22,2
/2r1j//L/HOH`119/O,,"-2.101,31.862,67.077",119,1,57.96,‎ ,‎ ,‎ ,‎ ,‎ ,‎ ,‎ ,‎ ,‎ ,‎ ,‎ ,‎ ,‎ ,‎ ,‎ ,119,‎ ,‎ ,‎ ,247,‎ ,‎ ,‎ ,‎ ,‎ ,‎ ,‎ ,2,2,0.09090909090909091,2 / 22,1
/2r1j//L/HOH`118/O,,"7.151,38.469,60.77",118,1,59.66,‎ ,‎ ,‎ ,‎ ,‎ ,‎ ,‎ ,‎ ,‎ ,‎ ,‎ ,‎ ,‎ ,‎ ,‎ ,118,‎ ,246,‎ ,246,‎ ,‎ ,‎ ,‎ ,‎ ,‎ ,‎ ,3,3,0.13636363636363635,3 / 22,1
/2r1j//L/HOH`117/O,,"2.783,35.645,56.359",117,1,47.93,‎ ,‎ ,‎ ,‎ ,‎ ,‎ ,‎ ,‎ ,‎ ,‎ ,‎ ,‎ ,‎ ,‎ ,‎ ,117,228,241,92,241,92,‎ ,‎ ,‎ ,‎ ,‎ ,‎ ,6,4,0.18181818181818182,4 / 22,1
/2r1j//L/HOH`115/O,,"20.512,36.765,56.694",115,1,58.35,‎ ,‎ ,‎ ,‎ ,‎ ,‎ ,‎ ,‎ ,‎ ,‎ ,‎ ,‎ ,‎ ,‎ ,‎ ,115,201,239,200,239,200,‎ ,‎ ,‎ ,‎ ,‎ ,‎ ,6,4,0.18181818181818182,4 / 22,1
/2r1j//L/HOH`114/O,,"12.548,21.854,44.855",114,1,59.06,‎ ,‎ ,‎ ,‎ ,‎ ,‎ ,‎ ,‎ ,‎ ,‎ ,‎ ,‎ ,‎ ,‎ ,‎ ,114,‎ ,‎ ,‎ ,238,‎ ,‎ ,‎ ,‎ ,‎ ,‎ ,‎ ,2,2,0.09090909090909091,2 / 22,1
/2r1j//L/HOH`113/O,,"13.034,25.114,42.783",113,1,52.78,‎ ,‎ ,‎ ,‎ ,‎ ,‎ ,‎ ,‎ ,‎ ,‎ ,‎ ,‎ ,‎ ,‎ ,‎ ,113,‎ ,237,‎ ,237,‎ ,‎ ,‎ ,‎ ,‎ ,‎ ,‎ ,3,3,0.13636363636363635,3 / 22,1
/2r1j//L/HOH`112/O,,"12.211,31.841,70.446",112,1,46.31,‎ ,‎ ,‎ ,‎ ,‎ ,‎ ,‎ ,‎ ,‎ ,‎ ,‎ ,‎ ,‎ ,‎ ,‎ ,112,105,‎ ,‎ ,‎ ,‎ ,‎ ,‎ ,‎ ,‎ ,‎ ,‎ ,2,2,0.09090909090909091,2 / 22,1
/2r1j//A/HOH`111/O,,"21.54,15.627,55.377",111,1,49.22,‎ ,‎ ,‎ ,‎ ,‎ ,‎ ,‎ ,‎ ,‎ ,‎ ,‎ ,‎ ,‎ ,‎ ,‎ ,111,107,‎ ,‎ ,‎ ,‎ ,‎ ,‎ ,‎ ,‎ ,‎ ,‎ ,2,2,0.09090909090909091,2 / 22,1
/2r1j//L/HOH`111/O,,"9.06,37.511,62.35",111,1,41.21,‎ ,‎ ,‎ ,‎ ,‎ ,‎ ,‎ ,‎ ,77,‎ ,‎ ,‎ ,‎ ,‎ ,‎ ,111,153,213,79,213,78,‎ ,‎ ,‎ ,155,131,‎ ,9,6,0.2727272727272727,6 / 22,3
/2r1j//L/HOH`110/O,,"21.956,34.052,57.07",110,1,44.16,‎ ,‎ ,‎ ,‎ ,‎ ,‎ ,‎ ,‎ ,‎ ,‎ ,‎ ,‎ ,‎ ,‎ ,‎ ,110,‎ ,197,97,197,97,133,133,‎ ,154,140,‎ ,9,6,0.2727272727272727,6 / 22,2
/2r1j//L/HOH`109/O,,"21.435,31.746,57.737",109,1,37.14,‎ ,‎ ,‎ ,‎ ,‎ ,‎ ,‎ ,‎ ,‎ ,‎ ,‎ ,‎ ,‎ ,‎ ,‎ ,109,‎ ,195,75,195,75,‎ ,‎ ,‎ ,‎ ,‎ ,‎ ,5,3,0.13636363636363635,3 / 22,1
/2r1j//A/HOH`109/O,,"7.163,33.598,47.106",109,1,54.21,‎ ,‎ ,‎ ,‎ ,‎ ,‎ ,‎ ,‎ ,‎ ,‎ ,‎ ,‎ ,‎ ,‎ ,‎ ,109,‎ ,‎ ,‎ ,‎ ,‎ ,‎ ,168,‎ ,‎ ,‎ ,‎ ,2,2,0.09090909090909091,2 / 22,2
/2r1j//R/HOH`108/O,,"2.268,10.162,61.189",108,1,41.59,‎ ,‎ ,‎ ,‎ ,‎ ,‎ ,‎ ,‎ ,‎ ,‎ ,‎ ,‎ ,‎ ,‎ ,‎ ,108,90,133,111,133,111,‎ ,‎ ,‎ ,‎ ,‎ ,‎ ,6,4,0.18181818181818182,4 / 22,1
/2r1j//L/HOH`107/O,,"22.152,28.777,60.449",107,1,37.01,‎ ,‎ ,‎ ,‎ ,‎ ,‎ ,‎ ,‎ ,‎ ,‎ ,‎ ,‎ ,‎ ,‎ ,‎ ,107,200,178,103,178,103,‎ ,121,‎ ,140,146,‎ ,9,6,0.2727272727272727,6 / 22,2
/2r1j//L/HOH`106/O,,"2.741,17.951,55.217",106,1,49.32,‎ ,‎ ,‎ ,‎ ,‎ ,‎ ,‎ ,‎ ,‎ ,‎ ,‎ ,‎ ,‎ ,‎ ,‎ ,106,70,176,249,176,‎ ,‎ ,‎ ,‎ ,‎ ,‎ ,‎ ,5,4,0.18181818181818182,4 / 22,1
/2r1j//A/HOH`106/O,,"21.402,37.046,51.988",106,1,52.44,‎ ,‎ ,‎ ,‎ ,‎ ,‎ ,‎ ,‎ ,‎ ,‎ ,‎ ,‎ ,‎ ,‎ ,‎ ,106,‎ ,307,170,307,170,‎ ,‎ ,‎ ,‎ ,‎ ,‎ ,5,3,0.13636363636363635,3 / 22,1
/2r1j//L/HOH`105/O,,"2.099,31.687,54.432",105,1,46.89,‎ ,‎ ,‎ ,‎ ,‎ ,‎ ,‎ ,‎ ,‎ ,‎ ,‎ ,‎ ,‎ ,‎ ,‎ ,105,93,174,138,174,138,‎ ,‎ ,‎ ,‎ ,‎ ,‎ ,6,4,0.18181818181818182,4 / 22,1
/2r1j//L/HOH`104/O,,"22.609,32.035,53.559",104,1,43.77,‎ ,‎ ,‎ ,‎ ,‎ ,‎ ,‎ ,‎ ,‎ ,‎ ,‎ ,‎ ,‎ ,‎ ,‎ ,104,‎ ,162,95,162,91,‎ ,‎ ,‎ ,‎ ,‎ ,‎ ,5,3,0.13636363636363635,3 / 22,1
/2r1j//L/HOH`103/O,,"1.702,21.396,69.108",103,1,38.41,‎ ,‎ ,‎ ,‎ ,‎ ,‎ ,‎ ,‎ ,‎ ,‎ ,‎ ,‎ ,‎ ,‎ ,‎ ,103,83,160,135,160,135,‎ ,‎ ,‎ ,‎ ,‎ ,‎ ,6,4,0.18181818181818182,4 / 22,1
/2r1j//A/HOH`103/O,,"22.51,13.454,56.225",103,1,52.83,‎ ,‎ ,‎ ,‎ ,‎ ,‎ ,‎ ,‎ ,‎ ,‎ ,‎ ,‎ ,‎ ,‎ ,‎ ,103,‎ ,295,292,295,292,‎ ,‎ ,‎ ,‎ ,‎ ,‎ ,5,3,0.13636363636363635,3 / 22,1
/2r1j//L/HOH`102/O,,"22.997,26.578,64.333",102,1,45.85,‎ ,‎ ,‎ ,105,‎ ,‎ ,‎ ,‎ ,‎ ,‎ ,‎ ,‎ ,‎ ,‎ ,‎ ,102,82,154,180,154,180,‎ ,‎ ,‎ ,‎ ,‎ ,‎ ,7,5,0.22727272727272727,5 / 22,2
/2r1j//A/HOH`102/O,,"27.21,10.175,48.495",102,1,51.27,‎ ,‎ ,‎ ,‎ ,‎ ,‎ ,‎ ,‎ ,‎ ,‎ ,‎ ,‎ ,‎ ,‎ ,‎ ,102,‎ ,286,‎ ,‎ ,‎ ,‎ ,‎ ,‎ ,‎ ,‎ ,‎ ,2,2,0.09090909090909091,2 / 22,1
/2r1j//L/HOH`101/O,,"4.559,30.568,53.716",101,1,45.03,‎ ,‎ ,‎ ,‎ ,‎ ,‎ ,‎ ,‎ ,‎ ,‎ ,‎ ,‎ ,‎ ,‎ ,‎ ,101,89,153,70,153,70,‎ ,‎ ,‎ ,‎ ,‎ ,‎ ,6,4,0.18181818181818182,4 / 22,1
/2r1j//L/HOH`100/O,,"19.307,18.697,65.243",100,1,39.71,‎ ,‎ ,‎ ,‎ ,‎ ,‎ ,‎ ,‎ ,‎ ,‎ ,‎ ,‎ ,‎ ,‎ ,‎ ,100,‎ ,152,339,152,‎ ,‎ ,‎ ,‎ ,‎ ,‎ ,‎ ,4,3,0.13636363636363635,3 / 22,1
