selector,interface,coords,main_protein_location,occupancy,tempFactor,1ais_A,1ais_B,1d3u,1nh2_A,1nh2_C,1rm1,1ytb,1cdw_A,1nvp_A,1nvp_D,4roc,4roe_B,1qn3_B,1qn4_B,1qn5_A,1qn5_B,1qn6_B,1qn7_A,1qn8_B,1qn9_A,1qn9_B,1qna_B,1qnb_A,1qnc_A,1qne_B,1vto_A,1vto_B,6ueo_A,6ueo_D,6ueo_J,6uep_A,6uep_B,6ueq_B,sum_with_chain,sum,cons,cons_exp,sum_prot_ac
Protein_AC, , , , , ,0,0,0,1,1,1,1,2,2,2,2,2,3,3,3,3,3,3,3,3,3,3,3,3,3,3,3,3,3,3,3,3,3, , , , , 
Protein_AC, , , , , ,🦄,🦄,🦄,🐝,🐝,🐝,🐝 ↑↑↑ ,🦊,🦊,🦊,🦊,🦊,💚,💚,💚,💚,💚,💚,💚,💚,💚,💚,💚,💚,💚,💚,💚,💚,💚,💚,💚,💚,💚, , , , , 
Protein_AC, , , , , ,P62001,P62001,P62001,P13393,P13393,P13393,P13393,P20226,P20226,P20226,P20226,P20226,P28147,P28147,P28147,P28147,P28147,P28147,P28147,P28147,P28147,P28147,P28147,P28147,P28147,P28147,P28147,P28147,P28147,P28147,P28147,P28147,P28147, , , , , 
/1ytb//C/HOH`541/O,///C/HOH`541/,"28.822,29.074,62.293",541,1,40.75,‎ ,‎ ,‎ ,24,‎ ,‎ ,541,1083,23,‎ ,‎ ,‎ ,2073,2024,2070,‎ ,2065,‎ ,‎ ,‎ ,‎ ,2029,‎ ,2014,2028,741,793,333,‎ ,314,‎ ,306,‎ ,16,14,0.5833333333333334,14 / 24,3
/1ytb//C/HOH`538/O,///C/HOH`538/,"16.465,22.651,35.93",538,1,61.24,‎ ,‎ ,‎ ,‎ ,‎ ,‎ ,538,‎ ,‎ ,‎ ,‎ ,213,‎ ,‎ ,2030,2033,2023,2015,2023,‎ ,2024,2031,2041,‎ ,2031,757,691,314,307,305,‎ ,402,‎ ,17,13,0.5416666666666666,13 / 24,3
/1ytb//C/HOH`432/O,///C/HOH`432/,"17.431,25.807,36.732",432,1,52.23,‎ ,‎ ,‎ ,116,‎ ,‎ ,432,1265,29,‎ ,‎ ,226,‎ ,2018,‎ ,‎ ,2061,‎ ,‎ ,‎ ,‎ ,2030,2040,2019,2081,584,766,‎ ,‎ ,‎ ,‎ ,‎ ,‎ ,13,12,0.5,12 / 24,3
/1ytb//C/HOH`398/O,///C/HOH`398/,"14.455,44.994,64.143",398,1,33.26,‎ ,‎ ,‎ ,30,‎ ,‎ ,398,1040,‎ ,‎ ,‎ ,‎ ,2125,‎ ,‎ ,‎ ,‎ ,‎ ,‎ ,‎ ,‎ ,‎ ,‎ ,‎ ,‎ ,‎ ,‎ ,322,‎ ,320,‎ ,‎ ,‎ ,6,5,0.20833333333333334,5 / 24,3
/1ytb//C/HOH`366/O,///C/HOH`366/,"28.592,39.492,67.937",366,1,35.52,‎ ,‎ ,‎ ,55,‎ ,‎ ,366,1140,44,‎ ,‎ ,213,2037,2033,2035,‎ ,2124,2015,‎ ,2019,‎ ,2035,2095,2019,2037,802,730,309,313,307,406,326,‎ ,22,18,0.75,18 / 24,3
/1ytb//C/HOH`337/O,///C/HOH`337/,"15.718,21.504,58.21",337,1,36.48,‎ ,‎ ,‎ ,19,‎ ,‎ ,337,‎ ,22,‎ ,‎ ,207,‎ ,‎ ,‎ ,2019,‎ ,‎ ,‎ ,‎ ,2042,2021,2026,‎ ,2017,‎ ,528,‎ ,‎ ,‎ ,‎ ,‎ ,406,11,11,0.4583333333333333,11 / 24,3
/1ytb//C/HOH`332/O,///C/HOH`332/,"20.798,25.462,37.704",332,1,45.98,‎ ,‎ ,‎ ,46,‎ ,‎ ,332,‎ ,‎ ,‎ ,‎ ,‎ ,‎ ,‎ ,‎ ,‎ ,‎ ,‎ ,‎ ,‎ ,‎ ,‎ ,‎ ,‎ ,‎ ,‎ ,‎ ,‎ ,‎ ,‎ ,‎ ,‎ ,446,3,3,0.125,3 / 24,2
/1ytb//A/HOH`509/O,///A/HOH`509/,"28.877,42.774,69.258",509,1,39.75,‎ ,‎ ,‎ ,35,‎ ,‎ ,509,1112,43,‎ ,‎ ,‎ ,2034,2031,2039,‎ ,2028,2016,‎ ,‎ ,‎ ,‎ ,‎ ,2020,‎ ,931,‎ ,303,304,‎ ,‎ ,316,‎ ,14,13,0.5416666666666666,13 / 24,3
/1ytb//A/HOH`474/O,///A/HOH`474/,"22.852,41.41,41.945",474,1,57.43,‎ ,‎ ,‎ ,‎ ,‎ ,‎ ,474,‎ ,‎ ,‎ ,‎ ,‎ ,‎ ,‎ ,‎ ,‎ ,‎ ,‎ ,‎ ,‎ ,‎ ,‎ ,‎ ,‎ ,2019,‎ ,789,‎ ,‎ ,‎ ,‎ ,‎ ,‎ ,3,3,0.125,3 / 24,2
/1ytb//A/HOH`414/O,///A/HOH`414/,"24.999,40.902,44.488",414,1,38.36,‎ ,‎ ,‎ ,‎ ,‎ ,‎ ,414,1257,‎ ,‎ ,‎ ,‎ ,‎ ,‎ ,‎ ,‎ ,‎ ,‎ ,‎ ,‎ ,‎ ,‎ ,‎ ,‎ ,‎ ,786,435,‎ ,‎ ,‎ ,‎ ,‎ ,‎ ,4,3,0.125,3 / 24,3
/1ytb//A/HOH`391/O,///A/HOH`391/,"11.325,19.849,37.885",391,1,41.67,‎ ,‎ ,‎ ,‎ ,‎ ,‎ ,391,‎ ,28,‎ ,‎ ,‎ ,‎ ,‎ ,‎ ,‎ ,‎ ,‎ ,‎ ,‎ ,‎ ,‎ ,‎ ,‎ ,‎ ,‎ ,‎ ,‎ ,‎ ,‎ ,‎ ,‎ ,‎ ,2,2,0.08333333333333333,2 / 24,2
/1ytb//A/HOH`363/O,///A/HOH`363/,"25.228,47.473,67.839",363,1,31.39,‎ ,‎ ,‎ ,23,‎ ,‎ ,363,1115,372,‎ ,‎ ,‎ ,2141,2138,2040,‎ ,2123,2070,‎ ,2024,‎ ,2036,2024,‎ ,2155,764,491,373,‎ ,359,‎ ,‎ ,407,18,16,0.6666666666666666,16 / 24,3
/1ytb//A/HOH`359/O,///A/HOH`359/,"23.126,48.324,65.249",359,1,22.89,‎ ,‎ ,‎ ,275,‎ ,‎ ,359,1069,387,‎ ,‎ ,405,2139,2123,2122,‎ ,2121,2063,‎ ,2085,‎ ,2136,2083,2057,2154,452,454,318,342,323,314,420,424,23,19,0.7916666666666666,19 / 24,3
/1ytb//A/HOH`358/O,///A/HOH`358/,"32.008,39.124,62.963",358,1,46.4,‎ ,‎ ,‎ ,304,‎ ,‎ ,358,1082,382,‎ ,‎ ,432,2102,2097,‎ ,‎ ,‎ ,2050,2065,2062,2082,‎ ,2063,‎ ,2110,635,478,‎ ,‎ ,‎ ,‎ ,‎ ,‎ ,15,13,0.5416666666666666,13 / 24,3
/1ytb//A/HOH`334/O,///A/HOH`334/,"12.15,19.254,40.704",334,1,36.82,‎ ,‎ ,‎ ,‎ ,‎ ,‎ ,334,1129,369,‎ ,‎ ,416,2067,‎ ,‎ ,‎ ,‎ ,2034,2045,‎ ,2062,‎ ,‎ ,‎ ,‎ ,‎ ,626,‎ ,‎ ,‎ ,‎ ,476,‎ ,10,10,0.4166666666666667,10 / 24,3
/1ytb//A/HOH`324/O,///A/HOH`324/,"23.095,34.987,40.787",324,1,37.95,1585,‎ ,‎ ,294,‎ ,‎ ,324,1101,22,‎ ,‎ ,‎ ,‎ ,‎ ,‎ ,‎ ,‎ ,‎ ,‎ ,‎ ,‎ ,‎ ,‎ ,‎ ,‎ ,‎ ,‎ ,‎ ,‎ ,‎ ,‎ ,‎ ,‎ ,5,5,0.20833333333333334,5 / 24,3
/1ytb//A/HOH`317/O,///A/HOH`317/,"24.615,22.885,58.058",317,1,28.28,‎ ,‎ ,‎ ,242,‎ ,‎ ,317,‎ ,344,‎ ,‎ ,410,2061,2067,2062,2069,2056,2030,2041,2037,2056,2065,2036,2023,2073,444,570,338,331,328,322,434,426,25,19,0.7916666666666666,19 / 24,3
/1ytb//A/HOH`306/O,///A/HOH`306/,"20.912,23.781,40.932",306,1,26.42,‎ ,‎ ,‎ ,258,‎ ,‎ ,306,‎ ,‎ ,‎ ,‎ ,468,‎ ,‎ ,‎ ,‎ ,‎ ,‎ ,‎ ,‎ ,‎ ,‎ ,‎ ,‎ ,‎ ,‎ ,‎ ,‎ ,‎ ,‎ ,‎ ,‎ ,‎ ,3,3,0.125,3 / 24,2
/1ytb//A/HOH`777/O,,"18.042,58.074,56.417",777,1,74.0,‎ ,‎ ,‎ ,‎ ,‎ ,‎ ,777,1125,‎ ,‎ ,‎ ,‎ ,‎ ,‎ ,‎ ,‎ ,‎ ,‎ ,‎ ,‎ ,‎ ,‎ ,‎ ,‎ ,‎ ,‎ ,‎ ,‎ ,‎ ,‎ ,‎ ,‎ ,‎ ,2,2,0.08333333333333333,2 / 24,2
/1ytb//C/HOH`773/O,,"17.413,32.138,39.082",773,1,60.11,‎ ,‎ ,‎ ,‎ ,‎ ,‎ ,773,1155,‎ ,‎ ,‎ ,‎ ,‎ ,‎ ,‎ ,‎ ,‎ ,‎ ,‎ ,‎ ,‎ ,‎ ,‎ ,‎ ,‎ ,‎ ,‎ ,‎ ,‎ ,‎ ,‎ ,‎ ,‎ ,2,2,0.08333333333333333,2 / 24,2
/1ytb//B/HOH`770/O,,"33.67,25.638,36.557",770,1,64.5,‎ ,‎ ,‎ ,‎ ,319,‎ ,770,‎ ,‎ ,‎ ,‎ ,‎ ,‎ ,‎ ,‎ ,‎ ,‎ ,‎ ,‎ ,‎ ,‎ ,‎ ,‎ ,‎ ,‎ ,‎ ,‎ ,‎ ,‎ ,‎ ,‎ ,‎ ,‎ ,2,2,0.08333333333333333,2 / 24,1
/1ytb//A/HOH`765/O,,"31.508,51.854,44.713",765,1,44.51,‎ ,‎ ,‎ ,363,‎ ,‎ ,765,1159,‎ ,‎ ,‎ ,‎ ,‎ ,‎ ,‎ ,‎ ,‎ ,‎ ,‎ ,‎ ,‎ ,2131,2088,‎ ,2147,505,456,‎ ,‎ ,356,‎ ,443,‎ ,10,9,0.375,9 / 24,3
/1ytb//A/HOH`741/O,,"32.588,18.773,36.824",741,1,58.84,‎ ,‎ ,‎ ,‎ ,‎ ,‎ ,741,‎ ,‎ ,‎ ,‎ ,‎ ,‎ ,‎ ,‎ ,‎ ,‎ ,‎ ,‎ ,‎ ,‎ ,‎ ,‎ ,‎ ,‎ ,661,‎ ,‎ ,‎ ,‎ ,‎ ,‎ ,‎ ,2,2,0.08333333333333333,2 / 24,2
/1ytb//A/HOH`720/O,,"31.308,32.153,41.595",720,1,29.28,‎ ,‎ ,‎ ,326,‎ ,‎ ,720,1026,354,‎ ,‎ ,‎ ,2097,2093,2138,2102,2081,‎ ,2063,‎ ,2078,2100,2061,2041,2107,599,511,‎ ,339,‎ ,‎ ,456,‎ ,19,17,0.7083333333333334,17 / 24,3
/1ytb//A/HOH`694/O,,"28.194,30.608,35.28",694,1,59.82,‎ ,‎ ,‎ ,‎ ,‎ ,‎ ,694,‎ ,415,‎ ,‎ ,‎ ,‎ ,‎ ,‎ ,‎ ,‎ ,‎ ,‎ ,‎ ,‎ ,‎ ,‎ ,‎ ,2106,‎ ,839,‎ ,‎ ,‎ ,‎ ,‎ ,‎ ,4,4,0.16666666666666666,4 / 24,3
/1ytb//B/HOH`693/O,,"24.55,12.874,33.105",693,1,38.74,‎ ,‎ ,‎ ,‎ ,127,‎ ,693,‎ ,‎ ,‎ ,‎ ,‎ ,‎ ,‎ ,‎ ,‎ ,‎ ,‎ ,‎ ,‎ ,‎ ,‎ ,‎ ,‎ ,‎ ,‎ ,‎ ,‎ ,‎ ,‎ ,‎ ,‎ ,‎ ,2,2,0.08333333333333333,2 / 24,1
/1ytb//A/HOH`681/O,,"28.762,34.984,37.988",681,1,50.92,‎ ,‎ ,‎ ,‎ ,‎ ,‎ ,681,‎ ,420,‎ ,‎ ,‎ ,‎ ,‎ ,‎ ,‎ ,‎ ,‎ ,‎ ,‎ ,‎ ,‎ ,‎ ,‎ ,‎ ,‎ ,‎ ,‎ ,‎ ,‎ ,‎ ,‎ ,‎ ,2,2,0.08333333333333333,2 / 24,2
/1ytb//A/HOH`672/O,,"26.915,19.681,64.386",672,1,61.86,‎ ,‎ ,‎ ,‎ ,‎ ,‎ ,672,‎ ,‎ ,‎ ,‎ ,‎ ,‎ ,‎ ,‎ ,‎ ,‎ ,‎ ,‎ ,‎ ,‎ ,‎ ,‎ ,‎ ,‎ ,‎ ,863,‎ ,‎ ,‎ ,‎ ,‎ ,‎ ,2,2,0.08333333333333333,2 / 24,2
/1ytb//A/HOH`560/O,,"9.155,10.831,45.407",560,1,80.08,‎ ,‎ ,‎ ,‎ ,‎ ,‎ ,560,‎ ,414,‎ ,‎ ,‎ ,‎ ,‎ ,‎ ,‎ ,‎ ,‎ ,‎ ,‎ ,‎ ,‎ ,‎ ,‎ ,‎ ,‎ ,‎ ,‎ ,‎ ,‎ ,‎ ,‎ ,‎ ,2,2,0.08333333333333333,2 / 24,2
/1ytb//A/HOH`559/O,,"10.688,19.595,55.168",559,1,47.04,‎ ,‎ ,‎ ,323,‎ ,‎ ,559,‎ ,38,‎ ,‎ ,‎ ,‎ ,‎ ,‎ ,‎ ,‎ ,‎ ,‎ ,‎ ,‎ ,‎ ,‎ ,‎ ,‎ ,‎ ,‎ ,‎ ,‎ ,‎ ,‎ ,‎ ,‎ ,3,3,0.125,3 / 24,2
/1ytb//A/HOH`557/O,,"12.565,53.977,61.607",557,1,40.64,‎ ,‎ ,‎ ,‎ ,‎ ,‎ ,557,‎ ,‎ ,‎ ,‎ ,407,‎ ,‎ ,‎ ,‎ ,‎ ,‎ ,‎ ,‎ ,‎ ,‎ ,‎ ,‎ ,‎ ,‎ ,459,‎ ,‎ ,‎ ,‎ ,‎ ,‎ ,3,3,0.125,3 / 24,3
/1ytb//A/HOH`554/O,,"38.54,27.62,49.915",554,1,46.78,‎ ,‎ ,‎ ,246,‎ ,‎ ,554,‎ ,442,‎ ,‎ ,‎ ,2079,2080,2073,2082,2071,2039,2050,2048,‎ ,2085,2045,2032,2088,453,463,‎ ,‎ ,360,‎ ,449,‎ ,19,17,0.7083333333333334,17 / 24,3
/1ytb//A/HOH`552/O,,"18.634,5.353,35.986",552,1,60.09,‎ ,‎ ,‎ ,‎ ,‎ ,‎ ,552,1220,‎ ,‎ ,‎ ,‎ ,‎ ,‎ ,‎ ,‎ ,‎ ,‎ ,‎ ,‎ ,‎ ,‎ ,‎ ,‎ ,‎ ,‎ ,‎ ,‎ ,‎ ,‎ ,‎ ,‎ ,‎ ,2,2,0.08333333333333333,2 / 24,2
/1ytb//A/HOH`548/O,,"41.318,40.133,60.711",548,1,76.41,‎ ,‎ ,‎ ,379,‎ ,‎ ,548,1174,378,‎ ,‎ ,‎ ,2008,2010,2003,2010,2010,2004,2006,2004,2011,2010,2003,2003,‎ ,719,684,366,‎ ,339,‎ ,‎ ,‎ ,20,16,0.6666666666666666,16 / 24,3
/1ytb//A/HOH`547/O,,"26.823,63.33,57.779",547,1,60.0,‎ ,‎ ,‎ ,388,‎ ,‎ ,547,‎ ,‎ ,‎ ,‎ ,‎ ,2111,‎ ,2104,‎ ,2097,2056,‎ ,2073,‎ ,‎ ,2071,2048,2120,767,798,‎ ,‎ ,‎ ,‎ ,467,‎ ,13,12,0.5,12 / 24,2
/1ytb//A/HOH`546/O,,"30.451,46.271,39.857",546,1,54.5,‎ ,‎ ,‎ ,‎ ,‎ ,‎ ,546,‎ ,‎ ,‎ ,‎ ,‎ ,‎ ,‎ ,2125,‎ ,‎ ,‎ ,‎ ,2089,‎ ,‎ ,‎ ,‎ ,‎ ,548,‎ ,‎ ,‎ ,‎ ,‎ ,‎ ,‎ ,4,4,0.16666666666666666,4 / 24,2
/1ytb//A/HOH`545/O,,"41.21,50.362,53.473",545,1,48.11,‎ ,‎ ,‎ ,341,‎ ,‎ ,545,1113,426,‎ ,‎ ,439,2158,2151,‎ ,2166,2134,‎ ,2103,‎ ,2121,2152,‎ ,‎ ,2170,‎ ,437,340,‎ ,‎ ,‎ ,408,410,17,17,0.7083333333333334,17 / 24,3
/1ytb//A/HOH`543/O,,"38.819,42.54,64.402",543,1,81.83,‎ ,‎ ,‎ ,381,413,‎ ,543,‎ ,451,‎ ,‎ ,‎ ,2106,2099,‎ ,2110,2087,‎ ,‎ ,‎ ,‎ ,‎ ,‎ ,‎ ,‎ ,‎ ,926,329,‎ ,309,‎ ,421,‎ ,12,10,0.4166666666666667,10 / 24,3
/1ytb//A/HOH`542/O,,"35.717,40.34,67.374",542,1,79.17,‎ ,‎ ,‎ ,416,‎ ,‎ ,542,1143,‎ ,‎ ,‎ ,‎ ,‎ ,2100,2097,‎ ,‎ ,‎ ,‎ ,2064,‎ ,‎ ,2066,‎ ,‎ ,750,‎ ,‎ ,‎ ,‎ ,‎ ,‎ ,‎ ,8,8,0.3333333333333333,8 / 24,3
/1ytb//C/HOH`535/O,,"13.545,26.923,37.831",535,1,56.62,‎ ,‎ ,‎ ,‎ ,‎ ,‎ ,535,1278,‎ ,‎ ,‎ ,217,‎ ,‎ ,‎ ,‎ ,‎ ,‎ ,‎ ,‎ ,‎ ,‎ ,‎ ,‎ ,‎ ,‎ ,643,‎ ,304,‎ ,‎ ,‎ ,‎ ,5,5,0.20833333333333334,5 / 24,3
/1ytb//C/HOH`534/O,,"10.988,37.014,48.214",534,1,50.84,‎ ,‎ ,‎ ,‎ ,‎ ,‎ ,534,‎ ,‎ ,‎ ,‎ ,‎ ,‎ ,‎ ,‎ ,‎ ,‎ ,‎ ,‎ ,‎ ,‎ ,‎ ,‎ ,‎ ,‎ ,‎ ,‎ ,‎ ,‎ ,‎ ,‎ ,323,‎ ,2,2,0.08333333333333333,2 / 24,2
/1ytb//C/HOH`533/O,,"8.118,41.149,56.137",533,1,48.95,‎ ,‎ ,‎ ,339,‎ ,‎ ,533,‎ ,‎ ,‎ ,‎ ,‎ ,‎ ,‎ ,‎ ,‎ ,‎ ,‎ ,‎ ,‎ ,‎ ,‎ ,‎ ,‎ ,‎ ,‎ ,‎ ,‎ ,‎ ,‎ ,‎ ,‎ ,‎ ,2,2,0.08333333333333333,2 / 24,1
/1ytb//C/HOH`531/O,,"24.883,29.662,64.204",531,1,55.0,‎ ,‎ ,‎ ,‎ ,‎ ,‎ ,531,‎ ,‎ ,‎ ,‎ ,‎ ,‎ ,‎ ,‎ ,‎ ,‎ ,‎ ,‎ ,‎ ,‎ ,2031,2018,2015,‎ ,‎ ,‎ ,310,‎ ,‎ ,‎ ,‎ ,‎ ,5,5,0.20833333333333334,5 / 24,2
/1ytb//C/HOH`530/O,,"14.252,34.02,49.781",530,1,34.51,‎ ,‎ ,‎ ,‎ ,‎ ,‎ ,530,‎ ,‎ ,‎ ,‎ ,‎ ,‎ ,‎ ,‎ ,‎ ,2012,‎ ,‎ ,‎ ,‎ ,2017,‎ ,‎ ,2014,712,598,‎ ,‎ ,‎ ,‎ ,‎ ,‎ ,6,5,0.20833333333333334,5 / 24,2
/1ytb//A/HOH`528/O,,"23.981,54.943,68.68",528,1,58.56,‎ ,‎ ,‎ ,‎ ,‎ ,‎ ,528,‎ ,‎ ,‎ ,‎ ,‎ ,2166,‎ ,‎ ,‎ ,‎ ,‎ ,‎ ,‎ ,‎ ,‎ ,‎ ,‎ ,‎ ,‎ ,‎ ,344,‎ ,‎ ,‎ ,‎ ,‎ ,3,3,0.125,3 / 24,2
/1ytb//A/HOH`527/O,,"38.88,58.237,56.984",527,1,51.99,‎ ,‎ ,‎ ,‎ ,‎ ,‎ ,527,‎ ,‎ ,‎ ,‎ ,‎ ,‎ ,‎ ,‎ ,2100,‎ ,‎ ,‎ ,‎ ,2068,‎ ,‎ ,‎ ,‎ ,‎ ,‎ ,‎ ,‎ ,‎ ,‎ ,461,‎ ,4,4,0.16666666666666666,4 / 24,2
/1ytb//A/HOH`526/O,,"35.901,58.332,53.69",526,1,50.5,‎ ,‎ ,‎ ,‎ ,‎ ,‎ ,526,‎ ,‎ ,‎ ,‎ ,‎ ,‎ ,‎ ,‎ ,‎ ,‎ ,‎ ,‎ ,‎ ,‎ ,‎ ,‎ ,‎ ,2176,796,934,‎ ,‎ ,‎ ,‎ ,‎ ,‎ ,4,3,0.125,3 / 24,2
/1ytb//A/HOH`525/O,,"31.331,62.598,54.071",525,1,57.47,‎ ,‎ ,‎ ,‎ ,‎ ,‎ ,525,‎ ,‎ ,‎ ,‎ ,‎ ,‎ ,‎ ,‎ ,‎ ,‎ ,‎ ,‎ ,‎ ,‎ ,‎ ,‎ ,‎ ,‎ ,734,852,‎ ,‎ ,‎ ,‎ ,‎ ,‎ ,3,2,0.08333333333333333,2 / 24,2
/1ytb//A/HOH`523/O,,"29.407,40.956,43.168",523,1,51.6,‎ ,‎ ,‎ ,409,‎ ,‎ ,523,1054,441,‎ ,‎ ,‎ ,2136,‎ ,‎ ,‎ ,‎ ,‎ ,‎ ,‎ ,‎ ,2133,‎ ,2062,‎ ,564,882,‎ ,‎ ,‎ ,‎ ,468,‎ ,10,9,0.375,9 / 24,3
/1ytb//C/HOH`522/O,,"13.718,39.712,54.519",522,1,63.55,‎ ,‎ ,‎ ,425,‎ ,‎ ,522,‎ ,‎ ,‎ ,‎ ,223,‎ ,‎ ,‎ ,‎ ,‎ ,‎ ,‎ ,‎ ,‎ ,2013,‎ ,‎ ,2013,‎ ,936,‎ ,‎ ,‎ ,‎ ,‎ ,‎ ,6,6,0.25,6 / 24,3
/1ytb//A/HOH`521/O,,"22.45,45.933,45.469",521,1,51.97,‎ ,‎ ,‎ ,‎ ,‎ ,‎ ,521,‎ ,‎ ,‎ ,‎ ,‎ ,‎ ,‎ ,‎ ,‎ ,‎ ,‎ ,‎ ,‎ ,‎ ,‎ ,‎ ,‎ ,‎ ,‎ ,‎ ,‎ ,‎ ,‎ ,‎ ,473,‎ ,2,2,0.08333333333333333,2 / 24,2
/1ytb//A/HOH`519/O,,"25.94,37.272,43.412",519,1,49.07,‎ ,‎ ,‎ ,‎ ,‎ ,‎ ,519,1121,368,‎ ,‎ ,479,‎ ,‎ ,‎ ,‎ ,‎ ,‎ ,‎ ,‎ ,‎ ,‎ ,‎ ,‎ ,‎ ,‎ ,‎ ,‎ ,‎ ,‎ ,‎ ,‎ ,‎ ,4,4,0.16666666666666666,4 / 24,2
/1ytb//A/HOH`514/O,,"31.105,23.833,57.708",514,1,43.75,1722,‎ ,‎ ,270,‎ ,‎ ,514,‎ ,398,‎ ,‎ ,441,2055,2063,2059,2065,2053,2027,2042,2034,2052,‎ ,‎ ,‎ ,‎ ,‎ ,‎ ,332,330,316,‎ ,‎ ,‎ ,17,13,0.5416666666666666,13 / 24,4
/1ytb//A/HOH`513/O,,"35.759,25.417,44.619",513,1,53.17,‎ ,‎ ,‎ ,279,‎ ,‎ ,513,‎ ,‎ ,‎ ,‎ ,‎ ,‎ ,2039,2071,‎ ,2070,‎ ,‎ ,‎ ,‎ ,‎ ,‎ ,‎ ,‎ ,607,675,‎ ,‎ ,‎ ,‎ ,‎ ,‎ ,7,6,0.25,6 / 24,2
/1ytb//A/HOH`511/O,,"23.599,32.965,38.607",511,1,66.37,‎ ,‎ ,‎ ,297,‎ ,‎ ,511,1193,377,‎ ,‎ ,‎ ,‎ ,‎ ,‎ ,‎ ,‎ ,‎ ,‎ ,‎ ,‎ ,‎ ,‎ ,‎ ,‎ ,‎ ,738,‎ ,‎ ,‎ ,‎ ,‎ ,‎ ,5,5,0.20833333333333334,5 / 24,3
/1ytb//A/HOH`506/O,,"31.204,43.185,41.549",506,1,37.66,‎ ,‎ ,‎ ,314,‎ ,‎ ,506,1021,362,‎ ,‎ ,473,2138,2135,2132,‎ ,2117,‎ ,‎ ,‎ ,‎ ,‎ ,‎ ,‎ ,‎ ,‎ ,‎ ,‎ ,360,‎ ,‎ ,‎ ,‎ ,10,10,0.4166666666666667,10 / 24,3
/1ytb//A/HOH`505/O,,"11.071,45.148,63.257",505,1,50.34,‎ ,‎ ,‎ ,319,‎ ,‎ ,505,‎ ,418,‎ ,‎ ,‎ ,2126,2122,‎ ,‎ ,‎ ,‎ ,‎ ,‎ ,‎ ,‎ ,‎ ,‎ ,2141,‎ ,474,‎ ,‎ ,‎ ,327,‎ ,‎ ,8,8,0.3333333333333333,8 / 24,3
/1ytb//A/HOH`504/O,,"23.902,57.556,64.668",504,1,45.56,‎ ,‎ ,‎ ,427,‎ ,‎ ,504,‎ ,‎ ,‎ ,‎ ,‎ ,2110,2106,2102,‎ ,2096,2055,‎ ,2070,‎ ,2111,2070,2046,2118,819,507,343,‎ ,‎ ,‎ ,‎ ,‎ ,15,14,0.5833333333333334,14 / 24,2
/1ytb//C/HOH`501/O,,"16.833,23.137,60.593",501,1,52.8,‎ ,‎ ,‎ ,‎ ,‎ ,‎ ,501,‎ ,‎ ,‎ ,‎ ,238,‎ ,‎ ,‎ ,‎ ,‎ ,‎ ,‎ ,‎ ,‎ ,‎ ,‎ ,‎ ,‎ ,‎ ,782,‎ ,‎ ,‎ ,‎ ,‎ ,‎ ,3,3,0.125,3 / 24,3
/1ytb//A/HOH`500/O,,"37.586,14.407,52.152",500,1,54.58,‎ ,‎ ,‎ ,‎ ,398,‎ ,500,‎ ,‎ ,‎ ,‎ ,‎ ,‎ ,‎ ,‎ ,‎ ,‎ ,2043,‎ ,‎ ,‎ ,‎ ,‎ ,‎ ,‎ ,‎ ,‎ ,‎ ,‎ ,‎ ,‎ ,‎ ,‎ ,3,3,0.125,3 / 24,2
/1ytb//A/HOH`499/O,,"24.453,13.567,62.487",499,1,57.2,‎ ,‎ ,‎ ,‎ ,‎ ,‎ ,499,‎ ,‎ ,‎ ,‎ ,483,‎ ,‎ ,‎ ,‎ ,‎ ,‎ ,‎ ,‎ ,‎ ,‎ ,‎ ,‎ ,‎ ,‎ ,‎ ,‎ ,‎ ,‎ ,‎ ,‎ ,‎ ,2,2,0.08333333333333333,2 / 24,2
/1ytb//A/HOH`496/O,,"20.868,3.823,37.229",496,1,44.33,‎ ,‎ ,‎ ,‎ ,‎ ,‎ ,496,‎ ,‎ ,‎ ,‎ ,‎ ,‎ ,‎ ,‎ ,‎ ,‎ ,‎ ,‎ ,‎ ,‎ ,‎ ,‎ ,‎ ,‎ ,‎ ,609,‎ ,‎ ,‎ ,‎ ,‎ ,‎ ,2,2,0.08333333333333333,2 / 24,2
/1ytb//A/HOH`495/O,,"41.58,31.576,54.726",495,1,46.84,‎ ,‎ ,‎ ,‎ ,‎ ,‎ ,495,1166,‎ ,‎ ,‎ ,‎ ,‎ ,‎ ,‎ ,‎ ,‎ ,‎ ,‎ ,‎ ,‎ ,‎ ,‎ ,‎ ,‎ ,‎ ,744,‎ ,‎ ,‎ ,‎ ,‎ ,‎ ,3,3,0.125,3 / 24,3
/1ytb//B/HOH`493/O,,"28.752,26.349,36.024",493,1,33.47,‎ ,‎ ,‎ ,362,‎ ,‎ ,493,‎ ,‎ ,‎ ,‎ ,‎ ,‎ ,‎ ,‎ ,‎ ,‎ ,‎ ,‎ ,‎ ,‎ ,‎ ,‎ ,‎ ,‎ ,‎ ,‎ ,‎ ,‎ ,‎ ,‎ ,‎ ,‎ ,2,2,0.08333333333333333,2 / 24,1
/1ytb//C/HOH`491/O,,"12.338,39.123,57.561",491,1,41.15,‎ ,‎ ,‎ ,‎ ,‎ ,‎ ,491,‎ ,‎ ,‎ ,‎ ,‎ ,‎ ,‎ ,2007,‎ ,2007,‎ ,‎ ,‎ ,‎ ,‎ ,‎ ,‎ ,2010,‎ ,735,‎ ,‎ ,‎ ,‎ ,‎ ,‎ ,5,5,0.20833333333333334,5 / 24,2
/1ytb//A/HOH`487/O,,"15.569,54.313,54.514",487,1,50.6,‎ ,‎ ,‎ ,‎ ,‎ ,‎ ,487,‎ ,‎ ,‎ ,‎ ,‎ ,‎ ,‎ ,2115,2124,2103,‎ ,‎ ,‎ ,‎ ,‎ ,‎ ,‎ ,‎ ,‎ ,669,‎ ,‎ ,‎ ,‎ ,‎ ,‎ ,5,4,0.16666666666666666,4 / 24,2
/1ytb//C/HOH`485/O,,"9.087,29.571,40.251",485,1,58.97,‎ ,‎ ,‎ ,‎ ,‎ ,‎ ,485,1201,‎ ,‎ ,‎ ,‎ ,‎ ,‎ ,‎ ,‎ ,‎ ,‎ ,‎ ,‎ ,‎ ,‎ ,‎ ,‎ ,‎ ,‎ ,‎ ,‎ ,‎ ,‎ ,‎ ,‎ ,‎ ,2,2,0.08333333333333333,2 / 24,2
/1ytb//A/HOH`481/O,,"18.511,48.947,51.113",481,1,51.71,‎ ,‎ ,‎ ,305,‎ ,‎ ,481,‎ ,‎ ,‎ ,‎ ,464,‎ ,‎ ,‎ ,‎ ,‎ ,‎ ,‎ ,‎ ,‎ ,‎ ,‎ ,‎ ,‎ ,‎ ,‎ ,‎ ,307,308,311,425,‎ ,7,5,0.20833333333333334,5 / 24,3
/1ytb//C/HOH`478/O,,"22.393,33.683,62.162",478,1,36.23,‎ ,‎ ,‎ ,34,‎ ,‎ ,478,‎ ,26,‎ ,‎ ,‎ ,2027,‎ ,‎ ,‎ ,‎ ,‎ ,‎ ,2016,‎ ,2030,‎ ,2016,2032,588,514,‎ ,‎ ,‎ ,‎ ,‎ ,404,11,10,0.4166666666666667,10 / 24,3
/1ytb//C/HOH`476/O,,"26.143,44.767,69.916",476,1,42.83,‎ ,‎ ,‎ ,60,‎ ,‎ ,476,1110,52,‎ ,‎ ,‎ ,‎ ,‎ ,2036,‎ ,‎ ,2017,‎ ,‎ ,‎ ,‎ ,‎ ,‎ ,‎ ,829,‎ ,‎ ,‎ ,‎ ,‎ ,‎ ,‎ ,7,7,0.2916666666666667,7 / 24,3
/1ytb//A/HOH`475/O,,"31.375,53.548,48.352",475,1,49.46,‎ ,‎ ,‎ ,322,‎ ,‎ ,475,‎ ,404,22,‎ ,411,2128,‎ ,‎ ,‎ ,‎ ,‎ ,‎ ,‎ ,‎ ,‎ ,‎ ,‎ ,2142,461,527,‎ ,‎ ,‎ ,‎ ,‎ ,‎ ,9,7,0.2916666666666667,7 / 24,3
/1ytb//A/HOH`473/O,,"38.25,35.416,44.595",473,1,26.78,‎ ,‎ ,‎ ,‎ ,‎ ,‎ ,473,1018,389,‎ ,‎ ,444,2148,2148,2141,2162,2130,2074,2100,2102,2117,2146,2100,2066,2165,655,490,‎ ,‎ ,‎ ,‎ ,463,‎ ,20,17,0.7083333333333334,17 / 24,3
/1ytb//A/HOH`471/O,,"20.288,51.125,65.038",471,1,27.03,‎ ,‎ ,‎ ,295,‎ ,‎ ,471,‎ ,400,‎ ,‎ ,‎ ,2118,2115,2114,‎ ,2104,2060,‎ ,2080,‎ ,2119,2076,2052,2131,526,475,341,313,332,307,413,‎ ,20,16,0.6666666666666666,16 / 24,3
/1ytb//A/HOH`469/O,,"18.181,55.726,55.108",469,1,73.58,‎ ,‎ ,‎ ,373,‎ ,‎ ,469,1050,385,‎ ,‎ ,408,2120,‎ ,‎ ,2125,‎ ,‎ ,‎ ,‎ ,‎ ,2120,2075,‎ ,‎ ,‎ ,‎ ,‎ ,‎ ,‎ ,‎ ,487,‎ ,10,10,0.4166666666666667,10 / 24,3
/1ytb//A/HOH`467/O,,"31.323,20.732,38.386",467,1,39.07,‎ ,‎ ,‎ ,302,‎ ,‎ ,467,‎ ,342,‎ ,‎ ,426,2091,2091,2089,2097,2080,2047,2058,2059,2077,2095,2056,2037,2099,489,499,‎ ,‎ ,‎ ,‎ ,450,428,21,18,0.75,18 / 24,3
/1ytb//A/HOH`466/O,,"22.909,6.277,51.468",466,1,35.33,‎ ,‎ ,‎ ,‎ ,‎ ,‎ ,466,‎ ,‎ ,‎ ,‎ ,‎ ,‎ ,‎ ,‎ ,2018,‎ ,‎ ,‎ ,‎ ,‎ ,‎ ,‎ ,‎ ,‎ ,‎ ,‎ ,‎ ,‎ ,‎ ,‎ ,‎ ,‎ ,2,2,0.08333333333333333,2 / 24,2
/1ytb//A/HOH`464/O,,"24.114,4.937,40.227",464,1,30.58,‎ ,‎ ,‎ ,392,‎ ,‎ ,464,‎ ,‎ ,‎ ,‎ ,‎ ,‎ ,‎ ,‎ ,2092,‎ ,‎ ,‎ ,‎ ,‎ ,‎ ,‎ ,‎ ,2094,‎ ,666,‎ ,‎ ,‎ ,‎ ,‎ ,‎ ,5,5,0.20833333333333334,5 / 24,2
/1ytb//A/HOH`463/O,,"37.32,27.935,44.391",463,1,31.52,‎ ,‎ ,‎ ,‎ ,‎ ,‎ ,463,‎ ,‎ ,‎ ,‎ ,‎ ,2016,‎ ,‎ ,‎ ,‎ ,‎ ,‎ ,‎ ,‎ ,‎ ,‎ ,‎ ,‎ ,‎ ,‎ ,‎ ,‎ ,‎ ,‎ ,‎ ,‎ ,2,2,0.08333333333333333,2 / 24,2
/1ytb//C/HOH`462/O,,"12.684,21.736,36.21",462,1,48.91,1756,‎ ,‎ ,‎ ,‎ ,‎ ,462,‎ ,‎ ,‎ ,‎ ,‎ ,‎ ,‎ ,2028,2032,2024,‎ ,‎ ,‎ ,‎ ,‎ ,‎ ,2007,‎ ,‎ ,‎ ,‎ ,‎ ,‎ ,‎ ,‎ ,‎ ,6,5,0.20833333333333334,5 / 24,3
/1ytb//A/HOH`461/O,,"23.506,16.094,60.982",461,1,47.61,‎ ,‎ ,‎ ,‎ ,‎ ,‎ ,461,1047,‎ ,‎ ,‎ ,470,‎ ,‎ ,2019,‎ ,‎ ,‎ ,‎ ,‎ ,‎ ,‎ ,‎ ,‎ ,‎ ,‎ ,874,‎ ,‎ ,‎ ,‎ ,‎ ,‎ ,5,5,0.20833333333333334,5 / 24,3
/1ytb//A/HOH`459/O,,"21.396,51.753,46.141",459,1,41.96,‎ ,‎ ,‎ ,400,‎ ,‎ ,459,‎ ,403,‎ ,‎ ,‎ ,‎ ,‎ ,‎ ,‎ ,‎ ,‎ ,‎ ,‎ ,‎ ,‎ ,‎ ,‎ ,‎ ,‎ ,‎ ,‎ ,‎ ,‎ ,‎ ,‎ ,‎ ,3,3,0.125,3 / 24,2
/1ytb//A/HOH`457/O,,"20.308,52.346,48.576",457,1,29.26,‎ ,‎ ,‎ ,393,‎ ,‎ ,457,1105,‎ ,‎ ,‎ ,‎ ,2114,2113,2111,‎ ,2099,2058,‎ ,2079,‎ ,2116,‎ ,2050,2128,562,638,‎ ,‎ ,353,‎ ,490,‎ ,16,15,0.625,15 / 24,3
/1ytb//A/HOH`456/O,,"19.76,57.399,53.72",456,1,43.79,‎ ,‎ ,‎ ,‎ ,‎ ,‎ ,456,‎ ,‎ ,‎ ,‎ ,‎ ,‎ ,‎ ,‎ ,‎ ,2101,‎ ,‎ ,‎ ,‎ ,2112,2072,‎ ,‎ ,‎ ,‎ ,‎ ,‎ ,‎ ,‎ ,471,‎ ,5,5,0.20833333333333334,5 / 24,2
/1ytb//A/HOH`454/O,,"30.596,21.326,34.355",454,1,34.21,‎ ,‎ ,‎ ,354,‎ ,‎ ,454,1074,358,‎ ,‎ ,‎ ,2093,2089,2088,2098,2079,2046,‎ ,‎ ,2076,2098,2059,‎ ,2101,‎ ,600,‎ ,351,‎ ,‎ ,‎ ,‎ ,16,15,0.625,15 / 24,3
/1ytb//A/HOH`450/O,,"8.33,6.245,45.353",450,1,49.42,‎ ,‎ ,‎ ,‎ ,‎ ,‎ ,450,‎ ,‎ ,‎ ,‎ ,‎ ,‎ ,2031,‎ ,‎ ,‎ ,‎ ,‎ ,‎ ,‎ ,‎ ,‎ ,‎ ,‎ ,‎ ,‎ ,‎ ,‎ ,‎ ,‎ ,‎ ,‎ ,2,2,0.08333333333333333,2 / 24,2
/1ytb//A/HOH`449/O,,"25.428,17.72,60.562",449,1,59.52,‎ ,‎ ,‎ ,‎ ,‎ ,‎ ,449,‎ ,‎ ,‎ ,‎ ,‎ ,‎ ,‎ ,2020,2031,2019,‎ ,2012,‎ ,‎ ,‎ ,‎ ,‎ ,‎ ,‎ ,‎ ,‎ ,‎ ,‎ ,‎ ,‎ ,‎ ,5,4,0.16666666666666666,4 / 24,2
/1ytb//A/HOH`448/O,,"29.599,10.829,50.444",448,1,45.06,‎ ,‎ ,‎ ,‎ ,‎ ,‎ ,448,‎ ,433,‎ ,‎ ,‎ ,2084,‎ ,2078,‎ ,‎ ,2042,2054,2051,2071,2089,‎ ,‎ ,2091,617,721,‎ ,‎ ,‎ ,‎ ,‎ ,‎ ,12,10,0.4166666666666667,10 / 24,3
/1ytb//A/HOH`447/O,,"18.889,7.856,37.154",447,1,47.54,1706,‎ ,‎ ,345,‎ ,‎ ,447,‎ ,‎ ,‎ ,‎ ,‎ ,‎ ,‎ ,‎ ,‎ ,‎ ,‎ ,‎ ,‎ ,‎ ,‎ ,‎ ,‎ ,‎ ,‎ ,‎ ,‎ ,‎ ,‎ ,‎ ,‎ ,‎ ,3,3,0.125,3 / 24,2
/1ytb//A/HOH`446/O,,"40.127,29.491,53.61",446,1,50.71,‎ ,‎ ,‎ ,262,‎ ,‎ ,446,‎ ,‎ ,‎ ,‎ ,‎ ,‎ ,2144,‎ ,2157,‎ ,‎ ,2097,2101,‎ ,‎ ,‎ ,‎ ,‎ ,‎ ,702,‎ ,‎ ,‎ ,‎ ,‎ ,‎ ,7,7,0.2916666666666667,7 / 24,2
/1ytb//C/HOH`445/O,,"16.301,35.377,62.631",445,1,54.65,‎ ,‎ ,‎ ,‎ ,‎ ,‎ ,445,‎ ,‎ ,‎ ,‎ ,‎ ,‎ ,‎ ,‎ ,‎ ,‎ ,‎ ,‎ ,‎ ,‎ ,‎ ,‎ ,‎ ,2006,‎ ,716,‎ ,‎ ,‎ ,305,407,301,6,5,0.20833333333333334,5 / 24,2
/1ytb//C/HOH`444/O,,"9.399,33.076,57.757",444,1,51.27,‎ ,‎ ,‎ ,‎ ,‎ ,‎ ,444,‎ ,‎ ,‎ ,‎ ,‎ ,‎ ,‎ ,‎ ,‎ ,‎ ,‎ ,‎ ,‎ ,‎ ,‎ ,‎ ,‎ ,‎ ,‎ ,‎ ,‎ ,‎ ,‎ ,‎ ,330,‎ ,2,2,0.08333333333333333,2 / 24,2
/1ytb//C/HOH`443/O,,"27.194,33.337,66.715",443,1,46.32,‎ ,‎ ,‎ ,‎ ,‎ ,‎ ,443,‎ ,‎ ,‎ ,‎ ,‎ ,2032,2028,‎ ,‎ ,2026,‎ ,‎ ,2018,2021,‎ ,‎ ,‎ ,2030,‎ ,554,‎ ,‎ ,‎ ,‎ ,‎ ,‎ ,8,7,0.2916666666666667,7 / 24,2
/1ytb//C/HOH`442/O,,"25.699,36.483,64.995",442,1,64.05,1615,‎ ,‎ ,28,‎ ,‎ ,442,‎ ,‎ ,‎ ,‎ ,‎ ,‎ ,‎ ,‎ ,‎ ,‎ ,‎ ,‎ ,‎ ,‎ ,‎ ,‎ ,‎ ,‎ ,‎ ,‎ ,‎ ,‎ ,‎ ,‎ ,‎ ,‎ ,3,3,0.125,3 / 24,2
/1ytb//C/HOH`441/O,,"20.424,37.404,66.946",441,1,46.72,‎ ,‎ ,‎ ,33,‎ ,‎ ,441,‎ ,‎ ,‎ ,‎ ,‎ ,2035,‎ ,2038,‎ ,2027,‎ ,‎ ,‎ ,‎ ,‎ ,‎ ,‎ ,2034,597,826,307,321,‎ ,416,319,‎ ,12,9,0.375,9 / 24,2
/1ytb//C/HOH`439/O,,"19.94,41.886,44.657",439,1,37.15,‎ ,‎ ,‎ ,‎ ,‎ ,‎ ,439,‎ ,‎ ,‎ ,‎ ,206,‎ ,2011,2018,‎ ,‎ ,2007,‎ ,‎ ,‎ ,‎ ,‎ ,‎ ,2017,941,725,‎ ,‎ ,‎ ,‎ ,‎ ,‎ ,8,7,0.2916666666666667,7 / 24,3
/1ytb//A/HOH`434/O,,"29.322,52.784,46.183",434,1,34.48,‎ ,1664,‎ ,312,‎ ,‎ ,434,1144,365,‎ ,‎ ,428,‎ ,‎ ,‎ ,2143,‎ ,‎ ,‎ ,‎ ,‎ ,‎ ,‎ ,‎ ,‎ ,505,527,357,‎ ,347,‎ ,‎ ,‎ ,11,9,0.375,9 / 24,4
/1ytb//C/HOH`427/O,,"16.683,39.428,51.496",427,1,43.37,1534,‎ ,‎ ,‎ ,‎ ,‎ ,427,‎ ,‎ ,‎ ,‎ ,‎ ,‎ ,‎ ,2012,‎ ,‎ ,‎ ,‎ ,‎ ,‎ ,2012,2004,‎ ,‎ ,‎ ,‎ ,‎ ,‎ ,‎ ,‎ ,‎ ,‎ ,5,5,0.20833333333333334,5 / 24,3
/1ytb//C/HOH`425/O,,"16.713,28.316,57.388",425,1,41.18,‎ ,‎ ,‎ ,‎ ,‎ ,‎ ,425,‎ ,‎ ,‎ ,‎ ,217,‎ ,‎ ,‎ ,‎ ,‎ ,‎ ,‎ ,‎ ,‎ ,‎ ,‎ ,‎ ,‎ ,‎ ,‎ ,‎ ,‎ ,‎ ,‎ ,‎ ,‎ ,2,2,0.08333333333333333,2 / 24,2
/1ytb//C/HOH`424/O,,"16.404,35.669,65.711",424,1,49.86,‎ ,‎ ,‎ ,300,‎ ,‎ ,424,‎ ,‎ ,‎ ,‎ ,‎ ,‎ ,‎ ,‎ ,‎ ,‎ ,‎ ,‎ ,‎ ,‎ ,‎ ,‎ ,‎ ,‎ ,‎ ,‎ ,‎ ,‎ ,‎ ,‎ ,‎ ,‎ ,2,2,0.08333333333333333,2 / 24,1
/1ytb//A/HOH`423/O,,"9.241,42.719,64.655",423,1,53.32,‎ ,‎ ,‎ ,‎ ,‎ ,‎ ,423,1016,‎ ,‎ ,‎ ,‎ ,‎ ,‎ ,‎ ,‎ ,‎ ,‎ ,‎ ,‎ ,‎ ,‎ ,‎ ,‎ ,‎ ,‎ ,‎ ,‎ ,‎ ,‎ ,‎ ,‎ ,‎ ,2,2,0.08333333333333333,2 / 24,2
/1ytb//A/HOH`422/O,,"24.934,55.426,65.872",422,1,46.56,‎ ,‎ ,‎ ,351,‎ ,‎ ,422,‎ ,‎ ,‎ ,‎ ,‎ ,2165,2105,2157,2115,2093,2082,‎ ,‎ ,‎ ,2110,2109,‎ ,2116,917,842,‎ ,‎ ,‎ ,‎ ,417,‎ ,14,12,0.5,12 / 24,2
/1ytb//A/HOH`421/O,,"25.074,60.907,48.972",421,1,47.16,‎ ,‎ ,‎ ,‎ ,‎ ,‎ ,421,‎ ,‎ ,‎ ,‎ ,‎ ,‎ ,‎ ,‎ ,‎ ,‎ ,‎ ,‎ ,‎ ,‎ ,‎ ,‎ ,‎ ,2126,‎ ,726,‎ ,‎ ,‎ ,‎ ,‎ ,‎ ,3,3,0.125,3 / 24,2
/1ytb//A/HOH`420/O,,"29.357,41.398,71.555",420,1,72.87,‎ ,‎ ,‎ ,40,‎ ,‎ ,420,‎ ,‎ ,‎ ,‎ ,‎ ,‎ ,‎ ,‎ ,‎ ,‎ ,‎ ,‎ ,‎ ,‎ ,‎ ,‎ ,‎ ,‎ ,‎ ,‎ ,‎ ,‎ ,‎ ,‎ ,‎ ,‎ ,2,2,0.08333333333333333,2 / 24,1
/1ytb//A/HOH`416/O,,"37.086,18.954,45.629",416,1,27.24,‎ ,‎ ,‎ ,‎ ,‎ ,‎ ,416,‎ ,‎ ,‎ ,‎ ,‎ ,‎ ,‎ ,‎ ,2089,‎ ,‎ ,‎ ,‎ ,‎ ,‎ ,‎ ,‎ ,‎ ,930,‎ ,‎ ,‎ ,‎ ,‎ ,‎ ,‎ ,3,3,0.125,3 / 24,2
/1ytb//A/HOH`415/O,,"35.048,38.538,63.641",415,1,43.26,‎ ,‎ ,‎ ,394,‎ ,‎ ,415,‎ ,‎ ,‎ ,‎ ,‎ ,‎ ,‎ ,‎ ,‎ ,‎ ,‎ ,‎ ,‎ ,‎ ,‎ ,2009,‎ ,‎ ,868,‎ ,‎ ,‎ ,‎ ,‎ ,‎ ,‎ ,4,4,0.16666666666666666,4 / 24,2
/1ytb//A/HOH`413/O,,"41.27,35.468,58.2",413,1,68.48,‎ ,‎ ,‎ ,‎ ,248,‎ ,413,‎ ,‎ ,‎ ,‎ ,‎ ,‎ ,‎ ,‎ ,‎ ,‎ ,‎ ,‎ ,‎ ,‎ ,‎ ,‎ ,‎ ,‎ ,‎ ,‎ ,‎ ,‎ ,‎ ,‎ ,‎ ,‎ ,2,2,0.08333333333333333,2 / 24,1
/1ytb//C/HOH`411/O,,"19.016,35.576,64.714",411,1,62.55,‎ ,‎ ,‎ ,61,‎ ,‎ ,411,‎ ,‎ ,‎ ,‎ ,‎ ,‎ ,‎ ,‎ ,‎ ,‎ ,‎ ,‎ ,‎ ,‎ ,‎ ,‎ ,‎ ,‎ ,‎ ,‎ ,318,320,‎ ,‎ ,‎ ,‎ ,4,3,0.125,3 / 24,2
/1ytb//C/HOH`410/O,,"4.684,25.572,48.454",410,1,67.08,‎ ,‎ ,‎ ,‎ ,‎ ,‎ ,410,‎ ,‎ ,‎ ,‎ ,‎ ,‎ ,‎ ,‎ ,‎ ,2038,‎ ,2028,2024,‎ ,‎ ,‎ ,2022,‎ ,943,‎ ,‎ ,‎ ,‎ ,‎ ,‎ ,‎ ,6,6,0.25,6 / 24,2
/1ytb//C/HOH`406/O,,"24.852,33.881,65.204",406,1,53.03,1651,‎ ,‎ ,47,‎ ,‎ ,406,1224,45,‎ ,‎ ,‎ ,2030,2027,2028,‎ ,2023,‎ ,‎ ,‎ ,‎ ,‎ ,‎ ,‎ ,2027,‎ ,743,‎ ,‎ ,‎ ,‎ ,‎ ,‎ ,11,11,0.4583333333333333,11 / 24,4
/1ytb//A/HOH`405/O,,"14.951,47.606,65.694",405,1,49.15,‎ ,‎ ,‎ ,411,‎ ,‎ ,405,1160,‎ ,‎ ,‎ ,‎ ,‎ ,2035,2117,‎ ,2032,‎ ,‎ ,‎ ,‎ ,‎ ,2080,‎ ,‎ ,‎ ,‎ ,‎ ,‎ ,‎ ,‎ ,‎ ,‎ ,7,7,0.2916666666666667,7 / 24,3
/1ytb//C/HOH`404/O,,"22.884,31.104,61.471",404,1,50.03,‎ ,‎ ,‎ ,29,‎ ,‎ ,404,‎ ,35,‎ ,‎ ,239,2029,2026,2029,‎ ,2024,2012,‎ ,2017,‎ ,2032,2017,2017,2029,585,495,316,310,318,‎ ,‎ ,‎ ,19,16,0.6666666666666666,16 / 24,3
/1ytb//C/HOH`403/O,,"18.093,36.705,41.175",403,1,69.03,‎ ,‎ ,‎ ,‎ ,‎ ,‎ ,403,‎ ,‎ ,‎ ,‎ ,‎ ,‎ ,‎ ,‎ ,‎ ,‎ ,‎ ,‎ ,‎ ,‎ ,‎ ,‎ ,‎ ,‎ ,‎ ,‎ ,‎ ,‎ ,‎ ,313,‎ ,‎ ,2,2,0.08333333333333333,2 / 24,2
/1ytb//A/HOH`402/O,,"5.948,22.677,47.323",402,1,46.33,‎ ,‎ ,‎ ,‎ ,‎ ,‎ ,402,‎ ,‎ ,‎ ,‎ ,‎ ,‎ ,‎ ,‎ ,‎ ,‎ ,2014,2027,‎ ,2026,‎ ,‎ ,‎ ,‎ ,‎ ,‎ ,‎ ,‎ ,‎ ,‎ ,‎ ,‎ ,4,4,0.16666666666666666,4 / 24,2
/1ytb//C/HOH`401/O,,"12.274,35.664,51.45",401,1,53.45,‎ ,‎ ,‎ ,41,‎ ,‎ ,401,‎ ,‎ ,‎ ,‎ ,‎ ,‎ ,‎ ,‎ ,‎ ,‎ ,‎ ,‎ ,‎ ,‎ ,‎ ,‎ ,‎ ,‎ ,‎ ,‎ ,‎ ,‎ ,‎ ,‎ ,‎ ,‎ ,2,2,0.08333333333333333,2 / 24,1
/1ytb//C/HOH`400/O,,"-0.227,37.594,39.997",400,1,49.35,‎ ,‎ ,‎ ,‎ ,‎ ,‎ ,400,‎ ,‎ ,‎ ,‎ ,‎ ,‎ ,‎ ,‎ ,‎ ,‎ ,‎ ,‎ ,‎ ,‎ ,‎ ,‎ ,‎ ,‎ ,529,‎ ,‎ ,‎ ,‎ ,‎ ,‎ ,‎ ,2,2,0.08333333333333333,2 / 24,2
/1ytb//A/HOH`397/O,,"40.491,42.927,53.088",397,1,53.25,‎ ,‎ ,‎ ,300,‎ ,‎ ,397,‎ ,413,‎ ,‎ ,‎ ,2157,2152,2001,2004,2133,2002,2102,2002,2120,2151,2102,2069,2169,484,446,‎ ,‎ ,‎ ,320,411,‎ ,20,16,0.6666666666666666,16 / 24,3
/1ytb//C/HOH`396/O,,"20.056,33.137,38.337",396,1,44.78,‎ ,‎ ,‎ ,164,‎ ,‎ ,396,1162,45,‎ ,‎ ,235,‎ ,2015,‎ ,‎ ,‎ ,‎ ,‎ ,‎ ,‎ ,2026,‎ ,‎ ,‎ ,‎ ,‎ ,‎ ,‎ ,‎ ,‎ ,‎ ,‎ ,7,7,0.2916666666666667,7 / 24,3
/1ytb//C/HOH`394/O,,"5.203,27.64,38.873",394,1,49.12,‎ ,‎ ,‎ ,‎ ,‎ ,‎ ,394,‎ ,‎ ,‎ ,‎ ,‎ ,2032,‎ ,2038,2038,2029,‎ ,2030,‎ ,2027,‎ ,2016,‎ ,‎ ,‎ ,‎ ,‎ ,303,‎ ,‎ ,‎ ,‎ ,9,8,0.3333333333333333,8 / 24,2
/1ytb//C/HOH`393/O,,"17.684,35.506,44.974",393,1,23.14,‎ ,‎ ,‎ ,245,‎ ,‎ ,393,1142,38,‎ ,‎ ,201,2023,‎ ,‎ ,2020,‎ ,2011,2017,2013,2017,2020,‎ ,2014,2023,848,664,‎ ,310,‎ ,312,‎ ,‎ ,18,16,0.6666666666666666,16 / 24,3
/1ytb//A/HOH`392/O,,"19.026,19.163,34.426",392,1,55.27,‎ ,‎ ,‎ ,336,‎ ,‎ ,392,‎ ,‎ ,‎ ,‎ ,‎ ,‎ ,‎ ,‎ ,‎ ,‎ ,‎ ,‎ ,‎ ,‎ ,‎ ,‎ ,‎ ,‎ ,‎ ,‎ ,‎ ,‎ ,‎ ,‎ ,‎ ,‎ ,2,2,0.08333333333333333,2 / 24,1
/1ytb//A/HOH`390/O,,"23.003,43.2,44.957",390,1,47.77,‎ ,‎ ,‎ ,‎ ,‎ ,‎ ,390,‎ ,‎ ,‎ ,‎ ,‎ ,‎ ,‎ ,‎ ,‎ ,‎ ,2029,‎ ,2093,‎ ,‎ ,‎ ,‎ ,2150,477,685,‎ ,‎ ,‎ ,‎ ,506,‎ ,7,6,0.25,6 / 24,2
/1ytb//C/HOH`389/O,,"7.645,25.981,48.609",389,1,45.17,‎ ,‎ ,‎ ,‎ ,‎ ,‎ ,389,1279,‎ ,‎ ,‎ ,‎ ,‎ ,‎ ,‎ ,‎ ,‎ ,‎ ,‎ ,‎ ,‎ ,‎ ,‎ ,‎ ,‎ ,‎ ,‎ ,‎ ,‎ ,‎ ,‎ ,‎ ,434,3,3,0.125,3 / 24,3
/1ytb//C/HOH`388/O,,"13.675,34.443,59.153",388,1,50.34,‎ ,‎ ,‎ ,‎ ,‎ ,‎ ,388,‎ ,‎ ,‎ ,‎ ,‎ ,‎ ,‎ ,‎ ,‎ ,‎ ,‎ ,‎ ,‎ ,‎ ,‎ ,‎ ,‎ ,2001,‎ ,949,‎ ,‎ ,‎ ,‎ ,‎ ,‎ ,3,3,0.125,3 / 24,2
/1ytb//C/HOH`387/O,,"16.629,32.739,41.811",387,1,50.31,1694,‎ ,‎ ,168,‎ ,‎ ,387,1133,‎ ,‎ ,‎ ,‎ ,2022,2017,2023,‎ ,‎ ,2009,2021,2015,2022,2021,‎ ,2015,‎ ,‎ ,733,‎ ,‎ ,‎ ,‎ ,‎ ,‎ ,14,13,0.5416666666666666,13 / 24,4
/1ytb//C/HOH`386/O,,"12.942,33.944,46.84",386,1,45.58,‎ ,‎ ,‎ ,‎ ,‎ ,‎ ,386,‎ ,39,‎ ,‎ ,‎ ,2014,‎ ,2015,2014,2011,2004,2012,‎ ,2005,2015,‎ ,2004,‎ ,603,‎ ,306,‎ ,316,‎ ,‎ ,‎ ,14,12,0.5,12 / 24,3
/1ytb//C/HOH`384/O,,"11.653,30.189,55.495",384,1,41.86,‎ ,‎ ,‎ ,‎ ,‎ ,‎ ,384,‎ ,‎ ,‎ ,‎ ,216,‎ ,‎ ,‎ ,2017,2013,‎ ,‎ ,‎ ,2007,2018,‎ ,2005,‎ ,‎ ,‎ ,‎ ,‎ ,‎ ,‎ ,‎ ,‎ ,7,7,0.2916666666666667,7 / 24,3
/1ytb//C/HOH`382/O,,"17.162,33.557,56.018",382,1,32.06,1581,‎ ,‎ ,27,‎ ,‎ ,382,‎ ,21,‎ ,‎ ,‎ ,2019,‎ ,‎ ,‎ ,‎ ,2006,2017,‎ ,2012,‎ ,‎ ,‎ ,2018,673,534,‎ ,‎ ,‎ ,‎ ,‎ ,411,12,11,0.4583333333333333,11 / 24,4
/1ytb//C/HOH`381/O,,"17.227,35.549,57.881",381,1,27.89,‎ ,‎ ,‎ ,55,‎ ,‎ ,381,‎ ,24,‎ ,‎ ,225,2011,2005,2009,‎ ,2009,2003,‎ ,‎ ,‎ ,2011,2005,2008,2011,843,466,‎ ,316,‎ ,304,414,‎ ,18,16,0.6666666666666666,16 / 24,3
/1ytb//C/HOH`380/O,,"14.633,36.696,57.453",380,1,32.74,‎ ,1688,‎ ,‎ ,‎ ,‎ ,380,1152,‎ ,‎ ,‎ ,‎ ,2009,‎ ,‎ ,‎ ,‎ ,‎ ,‎ ,‎ ,‎ ,‎ ,‎ ,‎ ,‎ ,‎ ,‎ ,‎ ,‎ ,‎ ,‎ ,‎ ,‎ ,4,4,0.16666666666666666,4 / 24,4
/1ytb//C/HOH`377/O,,"20.399,28.57,59.701",377,1,31.03,1677,‎ ,‎ ,‎ ,‎ ,‎ ,377,‎ ,‎ ,‎ ,‎ ,‎ ,‎ ,‎ ,‎ ,‎ ,‎ ,2008,2002,2012,2011,2025,2012,2009,2021,761,552,‎ ,‎ ,‎ ,‎ ,‎ ,‎ ,12,10,0.4166666666666667,10 / 24,3
/1ytb//C/HOH`376/O,,"13.055,30.524,40.504",376,1,40.23,‎ ,‎ ,‎ ,‎ ,‎ ,‎ ,376,1262,‎ ,‎ ,‎ ,‎ ,‎ ,‎ ,‎ ,‎ ,‎ ,‎ ,‎ ,‎ ,‎ ,‎ ,‎ ,‎ ,‎ ,‎ ,‎ ,‎ ,‎ ,‎ ,309,‎ ,‎ ,3,3,0.125,3 / 24,3
/1ytb//C/HOH`375/O,,"14.298,31.422,42.67",375,1,34.78,1522,‎ ,‎ ,161,‎ ,‎ ,375,1080,31,‎ ,‎ ,‎ ,‎ ,‎ ,‎ ,‎ ,‎ ,‎ ,‎ ,‎ ,‎ ,‎ ,‎ ,‎ ,‎ ,581,695,‎ ,‎ ,‎ ,‎ ,‎ ,‎ ,7,6,0.25,6 / 24,4
/1ytb//C/HOH`374/O,,"15.604,33.439,46.009",374,1,37.17,1593,‎ ,‎ ,‎ ,‎ ,‎ ,374,1111,39,‎ ,‎ ,‎ ,‎ ,‎ ,‎ ,‎ ,‎ ,2010,2019,2014,2015,2022,2012,2016,2021,‎ ,547,‎ ,‎ ,‎ ,308,‎ ,‎ ,14,13,0.5416666666666666,13 / 24,4
/1ytb//C/HOH`371/O,,"15.537,33.546,52.117",371,1,32.03,‎ ,‎ ,‎ ,26,‎ ,‎ ,371,1092,18,‎ ,‎ ,208,2016,2011,‎ ,‎ ,2015,2005,‎ ,2008,‎ ,2019,2008,2007,2015,558,468,321,311,312,401,304,402,22,18,0.75,18 / 24,3
/1ytb//C/HOH`370/O,,"17.723,34.241,60.472",370,1,32.1,‎ ,‎ ,‎ ,58,‎ ,‎ ,370,‎ ,‎ ,‎ ,‎ ,‎ ,‎ ,‎ ,‎ ,‎ ,‎ ,‎ ,‎ ,‎ ,2006,‎ ,‎ ,‎ ,‎ ,‎ ,‎ ,‎ ,‎ ,‎ ,‎ ,‎ ,‎ ,3,3,0.125,3 / 24,2
/1ytb//C/HOH`369/O,,"16.692,36.435,52.631",369,1,38.75,‎ ,‎ ,‎ ,77,‎ ,‎ ,369,1037,27,‎ ,‎ ,212,2015,2008,2010,‎ ,2013,2005,‎ ,2009,2008,‎ ,‎ ,‎ ,2016,718,658,307,‎ ,309,‎ ,435,305,19,16,0.6666666666666666,16 / 24,3
/1ytb//C/HOH`368/O,,"8.335,45.107,56.539",368,1,52.69,‎ ,‎ ,‎ ,‎ ,‎ ,‎ ,368,‎ ,‎ ,‎ ,‎ ,‎ ,‎ ,‎ ,‎ ,‎ ,‎ ,‎ ,‎ ,‎ ,‎ ,‎ ,‎ ,‎ ,‎ ,‎ ,‎ ,‎ ,‎ ,‎ ,‎ ,415,‎ ,2,2,0.08333333333333333,2 / 24,2
/1ytb//C/HOH`367/O,,"24.088,39.699,67.77",367,1,52.36,‎ ,‎ ,‎ ,37,‎ ,‎ ,367,1118,31,‎ ,‎ ,‎ ,2036,2032,2037,‎ ,2029,2018,‎ ,2023,‎ ,‎ ,2021,‎ ,2035,794,530,312,306,311,412,310,409,20,16,0.6666666666666666,16 / 24,3
/1ytb//A/HOH`364/O,,"27.029,47.908,40.663",364,1,37.56,‎ ,‎ ,‎ ,‎ ,‎ ,‎ ,364,‎ ,443,‎ ,‎ ,‎ ,2131,‎ ,‎ ,‎ ,2114,‎ ,‎ ,‎ ,‎ ,2128,‎ ,‎ ,2145,627,652,‎ ,‎ ,‎ ,304,‎ ,‎ ,9,8,0.3333333333333333,8 / 24,3
/1ytb//A/HOH`362/O,,"17.768,49.689,58.878",362,1,24.01,‎ ,‎ ,‎ ,286,‎ ,‎ ,362,1004,351,‎ ,‎ ,459,2127,2124,2121,‎ ,2109,2062,‎ ,2086,‎ ,2124,2082,2056,2135,460,438,319,316,303,312,424,403,23,19,0.7916666666666666,19 / 24,3
/1ytb//A/HOH`361/O,,"20.775,50.537,50.631",361,1,32.4,‎ ,‎ ,‎ ,329,‎ ,‎ ,361,1052,450,‎ ,‎ ,412,2115,2127,2112,‎ ,2112,2059,‎ ,2078,‎ ,2117,2074,2058,2127,546,513,360,325,355,330,477,‎ ,22,18,0.75,18 / 24,3
/1ytb//A/HOH`360/O,,"23.892,48.674,43.817",360,1,52.51,‎ ,‎ ,‎ ,331,‎ ,‎ ,360,‎ ,‎ ,‎ ,‎ ,‎ ,2064,2069,2063,‎ ,2057,‎ ,‎ ,‎ ,‎ ,2069,‎ ,‎ ,2066,‎ ,610,‎ ,‎ ,‎ ,‎ ,‎ ,‎ ,9,9,0.375,9 / 24,2
/1ytb//C/HOH`357/O,,"18.021,38.794,48.538",357,1,47.39,‎ ,‎ ,‎ ,246,‎ ,‎ ,357,‎ ,43,‎ ,‎ ,‎ ,2014,2009,2013,‎ ,2016,‎ ,2015,‎ ,‎ ,‎ ,‎ ,‎ ,‎ ,‎ ,927,‎ ,‎ ,‎ ,‎ ,‎ ,‎ ,9,9,0.375,9 / 24,3
/1ytb//C/HOH`356/O,,"24.941,37.165,67.62",356,1,46.02,‎ ,‎ ,‎ ,53,‎ ,‎ ,356,‎ ,49,‎ ,‎ ,‎ ,2033,2029,2034,‎ ,‎ ,‎ ,‎ ,2021,‎ ,‎ ,‎ ,‎ ,‎ ,586,‎ ,‎ ,‎ ,‎ ,420,312,‎ ,10,9,0.375,9 / 24,3
/1ytb//A/HOH`355/O,,"38.634,48.122,46.986",355,1,41.78,‎ ,‎ ,‎ ,335,‎ ,‎ ,355,‎ ,‎ ,‎ ,‎ ,‎ ,‎ ,‎ ,‎ ,‎ ,‎ ,‎ ,‎ ,‎ ,‎ ,‎ ,‎ ,‎ ,‎ ,‎ ,‎ ,‎ ,‎ ,‎ ,‎ ,‎ ,‎ ,2,2,0.08333333333333333,2 / 24,1
/1ytb//A/HOH`354/O,,"16.292,49.364,56.821",354,1,34.81,‎ ,‎ ,‎ ,419,‎ ,‎ ,354,1025,‎ ,‎ ,‎ ,‎ ,2060,2060,2116,‎ ,2051,‎ ,‎ ,‎ ,‎ ,2066,2077,2002,2052,535,909,‎ ,‎ ,‎ ,‎ ,465,‎ ,14,13,0.5416666666666666,13 / 24,3
/1ytb//A/HOH`353/O,,"19.324,55.245,49.05",353,1,47.67,‎ ,‎ ,‎ ,431,‎ ,‎ ,353,1065,381,‎ ,‎ ,‎ ,2116,‎ ,2109,‎ ,2098,‎ ,‎ ,2077,‎ ,‎ ,‎ ,‎ ,2123,812,521,‎ ,‎ ,‎ ,‎ ,488,‎ ,12,11,0.4583333333333333,11 / 24,3
/1ytb//A/HOH`352/O,,"25.01,46.873,45.55",352,1,33.31,‎ ,‎ ,‎ ,283,‎ ,‎ ,352,1071,349,‎ ,‎ ,463,2130,2128,2124,‎ ,2113,2065,‎ ,2091,‎ ,2127,2086,2060,2144,541,462,339,321,335,325,‎ ,420,22,19,0.7916666666666666,19 / 24,3
/1ytb//A/HOH`351/O,,"23.873,51.484,45.216",351,1,28.88,‎ ,‎ ,‎ ,358,‎ ,‎ ,351,‎ ,386,‎ ,‎ ,440,2129,2126,2127,‎ ,2111,2064,‎ ,2088,‎ ,2130,2085,‎ ,2143,572,645,348,‎ ,337,‎ ,‎ ,430,18,16,0.6666666666666666,16 / 24,3
/1ytb//A/HOH`350/O,,"32.364,45.316,68.197",350,1,40.3,‎ ,‎ ,‎ ,299,‎ ,‎ ,350,1043,417,‎ ,‎ ,‎ ,2104,2140,2134,‎ ,‎ ,2071,‎ ,2097,‎ ,‎ ,2094,‎ ,‎ ,608,‎ ,‎ ,312,‎ ,‎ ,422,‎ ,13,13,0.5416666666666666,13 / 24,3
/1ytb//A/HOH`349/O,,"34.131,31.698,44.394",349,1,27.46,‎ ,‎ ,‎ ,260,‎ ,‎ ,349,1012,352,‎ ,‎ ,434,2143,2143,2137,2155,2127,2072,2096,‎ ,2114,2140,2098,2065,2159,536,537,321,332,317,‎ ,418,‎ ,23,19,0.7916666666666666,19 / 24,3
/1ytb//A/HOH`344/O,,"30.363,11.659,53.317",344,1,29.15,‎ ,‎ ,‎ ,‎ ,‎ ,‎ ,344,‎ ,‎ ,‎ ,‎ ,‎ ,‎ ,‎ ,‎ ,‎ ,‎ ,‎ ,2014,‎ ,‎ ,‎ ,‎ ,‎ ,‎ ,‎ ,‎ ,‎ ,‎ ,‎ ,‎ ,‎ ,‎ ,2,2,0.08333333333333333,2 / 24,2
/1ytb//A/HOH`342/O,,"26.812,23.958,57.739",342,1,40.6,‎ ,‎ ,‎ ,248,‎ ,‎ ,342,‎ ,19,‎ ,‎ ,404,2024,2023,2058,2028,2020,2026,2021,2033,2015,2061,2015,2013,2024,448,443,353,312,329,421,423,427,25,19,0.7916666666666666,19 / 24,3
/1ytb//C/HOH`341/O,,"22.659,23.301,59.881",341,1,50.57,‎ ,‎ ,‎ ,17,‎ ,‎ ,341,‎ ,30,‎ ,‎ ,‎ ,2021,2019,2022,‎ ,‎ ,2007,‎ ,2010,‎ ,2023,2011,2008,2019,672,476,‎ ,‎ ,‎ ,426,‎ ,‎ ,15,14,0.5833333333333334,14 / 24,3
/1ytb//A/HOH`340/O,,"27.519,17.931,62.346",340,1,41.49,‎ ,‎ ,‎ ,‎ ,‎ ,‎ ,340,‎ ,‎ ,‎ ,‎ ,‎ ,‎ ,‎ ,‎ ,2028,‎ ,‎ ,‎ ,‎ ,‎ ,‎ ,‎ ,‎ ,‎ ,‎ ,‎ ,‎ ,‎ ,‎ ,‎ ,‎ ,‎ ,2,2,0.08333333333333333,2 / 24,2
/1ytb//A/HOH`339/O,,"8.693,17.367,43.403",339,1,32.61,‎ ,‎ ,‎ ,337,‎ ,‎ ,339,‎ ,‎ ,‎ ,‎ ,431,‎ ,‎ ,‎ ,‎ ,‎ ,‎ ,‎ ,‎ ,‎ ,‎ ,‎ ,‎ ,‎ ,‎ ,700,‎ ,‎ ,‎ ,‎ ,‎ ,‎ ,4,4,0.16666666666666666,4 / 24,3
/1ytb//A/HOH`338/O,,"5.897,18.648,46.882",338,1,58.92,‎ ,‎ ,‎ ,‎ ,‎ ,‎ ,338,‎ ,‎ ,‎ ,‎ ,446,‎ ,‎ ,‎ ,‎ ,‎ ,‎ ,‎ ,‎ ,‎ ,‎ ,‎ ,‎ ,‎ ,‎ ,‎ ,‎ ,‎ ,‎ ,‎ ,‎ ,‎ ,2,2,0.08333333333333333,2 / 24,2
/1ytb//A/HOH`336/O,,"22.983,11.833,54.465",336,1,28.38,‎ ,‎ ,‎ ,263,‎ ,‎ ,336,‎ ,356,‎ ,‎ ,‎ ,‎ ,‎ ,‎ ,‎ ,2017,‎ ,‎ ,‎ ,‎ ,2029,‎ ,‎ ,‎ ,‎ ,‎ ,382,‎ ,‎ ,‎ ,‎ ,‎ ,6,6,0.25,6 / 24,3
/1ytb//A/HOH`333/O,,"23.962,29.432,36.705",333,1,57.3,‎ ,‎ ,‎ ,276,‎ ,‎ ,333,‎ ,350,‎ ,‎ ,‎ ,2098,‎ ,‎ ,‎ ,‎ ,‎ ,‎ ,‎ ,‎ ,‎ ,‎ ,‎ ,‎ ,728,‎ ,‎ ,‎ ,‎ ,‎ ,‎ ,‎ ,5,5,0.20833333333333334,5 / 24,3
/1ytb//A/HOH`331/O,,"22.674,23.874,38.674",331,1,25.23,1571,‎ ,‎ ,268,‎ ,‎ ,331,‎ ,‎ ,‎ ,‎ ,447,‎ ,‎ ,‎ ,‎ ,‎ ,‎ ,‎ ,‎ ,‎ ,‎ ,2011,‎ ,‎ ,‎ ,‎ ,‎ ,‎ ,‎ ,‎ ,‎ ,‎ ,5,5,0.20833333333333334,5 / 24,4
/1ytb//A/HOH`330/O,,"32.942,24.559,55.639",330,1,32.21,1520,‎ ,‎ ,261,‎ ,‎ ,330,1064,‎ ,‎ ,‎ ,‎ ,2074,2077,2068,2079,2067,2036,2046,2045,2065,2079,2043,2030,2084,455,469,362,336,341,‎ ,447,444,24,19,0.7916666666666666,19 / 24,4
/1ytb//A/HOH`329/O,,"37.378,30.069,54.116",329,1,47.65,‎ ,‎ ,‎ ,278,‎ ,‎ ,329,‎ ,364,‎ ,‎ ,‎ ,2072,2076,2069,2078,2066,2037,2047,2046,2066,2078,2044,‎ ,‎ ,‎ ,‎ ,‎ ,‎ ,‎ ,‎ ,‎ ,‎ ,14,12,0.5,12 / 24,3
/1ytb//A/HOH`328/O,,"37.79,32.877,56.122",328,1,22.47,‎ ,‎ ,‎ ,252,‎ ,‎ ,328,1023,375,‎ ,‎ ,420,2011,2016,2009,2013,2013,2005,2007,2005,2014,2012,2006,‎ ,2020,571,457,361,358,343,‎ ,474,449,24,19,0.7916666666666666,19 / 24,3
/1ytb//A/HOH`327/O,,"37.634,38.856,60.611",327,1,45.5,‎ ,‎ ,‎ ,291,‎ ,‎ ,327,1196,‎ ,‎ ,‎ ,450,2009,2011,2004,2009,2009,‎ ,2005,‎ ,2012,2009,2004,2002,2016,791,574,‎ ,‎ ,‎ ,‎ ,445,406,19,17,0.7083333333333334,17 / 24,3
/1ytb//C/HOH`326/O,,"18.582,37.825,45.931",326,1,28.95,‎ ,‎ ,‎ ,‎ ,‎ ,‎ ,326,‎ ,‎ ,‎ ,‎ ,207,2018,‎ ,‎ ,‎ ,‎ ,‎ ,2014,‎ ,‎ ,‎ ,‎ ,‎ ,2020,776,631,‎ ,‎ ,‎ ,‎ ,‎ ,‎ ,7,6,0.25,6 / 24,3
/1ytb//A/HOH`325/O,,"32.499,28.96,41.328",325,1,29.95,1579,‎ ,‎ ,273,‎ ,‎ ,325,1011,359,‎ ,‎ ,486,2096,2094,2091,2103,2082,‎ ,‎ ,‎ ,‎ ,2099,2060,2040,2108,553,540,356,361,348,‎ ,457,‎ ,21,17,0.7083333333333334,17 / 24,4
/1ytb//A/HOH`322/O,,"36.131,32.854,46.015",322,1,25.65,1611,‎ ,‎ ,245,‎ ,‎ ,322,1015,353,‎ ,‎ ,‎ ,2076,2079,2072,2081,2069,2038,2048,2047,2068,2080,2047,2031,2085,442,492,302,317,302,309,404,409,26,20,0.8333333333333334,20 / 24,4
/1ytb//A/HOH`320/O,,"32.301,14.363,62.309",320,1,48.24,‎ ,‎ ,‎ ,‎ ,‎ ,‎ ,320,‎ ,‎ ,‎ ,‎ ,‎ ,‎ ,‎ ,2054,‎ ,‎ ,‎ ,‎ ,‎ ,‎ ,‎ ,‎ ,‎ ,‎ ,‎ ,‎ ,‎ ,‎ ,‎ ,‎ ,‎ ,‎ ,2,2,0.08333333333333333,2 / 24,2
/1ytb//A/HOH`319/O,,"31.071,13.334,55.366",319,1,28.65,‎ ,‎ ,‎ ,‎ ,‎ ,‎ ,319,‎ ,‎ ,‎ ,‎ ,‎ ,‎ ,‎ ,‎ ,2059,‎ ,2023,2039,2030,2051,‎ ,‎ ,‎ ,‎ ,‎ ,‎ ,‎ ,302,‎ ,‎ ,‎ ,‎ ,7,6,0.25,6 / 24,2
/1ytb//A/HOH`318/O,,"33.264,20.83,58.538",318,1,35.37,‎ ,‎ ,‎ ,‎ ,‎ ,‎ ,318,‎ ,‎ ,‎ ,‎ ,409,‎ ,2064,2057,2064,2048,‎ ,‎ ,‎ ,2054,‎ ,‎ ,‎ ,‎ ,‎ ,‎ ,‎ ,‎ ,‎ ,‎ ,‎ ,‎ ,7,6,0.25,6 / 24,3
/1ytb//A/HOH`316/O,,"29.951,17.834,61.514",316,1,36.81,‎ ,‎ ,‎ ,‎ ,‎ ,‎ ,316,‎ ,‎ ,‎ ,‎ ,485,‎ ,‎ ,‎ ,2056,‎ ,‎ ,2035,‎ ,2048,‎ ,‎ ,‎ ,‎ ,‎ ,752,‎ ,‎ ,‎ ,‎ ,‎ ,‎ ,6,6,0.25,6 / 24,3
/1ytb//A/HOH`315/O,,"24.917,19.366,58.534",315,1,50.86,‎ ,‎ ,‎ ,244,‎ ,‎ ,315,‎ ,348,‎ ,‎ ,452,2059,2066,2049,2066,2044,2028,2033,2036,2046,2052,2034,2022,2072,433,483,358,335,340,‎ ,‎ ,‎ ,22,17,0.7083333333333334,17 / 24,3
/1ytb//A/HOH`313/O,,"8.429,23.655,47.286",313,1,32.74,‎ ,‎ ,‎ ,‎ ,‎ ,‎ ,313,‎ ,29,‎ ,‎ ,‎ ,‎ ,‎ ,‎ ,‎ ,‎ ,‎ ,‎ ,‎ ,‎ ,‎ ,‎ ,‎ ,‎ ,‎ ,‎ ,‎ ,‎ ,‎ ,‎ ,‎ ,‎ ,2,2,0.08333333333333333,2 / 24,2
/1ytb//A/HOH`312/O,,"10.781,18.378,52.325",312,1,32.88,‎ ,‎ ,‎ ,243,‎ ,‎ ,312,‎ ,355,‎ ,‎ ,403,2041,‎ ,‎ ,‎ ,‎ ,‎ ,‎ ,‎ ,‎ ,‎ ,‎ ,‎ ,‎ ,‎ ,‎ ,‎ ,‎ ,‎ ,‎ ,‎ ,‎ ,5,5,0.20833333333333334,5 / 24,3
/1ytb//A/HOH`310/O,,"10.001,12.411,43.245",310,1,35.58,‎ ,‎ ,‎ ,‎ ,‎ ,‎ ,310,‎ ,406,‎ ,‎ ,‎ ,‎ ,2029,2026,2025,2024,‎ ,‎ ,‎ ,‎ ,‎ ,‎ ,‎ ,‎ ,623,759,‎ ,‎ ,‎ ,‎ ,‎ ,‎ ,8,6,0.25,6 / 24,3
/1ytb//A/HOH`309/O,,"11.214,18.758,43.618",309,1,34.6,‎ ,‎ ,‎ ,257,‎ ,‎ ,309,‎ ,‎ ,‎ ,‎ ,424,2039,‎ ,‎ ,‎ ,‎ ,‎ ,‎ ,‎ ,‎ ,‎ ,‎ ,‎ ,‎ ,‎ ,668,‎ ,‎ ,‎ ,316,‎ ,‎ ,6,6,0.25,6 / 24,3
/1ytb//A/HOH`308/O,,"19.582,17.803,36.835",308,1,36.64,‎ ,‎ ,‎ ,259,‎ ,‎ ,308,‎ ,‎ ,‎ ,‎ ,‎ ,‎ ,‎ ,‎ ,‎ ,‎ ,‎ ,‎ ,‎ ,‎ ,‎ ,‎ ,‎ ,‎ ,‎ ,‎ ,‎ ,‎ ,‎ ,‎ ,‎ ,‎ ,2,2,0.08333333333333333,2 / 24,1
/1ytb//B/HOH`307/O,,"25.365,27.118,36.784",307,1,44.07,‎ ,‎ ,‎ ,328,‎ ,‎ ,307,‎ ,‎ ,‎ ,‎ ,‎ ,‎ ,‎ ,‎ ,‎ ,‎ ,‎ ,‎ ,‎ ,‎ ,‎ ,‎ ,‎ ,‎ ,‎ ,‎ ,‎ ,‎ ,‎ ,‎ ,‎ ,‎ ,2,2,0.08333333333333333,2 / 24,1
/1ytb//A/HOH`305/O,,"24.986,25.519,38.755",305,1,29.7,1720,‎ ,‎ ,247,‎ ,‎ ,305,1003,341,‎ ,‎ ,413,2094,2088,2086,2100,2078,2045,2060,‎ ,2075,2097,2058,2038,2103,486,616,311,322,312,329,‎ ,425,25,21,0.875,21 / 24,4
/1ytb//A/HOH`304/O,,"28.175,25.359,49.748",304,1,22.35,‎ ,‎ ,‎ ,253,‎ ,‎ ,304,‎ ,340,‎ ,‎ ,402,2014,‎ ,‎ ,‎ ,‎ ,‎ ,‎ ,‎ ,‎ ,‎ ,‎ ,‎ ,‎ ,‎ ,447,337,349,333,‎ ,‎ ,‎ ,9,7,0.2916666666666667,7 / 24,3
/1ytb//A/HOH`303/O,,"35.653,30.69,58.197",303,1,40.76,‎ ,‎ ,‎ ,327,‎ ,‎ ,303,‎ ,‎ ,‎ ,‎ ,‎ ,2012,2015,2010,‎ ,2014,2006,‎ ,2006,2015,2011,2007,2006,2021,625,557,350,340,334,‎ ,432,‎ ,19,15,0.625,15 / 24,2
/1ytb//A/HOH`302/O,,"38.652,35.201,54.829",302,1,47.61,‎ ,‎ ,‎ ,241,‎ ,‎ ,302,1017,395,‎ ,‎ ,429,2154,2150,2006,2165,2012,2077,2101,2105,2119,2150,2101,2068,2168,445,457,310,348,311,303,415,417,26,20,0.8333333333333334,20 / 24,3
/1ytb//A/HOH`301/O,,"37.269,40.684,62.595",301,1,28.83,‎ ,‎ ,‎ ,288,‎ ,‎ ,301,1098,‎ ,‎ ,‎ ,442,2105,2101,2095,2107,2089,‎ ,2067,2063,2083,‎ ,2064,‎ ,‎ ,531,‎ ,‎ ,350,361,‎ ,486,‎ ,17,14,0.5833333333333334,14 / 24,3
